id,title,isMarketParty,backgroundImage,commentCount,minimumOrderValue,code,status,area,countReview,isExpressPin,logo,isOpen,preOrderEnabled,deliveryTime,discountValueForView,rating,__typename
56243,سوپرمارکت هایپر احمدی (ولنجک),False,https://cdn.snapp.express/media/cache/vendor_item_cover/uploads/images/vendors/covers/60a63da6b72e0.jpg,46169,80000,0j4yq6,ACTIVE,ولنجک,1147,False,https://cdn.snapp.express/media/cache/vendor_logo/uploads/images/vendors/logos/default.png,True,False,45,,8.2,VendorListItem
67057,سوپرمارکت الماس (زعفرانیه),False,https://cdn.snapp.express/media/cache/vendor_item_cover/uploads/images/vendors/covers/60ab50540e591.jpg,44360,80000,0q5m4y,ACTIVE,زعفرانيه,1182,False,https://cdn.snapp.express/media/cache/vendor_logo/uploads/images/vendors/logos/64bbc55244741.png,True,False,45,,8.6,VendorListItem
113061,سوپرمارکت ولنجک (ولنجک),False,https://cdn.snapp.express/media/cache/vendor_item_cover/uploads/images/vendors/covers/65757205d7a53.jpg,0,80000,p8e7dy,ACTIVE,ولنجک,4,False,https://cdn.snapp.express/media/cache/vendor_logo/uploads/images/vendors/logos/65757205d1d39.png,True,False,45,,7.6,VendorListItem
112654,سوپرمارکت هایپر نیاز زاده (زعفرانیه),False,https://cdn.snapp.express/media/cache/vendor_item_cover/uploads/images/vendors/covers/650944fd11588.jpg,0,80000,p6zjke,ACTIVE,زعفرانيه,19,False,https://cdn.snapp.express/media/cache/vendor_logo/uploads/images/vendors/logos/650944fd0cf9a.png,True,False,45,,8.0,VendorListItem
112967,سوپرمارکت نادرلند (زعفرانیه),False,https://cdn.snapp.express/media/cache/vendor_item_cover/uploads/images/vendors/covers/654f5a1099313.jpg,0,80000,0jj4nv,ACTIVE,زعفرانيه,5,False,https://cdn.snapp.express/media/cache/vendor_logo/uploads/images/vendors/logos/654f5a1092bce.png,True,False,45,,7.0,VendorListItem
107608,اسمارت تجریش (سوپرمارکت زنجیره ای اسنپ),False,https://cdn.snapp.express/media/cache/vendor_item_cover/uploads/images/vendors/covers/65231160a480e.png,104292,100000,0ldwyz,ACTIVE,دربند,8511,True,https://cdn.snapp.express/media/cache/vendor_logo/uploads/images/vendors/logos/652311609f277.png,True,False,45,,8.4,VendorListItem
113333,فروشگاه هیرو (شوینده بهداشتی),False,,0,180000,0q15vd,ACTIVE,گلاب دره,0,False,https://cdn.snapp.express/media/cache/vendor_logo/uploads/images/vendors/logos/65e6fb4b9cc5c.jpg,True,False,45,,0.0,VendorListItem
112574,هایپراستار پارک سنتر پاسداران (همواره تخفیف),False,,0,90000,09ewqn,ACTIVE,اقدسیه,41,False,https://cdn.snapp.express/media/cache/vendor_logo/uploads/images/vendors/logos/64e325b71dba9.png,True,False,45,,8.0,VendorListItem
56682,سوپرمارکت 110 (نیاوران),False,https://cdn.snapp.express/media/cache/vendor_item_cover/uploads/images/vendors/covers/60a76da910914.jpg,24751,80000,pz8eg2,ACTIVE,نياوران,503,False,https://cdn.snapp.express/media/cache/vendor_logo/uploads/images/vendors/logos/default.png,True,False,45,,8.0,VendorListItem
111665,سوپرمارکت یاران دریان کامرانیه (نیاوران),False,https://cdn.snapp.express/media/cache/vendor_item_cover/uploads/images/vendors/covers/634fc37f3400c.jpg,1090,80000,3ee5nv,ACTIVE,دزاشيب,76,False,https://cdn.snapp.express/media/cache/vendor_logo/uploads/images/vendors/logos/64342e475771d.png,True,False,45,,8.2,VendorListItem
109375,سوپرمارکت من مارکت (نیاوران),False,https://cdn.snapp.express/media/cache/vendor_item_cover/uploads/images/vendors/covers/61a62c8555d65.jpg,7931,80000,3d7667,ACTIVE,نياوران,273,False,https://cdn.snapp.express/media/cache/vendor_logo/uploads/images/vendors/logos/default.png,True,False,45,,8.6,VendorListItem
113937,سوپرمارکت هایپر سالار (آجودانیه),False,,0,80000,p8egqm,ACTIVE,كاشانک,5,False,https://cdn.snapp.express/media/cache/vendor_logo/uploads/images/vendors/logos/66718f8450aa1.jpg,True,False,45,,0.0,VendorListItem
113855,سوپرمارکت طایی (نیاوران),False,,0,80000,0mjmor,ACTIVE,كاشانک,2,False,https://cdn.snapp.express/media/cache/vendor_logo/uploads/images/vendors/logos/6649ac72c889d.png,True,False,45,,0.0,VendorListItem
114085,جانبو گلابدره(همواره تخفیف),False,https://cdn.snapp.express/media/cache/vendor_item_cover/uploads/images/vendors/covers/66a0a6008ecb3.png,0,90000,p8ed52,ACTIVE,گلاب دره,0,False,https://cdn.snapp.express/media/cache/vendor_logo/uploads/images/vendors/logos/66a0a60088ebd.jpg,True,False,45,,0.0,VendorListItem
64882,هایپراستار جماران(همواره تخفیف),False,https://cdn.snapp.express/media/cache/vendor_item_cover/uploads/images/vendors/covers/64342c693de82.png,58141,150000,pz8lzo,ACTIVE,جماران,1816,False,https://cdn.snapp.express/media/cache/vendor_logo/uploads/images/vendors/logos/64342c5ac47df.png,True,False,45,,8.4,VendorListItem
112043,جانبو امام زاده قاسم تهران (همواره تخفیف),False,https://cdn.snapp.express/media/cache/vendor_item_cover/uploads/images/vendors/covers/63ebec997fc34.png,0,100000,0jjnk6,ACTIVE,FIXME,0,False,https://cdn.snapp.express/media/cache/vendor_logo/uploads/images/vendors/logos/66a1014138537.jpg,True,False,45,,0.0,VendorListItem
111044,سوپر مارکت تیهو (نیاوران),False,https://cdn.snapp.express/media/cache/vendor_item_cover/uploads/images/vendors/covers/62ce7e7f0ccaf.jpg,1234,80000,3kjneg,ACTIVE,امامزاده قاسم,99,False,https://cdn.snapp.express/media/cache/vendor_logo/uploads/images/vendors/logos/default.png,True,False,45,,7.4,VendorListItem
20603,سوپرمارکت لاکچری (تجریش),False,https://cdn.snapp.express/media/cache/vendor_item_cover/uploads/images/vendors/covers/655bce76e4dc0.jpg,130017,80000,3dqwzw,ACTIVE,دزاشيب,2654,False,https://cdn.snapp.express/media/cache/vendor_logo/uploads/images/vendors/logos/653161e42e4da.jpeg,True,False,45,,8.6,VendorListItem
110585,سوپرمارکت تهرانتو (بوکان),False,https://cdn.snapp.express/media/cache/vendor_item_cover/uploads/images/vendors/covers/6288ceac1a5ae.jpg,471,80000,p8okkr,ACTIVE,امامزاده قاسم,31,False,https://cdn.snapp.express/media/cache/vendor_logo/uploads/images/vendors/logos/default.png,True,False,45,,8.4,VendorListItem
112756,سوپرمارکت زی مارکت (نیاوران),False,https://cdn.snapp.express/media/cache/vendor_item_cover/uploads/images/vendors/covers/6521341103ca9.jpg,0,80000,0lj8we,ACTIVE,امامزاده قاسم,6,False,https://cdn.snapp.express/media/cache/vendor_logo/uploads/images/vendors/logos/65213410f2e61.png,True,False,45,,7.2,VendorListItem
113610,فروشگاه آویژه(شوینده بهداشتی),False,,0,180000,pz9kk2,ACTIVE,تجريش,1,False,https://cdn.snapp.express/media/cache/vendor_logo/uploads/images/vendors/logos/65ed86c544430.jpg,True,False,45,,9.0,VendorListItem
71484,سوپرمارکت نوبخت (میدان قدس),False,https://cdn.snapp.express/media/cache/vendor_item_cover/uploads/images/vendors/covers/60ab484cb1621.jpg,6905,80000,pogozk,ACTIVE,امامزاده قاسم,337,False,https://cdn.snapp.express/media/cache/vendor_logo/uploads/images/vendors/logos/default.png,True,False,45,,7.6,VendorListItem
111775,سوپرمارکت متین (آجودانیه),False,https://cdn.snapp.express/media/cache/vendor_item_cover/uploads/images/vendors/covers/637b19d9ad099.jpg,0,80000,3de5q7,ACTIVE,كاشانک,13,False,https://cdn.snapp.express/media/cache/vendor_logo/uploads/images/vendors/logos/637b19d9a6085.jpg,True,False,45,,8.6,VendorListItem
42980,سوپرمارکت آوا (کاشانک),False,https://cdn.snapp.express/media/cache/vendor_item_cover/uploads/images/vendors/covers/60a4d80c5f0ce.jpg,34882,80000,0l8679,ACTIVE,كاشانک,765,False,https://cdn.snapp.express/media/cache/vendor_logo/uploads/images/vendors/logos/default.png,True,False,45,,8.6,VendorListItem
111658,سوپر مارکت یاران دریان هایپر مرکزی دارآباد (میدان داراباد),False,https://cdn.snapp.express/media/cache/vendor_item_cover/uploads/images/vendors/covers/634a67f9822a0.jpg,1038,70000,pz9nxo,ACTIVE,دارآباد,154,False,https://cdn.snapp.express/media/cache/vendor_logo/uploads/images/vendors/logos/655dc99c8b9db.png,True,False,45,,8.0,VendorListItem
55855,سوپرمارکت تک (تجریش),False,https://cdn.snapp.express/media/cache/vendor_item_cover/uploads/images/vendors/covers/60a6081f2f755.jpg,38041,80000,0m1lry,ACTIVE,دربند,877,False,https://cdn.snapp.express/media/cache/vendor_logo/uploads/images/vendors/logos/default.png,True,False,45,,8.0,VendorListItem
48740,سوپرمارکت میلاد (اقدسیه),False,https://cdn.snapp.express/media/cache/vendor_item_cover/uploads/images/vendors/covers/653396c5a62e4.jpg,114348,80000,3x1974,ACTIVE,كاشانک,2698,False,https://cdn.snapp.express/media/cache/vendor_logo/uploads/images/vendors/logos/653396c59c987.jpg,True,False,45,,7.2,VendorListItem
113934,فروشگاه به قیمت (شوینده بهداشتی),False,,0,180000,pz9k71,ACTIVE,دارآباد,0,False,https://cdn.snapp.express/media/cache/vendor_logo/uploads/images/vendors/logos/666efd749958c.jpg,False,True,45,,0.0,VendorListItem
108828,سوپرمارکت دریان مارکت (مینی سیتی),False,https://cdn.snapp.express/media/cache/vendor_item_cover/uploads/images/vendors/covers/619e08db308d5.jpg,6530,70000,0y9n7d,ACTIVE,شهرک نفت,269,False,https://cdn.snapp.express/media/cache/vendor_logo/uploads/images/vendors/logos/default.png,True,False,45,,7.4,VendorListItem
109450,جانبو لشگرک قایم (همواره تخفیف),False,https://cdn.snapp.express/media/cache/vendor_item_cover/uploads/images/vendors/covers/61b73402357bd.png,976,80000,09jkxq,ACTIVE,مینی سیتی,21,False,https://cdn.snapp.express/media/cache/vendor_logo/uploads/images/vendors/logos/6679674f55c15.jpg,True,False,45,,5.2,VendorListItem
26312,سوپرمارکت باغ گیلاس (ولنجک),False,https://cdn.snapp.express/media/cache/vendor_item_cover/uploads/images/vendors/covers/60a4d6e95172b.jpg,30823,80000,po9e8j,ACTIVE,ولنجک,875,False,https://cdn.snapp.express/media/cache/vendor_logo/uploads/images/vendors/logos/default.png,True,False,45,,7.0,VendorListItem
112996,سوپرمارکت سورنا ولنجک (ولنجک),False,https://cdn.snapp.express/media/cache/vendor_item_cover/uploads/images/vendors/covers/6558b19208dfa.jpg,0,80000,0wqzzz,ACTIVE,ولنجک,11,False,https://cdn.snapp.express/media/cache/vendor_logo/uploads/images/vendors/logos/6558b19200f53.png,True,False,45,,8.8,VendorListItem
59885,سوپرمارکت یاران دریان محمدی (ولنجک),False,https://cdn.snapp.express/media/cache/vendor_item_cover/uploads/images/vendors/covers/5f3b6f33f184b.jpg,10247,80000,p87okg,ACTIVE,ولنجک,283,False,https://cdn.snapp.express/media/cache/vendor_logo/uploads/images/vendors/logos/64342e475771d.png,True,False,45,,7.6,VendorListItem
112932,سوپرمارکت یاران دریان وی ای پی تجریش (تجریش),False,https://cdn.snapp.express/media/cache/vendor_item_cover/uploads/images/vendors/covers/654642f2a198d.jpg,0,80000,0lje2k,ACTIVE,دربند,13,False,https://cdn.snapp.express/media/cache/vendor_logo/uploads/images/vendors/logos/6576beffe3e83.png,True,False,45,,7.8,VendorListItem
111615,سوپرمارکت یاران دریان مژده (نیاوران),False,https://cdn.snapp.express/media/cache/vendor_item_cover/uploads/images/vendors/covers/633aa18f33ad2.jpg,1021,80000,0njn92,ACTIVE,امامزاده قاسم,63,False,https://cdn.snapp.express/media/cache/vendor_logo/uploads/images/vendors/logos/64342e475771d.png,True,False,45,,7.8,VendorListItem
113062,سوپرمارکت یاران دریان عرش اجودانیه (اجودانیه),False,https://cdn.snapp.express/media/cache/vendor_item_cover/uploads/images/vendors/covers/65757dfc335f2.jpg,0,80000,p4z2jn,ACTIVE,كاشانک,11,False,https://cdn.snapp.express/media/cache/vendor_logo/uploads/images/vendors/logos/6576bc0cc847a.png,True,False,45,,8.6,VendorListItem
113368,سوپرمارکت سرو (اقدسیه),False,https://cdn.snapp.express/media/cache/vendor_item_cover/uploads/images/vendors/covers/65bf4b062b32a.jpg,0,70000,3kjodq,ACTIVE,اراج,1,False,https://cdn.snapp.express/media/cache/vendor_logo/uploads/images/vendors/logos/65bf4b05cfa46.png,True,False,45,,7.2,VendorListItem
114044,سوپرمارکت آفر مارکت (فرمانیه),False,,0,80000,3kj7mg,ACTIVE,حكمت,1,False,https://cdn.snapp.express/media/cache/vendor_logo/uploads/images/vendors/logos/669ce39e9e201.jpg,True,False,45,,0.0,VendorListItem
113797,سوپرمارکت دلفین (زعفرانیه),False,,0,80000,0gkrxx,ACTIVE,زعفرانيه,1,False,https://cdn.snapp.express/media/cache/vendor_logo/uploads/images/vendors/logos/6632084c99ba2.png,True,False,45,,0.0,VendorListItem
109489,سوپرمارکت هایپر پرمیوم,False,https://cdn.snapp.express/media/cache/vendor_item_cover/uploads/images/vendors/covers/61c8744c6f710.jpg,1496,90000,3ezk65,ACTIVE,دزاشيب,89,False,https://cdn.snapp.express/media/cache/vendor_logo/uploads/images/vendors/logos/default.png,True,False,45,,7.0,VendorListItem
112075,سوپر مارکت گلستان (اقدسیه),False,https://cdn.snapp.express/media/cache/vendor_item_cover/uploads/images/vendors/covers/6405948cebe32.jpg,0,80000,3de52n,ACTIVE,اقدسیه,19,False,https://cdn.snapp.express/media/cache/vendor_logo/uploads/images/vendors/logos/default.png,True,False,45,,7.0,VendorListItem
84133,سوپرمارکت صبا (زعفرانیه),False,https://cdn.snapp.express/media/cache/vendor_item_cover/uploads/images/vendors/covers/6110cd5b200cd.jpg,3935,80000,0qe6y9,ACTIVE,زعفرانيه,151,False,https://cdn.snapp.express/media/cache/vendor_logo/uploads/images/vendors/logos/default.png,True,False,45,,9.0,VendorListItem
112094,سوپرمارکت یاران دریان هایپر دنیز (زعفرانیه),False,https://cdn.snapp.express/media/cache/vendor_item_cover/uploads/images/vendors/covers/642d34059b4e5.jpg,0,80000,p5zjnn,ACTIVE,زعفرانيه,37,False,https://cdn.snapp.express/media/cache/vendor_logo/uploads/images/vendors/logos/64342e475771d.png,True,False,45,,7.6,VendorListItem
109764,سوپرمارکت یاران دریان بلومارت (فرمانیه),False,https://cdn.snapp.express/media/cache/vendor_item_cover/uploads/images/vendors/covers/61f7bac7f3816.jpg,3007,80000,3xgeq9,ACTIVE,حكمت,119,False,https://cdn.snapp.express/media/cache/vendor_logo/uploads/images/vendors/logos/64342e475771d.png,True,False,45,,8.8,VendorListItem
70323,سوپرمارکت ایفل (فرمانیه),False,https://cdn.snapp.express/media/cache/vendor_item_cover/uploads/images/vendors/covers/60ab4b42387cc.jpg,18311,80000,32xmm2,ACTIVE,حصار بوعلی,427,False,https://cdn.snapp.express/media/cache/vendor_logo/uploads/images/vendors/logos/default.png,True,False,45,,8.6,VendorListItem
111667,سوپرمارکت لوکس 40C (دریانی),False,https://cdn.snapp.express/media/cache/vendor_item_cover/uploads/images/vendors/covers/635697f05f5ac.jpg,124,80000,0jjyw9,ACTIVE,دزاشيب,36,False,https://cdn.snapp.express/media/cache/vendor_logo/uploads/images/vendors/logos/default.png,True,False,45,,6.2,VendorListItem
113971,سوپرمارکت تک فرشته (تجریش),False,,0,80000,32zxyd,ACTIVE,باغ فردوس,0,False,https://cdn.snapp.express/media/cache/vendor_logo/uploads/images/vendors/logos/66798e1edc770.jpg,True,False,45,,0.0,VendorListItem
60766,سوپرمارکت شبانه روزی گلدن استور (ساقدوش-هروی),False,,68406,80000,3756e2,ACTIVE,مبارك آباد - حسين آباد,1979,False,https://cdn.snapp.express/media/cache/vendor_logo/uploads/images/vendors/logos/default.png,True,False,45,,7.0,VendorListItem
112758,سوپرمارکت غفوری (ارتش),False,https://cdn.snapp.express/media/cache/vendor_item_cover/uploads/images/vendors/covers/65213e4fe207e.jpg,0,70000,pz9v21,ACTIVE,دانشگاه -شهرک گلها,6,False,https://cdn.snapp.express/media/cache/vendor_logo/uploads/images/vendors/logos/6521504f410dc.png,True,False,45,,7.8,VendorListItem
111337,سوپرمارکت شیراز (مقدس اردبیلی),False,https://cdn.snapp.express/media/cache/vendor_item_cover/uploads/images/vendors/covers/62fc6fe8db0c9.jpg,442,80000,p8e5o5,ACTIVE,زعفرانيه,36,False,https://cdn.snapp.express/media/cache/vendor_logo/uploads/images/vendors/logos/default.png,True,False,45,,8.4,VendorListItem
112785,سوپرمارکت هایپر مارکت امیر (شریعتی),False,https://cdn.snapp.express/media/cache/vendor_item_cover/uploads/images/vendors/covers/652a55e8b9507.jpg,0,90000,p8e4qm,ACTIVE,حكمت,7,False,https://cdn.snapp.express/media/cache/vendor_logo/uploads/images/vendors/logos/652a55e8ae9e1.png,True,False,45,,7.8,VendorListItem
113673,سوپرمارکت یاران دریان مکس مارت (اندرزگو),False,,0,90000,0gkrk2,ACTIVE,حكمت,12,False,https://cdn.snapp.express/media/cache/vendor_logo/uploads/images/vendors/logos/6603eb6847800.png,True,False,45,,8.6,VendorListItem
70173,سوپرمارکت کوهستان (اقدسیه),False,,13806,80000,0grn7q,ACTIVE,كاشانک,336,False,https://cdn.snapp.express/media/cache/vendor_logo/uploads/images/vendors/logos/6434322655d43.png,True,False,45,,8.4,VendorListItem
70170,سوپرمارکت پاسداران (صاحبقرانیه),False,https://cdn.snapp.express/media/cache/vendor_item_cover/uploads/images/vendors/covers/60ab4c56b39b7.jpg,2707,80000,p55o6e,ACTIVE,حصار بوعلی,80,False,https://cdn.snapp.express/media/cache/vendor_logo/uploads/images/vendors/logos/default.png,True,False,45,,8.8,VendorListItem
112980,فروشگاه هفت مینی سیتی (همواره تخفیف),False,https://cdn.snapp.express/media/cache/vendor_item_cover/uploads/images/vendors/covers/656c66a12c4c3.png,0,80000,0lje8k,ACTIVE,دانشگاه -شهرک گلها,3,False,https://cdn.snapp.express/media/cache/vendor_logo/uploads/images/vendors/logos/656c66a126087.png,True,False,45,,9.2,VendorListItem
111705,سوپرقهوه تلخ (مینی سیتی),False,https://cdn.snapp.express/media/cache/vendor_item_cover/uploads/images/vendors/covers/636bb2035e115.jpg,7,70000,pvqxn5,ACTIVE,دانشگاه -شهرک گلها,3,False,https://cdn.snapp.express/media/cache/vendor_logo/uploads/images/vendors/logos/64345c8734d77.png,True,False,45,,9.43,VendorListItem
48483,سوپرمارکت بام تهران (کوی فراز),False,https://cdn.snapp.express/media/cache/vendor_item_cover/uploads/images/vendors/covers/60a4e5f747aef.jpg,30363,80000,0rv2xv,ACTIVE,فراز,757,False,https://cdn.snapp.express/media/cache/vendor_logo/uploads/images/vendors/logos/default.png,True,False,45,,8.0,VendorListItem
112719,سوپرمارکت دیدمارکت (باشگاه انقلاب),False,https://cdn.snapp.express/media/cache/vendor_item_cover/uploads/images/vendors/covers/651d47644680f.jpg,0,80000,0jjrlq,ACTIVE,آرارات,4,False,https://cdn.snapp.express/media/cache/vendor_logo/uploads/images/vendors/logos/651d47643e41a.png,True,False,45,,6.8,VendorListItem
110157,فروشگاه هفت دزاشیب (همواره تخفیف),False,https://cdn.snapp.express/media/cache/vendor_item_cover/uploads/images/vendors/covers/63f22deb052fd.png,1006,90000,0qljd2,ACTIVE,حكمت,50,False,https://cdn.snapp.express/media/cache/vendor_logo/uploads/images/vendors/logos/64342a4c8225c.png,True,False,45,,9.2,VendorListItem
46901,سوپرمارکت فاطمیه (پل رومی),False,https://cdn.snapp.express/media/cache/vendor_item_cover/uploads/images/vendors/covers/60a4e2d3d8490.jpg,45825,90000,0gy2jr,ACTIVE,قيطريه,975,False,https://cdn.snapp.express/media/cache/vendor_logo/uploads/images/vendors/logos/6624d7eb6f546.jpg,True,False,45,,8.8,VendorListItem
113829,فروشگاه ترو تمیز (شوینده بهداشتی),False,,0,180000,pvq17d,ACTIVE,چیذر,0,False,https://cdn.snapp.express/media/cache/vendor_logo/uploads/images/vendors/logos/664090863fde6.jpg,True,False,45,,0.0,VendorListItem
33304,سوپرمارکت جام جم مرکزی (جردن),False,https://cdn.snapp.express/media/cache/vendor_item_cover/uploads/images/vendors/covers/60a4fcceda2fb.jpg,62766,80000,0ykwem,ACTIVE,امانيه,1681,False,https://cdn.snapp.express/media/cache/vendor_logo/uploads/images/vendors/logos/default.png,True,False,45,,6.4,VendorListItem
113621,سوپرمارکت 110 چیذری (قیطریه),False,,0,90000,31z4j4,ACTIVE,چیذر,3,False,https://cdn.snapp.express/media/cache/vendor_logo/uploads/images/vendors/logos/65f009b70f7ca.png,True,False,45,,8.0,VendorListItem
110353,سوپرمارکت امیران (ازگل),False,https://cdn.snapp.express/media/cache/vendor_item_cover/uploads/images/vendors/covers/62497f4099741.jpg,5034,70000,pvl67x,ACTIVE,ازگل,248,False,https://cdn.snapp.express/media/cache/vendor_logo/uploads/images/vendors/logos/default.png,True,False,45,,8.4,VendorListItem
59840,سوپرمارکت میثم (اوین),False,https://cdn.snapp.express/media/cache/vendor_item_cover/uploads/images/vendors/covers/5f3e36e7a438c.jpg,7271,80000,3x2gvw,ACTIVE,اوين,208,False,https://cdn.snapp.express/media/cache/vendor_logo/uploads/images/vendors/logos/default.png,True,False,45,,8.8,VendorListItem
110794,سوپرمارکت بهمن(زعفرانیه),False,https://cdn.snapp.express/media/cache/vendor_item_cover/uploads/images/vendors/covers/62b96942c92d1.jpg,206,80000,p5z2zv,ACTIVE,محموديه,22,False,https://cdn.snapp.express/media/cache/vendor_logo/uploads/images/vendors/logos/default.png,True,False,45,,7.8,VendorListItem
55554,سوپرمارکت گلستان (دزاشیب),False,https://cdn.snapp.express/media/cache/vendor_item_cover/uploads/images/vendors/covers/60a504b09123e.jpg,18195,90000,p6746w,ACTIVE,حكمت,501,False,https://cdn.snapp.express/media/cache/vendor_logo/uploads/images/vendors/logos/default.png,True,False,45,,8.4,VendorListItem
109659,فروشگاه هفت چیذر(همواره تخفیف),False,https://cdn.snapp.express/media/cache/vendor_item_cover/uploads/images/vendors/covers/63f22eff8ca97.png,1676,90000,0rornv,ACTIVE,چیذر,63,False,https://cdn.snapp.express/media/cache/vendor_logo/uploads/images/vendors/logos/66adf00241f65.png,True,False,45,,8.0,VendorListItem
110563,دیلی مارکت چیذر(همواره تخفیف),False,https://cdn.snapp.express/media/cache/vendor_item_cover/uploads/images/vendors/covers/627bbb8b97e7f.jpg,1121,90000,0nv8m6,ACTIVE,چیذر,48,False,https://cdn.snapp.express/media/cache/vendor_logo/uploads/images/vendors/logos/65b61e0a6195c.jpg,True,False,45,,7.6,VendorListItem
56607,سوپرمارکت هایپر مارکت قیطریه (بلوار صبا),False,https://cdn.snapp.express/media/cache/vendor_item_cover/uploads/images/vendors/covers/60a768ffef1fb.jpg,81414,90000,0m1w9o,ACTIVE,حكمت,1858,False,https://cdn.snapp.express/media/cache/vendor_logo/uploads/images/vendors/logos/default.png,True,False,45,,8.6,VendorListItem
48738,سوپرمارکت شادی (فرمانیه),False,https://cdn.snapp.express/media/cache/vendor_item_cover/uploads/images/vendors/covers/60a4f7786afa5.jpg,53347,70000,p4g85x,ACTIVE,فرمانیه,947,False,https://cdn.snapp.express/media/cache/vendor_logo/uploads/images/vendors/logos/default.png,True,False,45,,8.4,VendorListItem
113946,سوپرمارکت هایپر رضا (فرمانیه),False,,0,80000,p5z56e,ACTIVE,فرمانیه,2,False,https://cdn.snapp.express/media/cache/vendor_logo/uploads/images/vendors/logos/6672e31ad8cfc.jpg,True,False,45,,0.0,VendorListItem
110182,فروشگاه هفت ازگل(همواره تخفیف),False,https://cdn.snapp.express/media/cache/vendor_item_cover/uploads/images/vendors/covers/63f22d429128e.png,819,80000,pzd41j,ACTIVE,ازگل,51,False,https://cdn.snapp.express/media/cache/vendor_logo/uploads/images/vendors/logos/64342a4c8225c.png,True,False,45,,8.8,VendorListItem
69558,اسمارت سعادت آباد (سوپرمارکت زنجیره ای اسنپ),False,https://cdn.snapp.express/media/cache/vendor_item_cover/uploads/images/vendors/covers/6523156ba0f7f.png,120425,100000,pzk621,ACTIVE,آسمان,5820,True,https://cdn.snapp.express/media/cache/vendor_logo/uploads/images/vendors/logos/6523156b9ce36.png,True,False,45,,9.0,VendorListItem
62363,سوپرمارکت یاران دریان سعادت 110 (سعادت آباد),False,https://cdn.snapp.express/media/cache/vendor_item_cover/uploads/images/vendors/covers/60a7800e37ec5.jpg,20370,90000,0nqkdz,ACTIVE,سعادت آباد,519,False,https://cdn.snapp.express/media/cache/vendor_logo/uploads/images/vendors/logos/64342e475771d.png,True,False,45,,8.8,VendorListItem
111515,سوپرمارکت مارکین (سعادت آباد),False,https://cdn.snapp.express/media/cache/vendor_item_cover/uploads/images/vendors/covers/631d86d101998.jpg,1536,80000,0njn7z,ACTIVE,سعادت آباد,109,False,https://cdn.snapp.express/media/cache/vendor_logo/uploads/images/vendors/logos/default.png,True,False,45,,8.8,VendorListItem
112673,سوپرمارکت جام جم صنایع (میدان ارتش),False,https://cdn.snapp.express/media/cache/vendor_item_cover/uploads/images/vendors/covers/6513dd88902a0.jpg,0,70000,0gky1m,ACTIVE,اراج,30,False,https://cdn.snapp.express/media/cache/vendor_logo/uploads/images/vendors/logos/6513dd8889b1b.png,True,False,45,,8.4,VendorListItem
110255,سوپرمارکت گلزار (نوبنیاد),False,https://cdn.snapp.express/media/cache/vendor_item_cover/uploads/images/vendors/covers/622f1ea97c7f4.jpeg,2022,70000,0myr5r,ACTIVE,اراج,70,False,https://cdn.snapp.express/media/cache/vendor_logo/uploads/images/vendors/logos/default.png,True,False,45,,7.0,VendorListItem
38645,سوپرمارکت لاله (بلوار ارتش),False,https://cdn.snapp.express/media/cache/vendor_item_cover/uploads/images/vendors/covers/60a4ff23eaa5a.jpg,54720,75000,31m9m4,ACTIVE,سوهانک,1475,False,https://cdn.snapp.express/media/cache/vendor_logo/uploads/images/vendors/logos/default.png,True,False,45,,8.0,VendorListItem
113130,سوپرمارکت فرشته (فرشته),False,https://cdn.snapp.express/media/cache/vendor_item_cover/uploads/images/vendors/covers/6582f25d10b8b.jpg,0,80000,p6z7vw,ACTIVE,باغ فردوس,2,False,https://cdn.snapp.express/media/cache/vendor_logo/uploads/images/vendors/logos/6582f25d08a6b.png,True,False,45,,8.2,VendorListItem
87324,سوپرمارکت شهربانو (فرشته),False,https://cdn.snapp.express/media/cache/vendor_item_cover/uploads/images/vendors/covers/612b7f76c96d5.jpg,7896,80000,0w4w7g,ACTIVE,باغ فردوس,253,False,https://cdn.snapp.express/media/cache/vendor_logo/uploads/images/vendors/logos/default.png,True,False,45,,6.8,VendorListItem
110222,سوپرمارکت یاران دریان هانتر (الهیه),False,https://cdn.snapp.express/media/cache/vendor_item_cover/uploads/images/vendors/covers/62230eb6b8c62.jpg,1415,80000,p5q4zn,ACTIVE,باغ فردوس,62,False,https://cdn.snapp.express/media/cache/vendor_logo/uploads/images/vendors/logos/64342e475771d.png,True,False,45,,7.4,VendorListItem
36343,سوپرمارکت هدایت (دروس),False,https://cdn.snapp.express/media/cache/vendor_item_cover/uploads/images/vendors/covers/652d89d7c16a9.jpg,78704,85000,0jnqng,ACTIVE,دروس,2520,False,https://cdn.snapp.express/media/cache/vendor_logo/uploads/images/vendors/logos/652d89d7bdcbf.jpg,True,False,45,,8.2,VendorListItem
44156,سوپرمارکت باربد (میدان سرو),False,https://cdn.snapp.express/media/cache/vendor_item_cover/uploads/images/vendors/covers/60a4d986dc119.jpg,87772,80000,0l8er9,ACTIVE,سعادت آباد,2069,False,https://cdn.snapp.express/media/cache/vendor_logo/uploads/images/vendors/logos/default.png,True,False,45,,8.0,VendorListItem
85931,سوپرمارکت یاران دریان جام جم پرواز (فرحزادی),False,https://cdn.snapp.express/media/cache/vendor_item_cover/uploads/images/vendors/covers/612239b996ef9.jpg,3123,80000,0m9m1q,ACTIVE,پرواز,118,False,https://cdn.snapp.express/media/cache/vendor_logo/uploads/images/vendors/logos/64342e475771d.png,True,False,45,,6.8,VendorListItem
18217,سوپرمارکت گلستان (سعادت آباد),False,https://cdn.snapp.express/media/cache/vendor_item_cover/uploads/images/vendors/covers/60a4d28225543.jpg,81218,80000,3e5zy5,ACTIVE,سعادت آباد,2225,False,https://cdn.snapp.express/media/cache/vendor_logo/uploads/images/vendors/logos/default.png,True,False,45,,8.2,VendorListItem
60491,سوپرمارکت مک (فرشته),False,https://cdn.snapp.express/media/cache/vendor_item_cover/uploads/images/vendors/covers/60a78ede8a7b0.jpg,16286,80000,0j45e6,ACTIVE,باغ فردوس,358,False,https://cdn.snapp.express/media/cache/vendor_logo/uploads/images/vendors/logos/default.png,True,False,45,,8.2,VendorListItem
112626,سوپرمارکت مردم مارکت (الهیه),False,https://cdn.snapp.express/media/cache/vendor_item_cover/uploads/images/vendors/covers/64fdc8e2e6d3e.jpg,0,80000,09ew8d,ACTIVE,باغ فردوس,10,False,https://cdn.snapp.express/media/cache/vendor_logo/uploads/images/vendors/logos/64fdc8e2e07d5.png,True,False,45,,6.8,VendorListItem
110160,فروشگاه هفت اختیاریه (همواره تخفیف),False,https://cdn.snapp.express/media/cache/vendor_item_cover/uploads/images/vendors/covers/63f22dd4c7f77.png,1744,90000,po6nyq,ACTIVE,اختیاریه,89,False,https://cdn.snapp.express/media/cache/vendor_logo/uploads/images/vendors/logos/64342a4c8225c.png,True,False,45,,8.0,VendorListItem
112578,سوپرمارکت داب (میدان کاج),False,https://cdn.snapp.express/media/cache/vendor_item_cover/uploads/images/vendors/covers/64e48db432bf5.jpg,0,80000,p6zj6w,ACTIVE,سعادت آباد,15,False,https://cdn.snapp.express/media/cache/vendor_logo/uploads/images/vendors/logos/64e48db429717.png,True,False,45,,8.6,VendorListItem
113440,سوپرمارکت یاران دریان هامون (سیمون بلیوار),False,,0,70000,3xw2e6,ACTIVE,شهرک نفت,1,False,https://cdn.snapp.express/media/cache/vendor_logo/uploads/images/vendors/logos/65d079f6bac10.png,True,False,45,,8.2,VendorListItem
64887,هایپراستار افرا(همواره تخفیف),False,https://cdn.snapp.express/media/cache/vendor_item_cover/uploads/images/vendors/covers/60ab774389bf2.jpg,27531,150000,0nqo22,ACTIVE,پرواز,1102,False,https://cdn.snapp.express/media/cache/vendor_logo/uploads/images/vendors/logos/64342c5ac47df.png,True,False,45,,8.2,VendorListItem
61012,سوپرمارکت علی بابا (میدان کاج),False,https://cdn.snapp.express/media/cache/vendor_item_cover/uploads/images/vendors/covers/60a775009c69d.jpg,12325,80000,poo5lo,ACTIVE,سعادت آباد,812,False,https://cdn.snapp.express/media/cache/vendor_logo/uploads/images/vendors/logos/default.png,True,False,45,,8.2,VendorListItem
83865,جانبو سعادت آباد-شقایق (همواره تخفیف),False,https://cdn.snapp.express/media/cache/vendor_item_cover/uploads/images/vendors/covers/6603d8be94a5e.png,3191,100000,3ew51o,ACTIVE,سعادت آباد,129,False,https://cdn.snapp.express/media/cache/vendor_logo/uploads/images/vendors/logos/6603d8be6db38.jpg,True,False,45,,8.4,VendorListItem
49035,سوپرمارکت آتی (آتی ساز),False,https://cdn.snapp.express/media/cache/vendor_item_cover/uploads/images/vendors/covers/60a4f8924d070.jpg,56230,80000,0rvdvv,ACTIVE,سعادت آباد,1275,False,https://cdn.snapp.express/media/cache/vendor_logo/uploads/images/vendors/logos/default.png,True,False,45,,8.4,VendorListItem
112675,سوپرمارکت گرین مارکت (سعادت اباد),False,https://cdn.snapp.express/media/cache/vendor_item_cover/uploads/images/vendors/covers/6513f1cf09e01.jpg,0,80000,3deg1n,ACTIVE,سعادت آباد,12,False,https://cdn.snapp.express/media/cache/vendor_logo/uploads/images/vendors/logos/6513f1cf0379c.png,True,False,45,,8.2,VendorListItem
112811,سوپرمارکت بلوارمارکت (پاسداران),False,https://cdn.snapp.express/media/cache/vendor_item_cover/uploads/images/vendors/covers/6533acca07c95.jpg,0,80000,0rqvl8,ACTIVE,اختیاریه,1,False,https://cdn.snapp.express/media/cache/vendor_logo/uploads/images/vendors/logos/6533acc9f376b.png,True,False,45,,7.6,VendorListItem
113247,سوپرمارکت استار (دروس),False,https://cdn.snapp.express/media/cache/vendor_item_cover/uploads/images/vendors/covers/659a4bdd2fd59.jpg,0,80000,32zro5,ACTIVE,دروس,23,False,https://cdn.snapp.express/media/cache/vendor_logo/uploads/images/vendors/logos/659a4bdd1282a.png,True,False,45,,8.0,VendorListItem
44220,سوپرمارکت میتا (فرشته),False,https://cdn.snapp.express/media/cache/vendor_item_cover/uploads/images/vendors/covers/60a4dac51607d.jpg,39337,80000,3kvoek,ACTIVE,باغ فردوس,1035,False,https://cdn.snapp.express/media/cache/vendor_logo/uploads/images/vendors/logos/default.png,True,False,45,,7.6,VendorListItem
109844,سوپرمارکت سورنا سرو,False,https://cdn.snapp.express/media/cache/vendor_item_cover/uploads/images/vendors/covers/630c6f4fefc8a.jpg,6227,80000,3k9yqg,ACTIVE,سعادت آباد,337,False,https://cdn.snapp.express/media/cache/vendor_logo/uploads/images/vendors/logos/default.png,True,False,45,,8.6,VendorListItem
111660,سوپرمارکت سهند (سعادت آباد),False,https://cdn.snapp.express/media/cache/vendor_item_cover/uploads/images/vendors/covers/634a822d73a1b.jpg,302,80000,poj9vk,ACTIVE,سعادت آباد,38,False,https://cdn.snapp.express/media/cache/vendor_logo/uploads/images/vendors/logos/default.png,True,False,45,,7.2,VendorListItem
55359,سوپرمارکت هنگامه (بلوار کاوه),False,https://cdn.snapp.express/media/cache/vendor_item_cover/uploads/images/vendors/covers/60a4faba93e2d.jpg,10131,90000,0rxmj9,ACTIVE,اختیاریه,281,False,https://cdn.snapp.express/media/cache/vendor_logo/uploads/images/vendors/logos/default.png,True,False,45,,7.8,VendorListItem
56039,سوپرمارکت شندی 342 (شهرک نفت),False,https://cdn.snapp.express/media/cache/vendor_item_cover/uploads/images/vendors/covers/60a616626bbee.jpg,19924,70000,0nqnd8,ACTIVE,شهرک نفت,698,False,https://cdn.snapp.express/media/cache/vendor_logo/uploads/images/vendors/logos/default.png,True,False,45,,8.4,VendorListItem
111848,سوپرقهوه تینو (پونک),False,https://cdn.snapp.express/media/cache/vendor_item_cover/uploads/images/vendors/covers/6385c8a0a65aa.jpg,9,70000,0wqezq,ACTIVE,کوهسار,11,False,https://cdn.snapp.express/media/cache/vendor_logo/uploads/images/vendors/logos/64345c8734d77.png,True,False,45,,10.0,VendorListItem
55631,سوپرمارکت خوانساری (علامه شمالی),False,https://cdn.snapp.express/media/cache/vendor_item_cover/uploads/images/vendors/covers/60a50a605e7e3.jpg,35695,80000,0m1lxr,ACTIVE,سعادت آباد,899,False,https://cdn.snapp.express/media/cache/vendor_logo/uploads/images/vendors/logos/default.png,True,False,45,,8.4,VendorListItem
113675,سوپرمارکت یاران دریان قلهک (شریعتی),False,,0,70000,3derew,ACTIVE,حسن آباد-زرگنده,7,False,https://cdn.snapp.express/media/cache/vendor_logo/uploads/images/vendors/logos/662613f78f9df.png,True,False,45,,6.8,VendorListItem
50669,سوپرمارکت وحید (چهارراه قنات),False,https://cdn.snapp.express/media/cache/vendor_item_cover/uploads/images/vendors/covers/60a4f9c09cc52.jpg,55996,90000,31l564,ACTIVE,اختیاریه,1455,False,https://cdn.snapp.express/media/cache/vendor_logo/uploads/images/vendors/logos/default.png,True,False,45,,8.4,VendorListItem
112655,سوپرمارکت بلوط دروس (دولت),False,https://cdn.snapp.express/media/cache/vendor_item_cover/uploads/images/vendors/covers/6509476c996cc.jpg,0,80000,0mjzxr,ACTIVE,دروس,187,False,https://cdn.snapp.express/media/cache/vendor_logo/uploads/images/vendors/logos/6509476c927fc.png,True,False,45,,9.4,VendorListItem
110144,فروشگاه هفت دولت(همواره تخفیف),False,https://cdn.snapp.express/media/cache/vendor_item_cover/uploads/images/vendors/covers/63f22e53b4cad.png,1239,90000,3k9m7j,ACTIVE,اختیاریه,50,False,https://cdn.snapp.express/media/cache/vendor_logo/uploads/images/vendors/logos/64342a4c8225c.png,True,False,45,,8.6,VendorListItem
59839,سوپرمارکت سورنا 326 (چهارراه قنات),False,https://cdn.snapp.express/media/cache/vendor_item_cover/uploads/images/vendors/covers/60a655776ff2d.jpg,13551,90000,0nqvxv,ACTIVE,اختیاریه,395,False,https://cdn.snapp.express/media/cache/vendor_logo/uploads/images/vendors/logos/default.png,True,False,45,,8.4,VendorListItem
113427,سوپرمارکت برادران بابایی (جنت آباد),False,https://cdn.snapp.express/media/cache/vendor_item_cover/uploads/images/vendors/covers/65cca1bb5ac6f.jpg,0,70000,3demjg,ACTIVE,جنت آباد شمالی,0,False,https://cdn.snapp.express/media/cache/vendor_logo/uploads/images/vendors/logos/65cca1bb44f1a.png,True,False,45,,7.2,VendorListItem
109669,فروشگاه هفت شهرک نفت (همواره تخفیف),False,https://cdn.snapp.express/media/cache/vendor_item_cover/uploads/images/vendors/covers/63f22e91348f2.png,1497,80000,31qowk,ACTIVE,شهرک نفت,108,False,https://cdn.snapp.express/media/cache/vendor_logo/uploads/images/vendors/logos/64342a4c8225c.png,True,False,45,,8.6,VendorListItem
111618,سوپرمارکت سعادت (سعادت آباد),False,https://cdn.snapp.express/media/cache/vendor_item_cover/uploads/images/vendors/covers/634168419a162.jpg,610,80000,37rjgg,ACTIVE,سعادت آباد,69,False,https://cdn.snapp.express/media/cache/vendor_logo/uploads/images/vendors/logos/default.png,True,False,45,,7.8,VendorListItem
113442,فروشگاه هیمالیا (شوینده بهداشتی),False,,0,180000,37r52g,ACTIVE,دریا,1,False,https://cdn.snapp.express/media/cache/vendor_logo/uploads/images/vendors/logos/65e6fb0c48563.jpg,True,False,45,,0.0,VendorListItem
13884,سوپرمارکت روژان (جردن),False,https://cdn.snapp.express/media/cache/vendor_item_cover/uploads/images/vendors/covers/60a4d22d5c362.jpg,78603,80000,po9qzk,ACTIVE,امانيه,2144,False,https://cdn.snapp.express/media/cache/vendor_logo/uploads/images/vendors/logos/default.png,True,False,45,,8.8,VendorListItem
111297,سوپرمارکت سحر(ظفر),False,https://cdn.snapp.express/media/cache/vendor_item_cover/uploads/images/vendors/covers/62e9208cc28e7.jpg,3065,70000,0gknr2,ACTIVE,حسن آباد-زرگنده,209,False,https://cdn.snapp.express/media/cache/vendor_logo/uploads/images/vendors/logos/default.png,True,False,45,,8.4,VendorListItem
63595,سوپرمارکت یاران دریان فاطیما (دولت),False,https://cdn.snapp.express/media/cache/vendor_item_cover/uploads/images/vendors/covers/60a7a5b961da3.jpg,35101,70000,32rogd,ACTIVE,قلهک,963,False,https://cdn.snapp.express/media/cache/vendor_logo/uploads/images/vendors/logos/64342e475771d.png,True,False,45,,8.6,VendorListItem
28435,سوپرمارکت شایان (دولت),False,https://cdn.snapp.express/media/cache/vendor_item_cover/uploads/images/vendors/covers/60a4fb1c45139.jpg,58096,70000,0rj5qz,ACTIVE,درب دوم,1323,False,https://cdn.snapp.express/media/cache/vendor_logo/uploads/images/vendors/logos/default.png,True,False,45,,8.6,VendorListItem
112809,سوپرمارکت آرون مارکت (دروس),False,https://cdn.snapp.express/media/cache/vendor_item_cover/uploads/images/vendors/covers/65338777a3811.jpg,0,80000,0q1rmx,ACTIVE,دروس,10,False,https://cdn.snapp.express/media/cache/vendor_logo/uploads/images/vendors/logos/653387779c44f.png,True,False,45,,8.8,VendorListItem
109793,جانبو دروس (همواره تخفیف),False,https://cdn.snapp.express/media/cache/vendor_item_cover/uploads/images/vendors/covers/61fa771138918.png,569,100000,31qory,ACTIVE,دروس,21,False,https://cdn.snapp.express/media/cache/vendor_logo/uploads/images/vendors/logos/66a101797d628.jpg,True,False,45,,7.41,VendorListItem
110230,سوپرمارکت هایپر اختیاریه (اختیاریه جنوبی),False,https://cdn.snapp.express/media/cache/vendor_item_cover/uploads/images/vendors/covers/622328f6b1a6c.jpg,2149,80000,p6rxze,ACTIVE,دروس,106,False,https://cdn.snapp.express/media/cache/vendor_logo/uploads/images/vendors/logos/66922f2a0c6bc.jpg,True,False,45,,8.2,VendorListItem
109737,جانبو دولت (همواره تخفیف),False,https://cdn.snapp.express/media/cache/vendor_item_cover/uploads/images/vendors/covers/61f2b33a369c8.png,766,100000,p8oj8m,ACTIVE,اختیاریه,24,False,https://cdn.snapp.express/media/cache/vendor_logo/uploads/images/vendors/logos/64342aba32ce7.png,True,False,45,,7.0,VendorListItem
70378,هایپراستار هدیش (همواره تخفیف),False,https://cdn.snapp.express/media/cache/vendor_item_cover/uploads/images/vendors/covers/606d7a695b8f4.jpg,34446,150000,p62o76,ACTIVE,مبارك آباد - حسين آباد,1429,False,https://cdn.snapp.express/media/cache/vendor_logo/uploads/images/vendors/logos/64342c5ac47df.png,True,False,45,,8.0,VendorListItem
111347,اسمارت پاسداران (سوپرمارکت زنجیره ای اسنپ),False,https://cdn.snapp.express/media/cache/vendor_item_cover/uploads/images/vendors/covers/65231041e8ddd.png,41260,100000,32z7qe,ACTIVE,مبارك آباد - حسين آباد,2507,True,https://cdn.snapp.express/media/cache/vendor_logo/uploads/images/vendors/logos/65231041e3dfb.png,True,False,45,,9.0,VendorListItem
110177,فروشگاه هفت زیتون (همواره تخفیف),False,https://cdn.snapp.express/media/cache/vendor_item_cover/uploads/images/vendors/covers/63f22cf8c808b.png,0,80000,pvl6ev,ACTIVE,المهدی,22,False,https://cdn.snapp.express/media/cache/vendor_logo/uploads/images/vendors/logos/64342a4c8225c.png,True,False,45,,9.0,VendorListItem
109509,جانبو سعادت آباد مطهری (همواره تخفیف),False,https://cdn.snapp.express/media/cache/vendor_item_cover/uploads/images/vendors/covers/61cb04963ec12.png,635,100000,0qlz62,ACTIVE,آسمان,19,False,https://cdn.snapp.express/media/cache/vendor_logo/uploads/images/vendors/logos/66a0fd48d9f72.jpg,True,False,45,,7.19,VendorListItem
112705,سوپرمارکت کیان طاهر خانی (سعادت اباد),False,https://cdn.snapp.express/media/cache/vendor_item_cover/uploads/images/vendors/covers/651a8fbdd56f1.jpg,0,80000,pvqgyx,ACTIVE,آسمان,28,False,https://cdn.snapp.express/media/cache/vendor_logo/uploads/images/vendors/logos/652264da06627.png,True,False,45,,8.2,VendorListItem
113930,سوپرمارکت 110 محسنی (سعادت آباد),False,,0,80000,p6z2mo,ACTIVE,دریا,1,False,https://cdn.snapp.express/media/cache/vendor_logo/uploads/images/vendors/logos/6669a290c106d.jpg,True,False,45,,0.0,VendorListItem
95032,سوپرمارکت ستاره هشتم (جردن),False,https://cdn.snapp.express/media/cache/vendor_item_cover/uploads/images/vendors/covers/616d15c7462fb.jpg,1974,80000,0lg9qz,ACTIVE,امانيه,89,False,https://cdn.snapp.express/media/cache/vendor_logo/uploads/images/vendors/logos/default.png,True,False,45,,8.2,VendorListItem
19903,سوپرمارکت سحر پلاس (زرگنده),False,https://cdn.snapp.express/media/cache/vendor_item_cover/uploads/images/vendors/covers/60a4d3e19707a.jpg,144936,75000,3dq827,ACTIVE,حسن آباد-زرگنده,3460,False,https://cdn.snapp.express/media/cache/vendor_logo/uploads/images/vendors/logos/default.png,True,False,45,,8.6,VendorListItem
113216,تست شایگان,False,,0,45000,3xw2qw,ACTIVE,FIXME,0,False,https://cdn.snapp.express/media/cache/vendor_logo/uploads/images/vendors/logos/default.png,True,False,30,,0.0,VendorListItem
72395,اسمارت میرداماد (سوپرمارکت زنجیره ای اسنپ),False,https://cdn.snapp.express/media/cache/vendor_item_cover/uploads/images/vendors/covers/652508f92502c.png,133646,100000,32xxwe,ACTIVE,میرداماد,6677,True,https://cdn.snapp.express/media/cache/vendor_logo/uploads/images/vendors/logos/6523153b48e9b.png,True,False,45,,8.6,VendorListItem
110523,سوپرمارکت یاران دریان نونهالان(ظفر),False,https://cdn.snapp.express/media/cache/vendor_item_cover/uploads/images/vendors/covers/6270f6c0663e2.jpg,6220,70000,32qlj2,ACTIVE,حسن آباد-زرگنده,364,False,https://cdn.snapp.express/media/cache/vendor_logo/uploads/images/vendors/logos/64342e475771d.png,True,False,45,,8.8,VendorListItem
56448,سوپرمارکت یاران دریان اتحاد (دولت),False,https://cdn.snapp.express/media/cache/vendor_item_cover/uploads/images/vendors/covers/6576c658a2621.jpg,4428,70000,0wze55,ACTIVE,درب دوم,162,False,https://cdn.snapp.express/media/cache/vendor_logo/uploads/images/vendors/logos/6576c6589c501.png,True,False,45,,8.8,VendorListItem
90908,سوپرمارکت شقایق (پاسداران),False,https://cdn.snapp.express/media/cache/vendor_item_cover/uploads/images/vendors/covers/65a38b2b17b2e.jpg,9737,80000,0lgxy9,ACTIVE,دروس,295,False,https://cdn.snapp.express/media/cache/vendor_logo/uploads/images/vendors/logos/65a38b2b07815.png,True,False,45,,8.8,VendorListItem
110210,فروشگاه هفت لویزان (همواره تخفیف),False,https://cdn.snapp.express/media/cache/vendor_item_cover/uploads/images/vendors/covers/63f22c64dc2a2.png,992,90000,pzd49e,ACTIVE,لویزان - شیان,52,False,https://cdn.snapp.express/media/cache/vendor_logo/uploads/images/vendors/logos/64342a4c8225c.png,True,False,45,,8.2,VendorListItem
112829,سوپرمارکت یاران دریان آف مارکت صالحی (جنت اباد),False,https://cdn.snapp.express/media/cache/vendor_item_cover/uploads/images/vendors/covers/653cfc1ea44b7.jpg,0,70000,pvqgd1,ACTIVE,جنت آباد شمالی,8,False,https://cdn.snapp.express/media/cache/vendor_logo/uploads/images/vendors/logos/653cfc1e9f311.png,True,False,45,,8.8,VendorListItem
82762,سوپرمارکت لاکچری نظرلو (شهران),False,https://cdn.snapp.express/media/cache/vendor_item_cover/uploads/images/vendors/covers/61054c950db56.jpg,1473,70000,p47o9y,ACTIVE,شهران شمالی,81,False,https://cdn.snapp.express/media/cache/vendor_logo/uploads/images/vendors/logos/default.png,True,False,45,,8.0,VendorListItem
111619,سوپرمارکت دریا (پونک),False,https://cdn.snapp.express/media/cache/vendor_item_cover/uploads/images/vendors/covers/63426e4ff0503.jpg,325,70000,0jjyx9,ACTIVE,المهدی,57,False,https://cdn.snapp.express/media/cache/vendor_logo/uploads/images/vendors/logos/default.png,True,False,45,,7.4,VendorListItem
106577,سوپرمارکت سلام (بلوار دریا),False,https://cdn.snapp.express/media/cache/vendor_item_cover/uploads/images/vendors/covers/6193b4b4bde49.jpg,5421,80000,pvlv9v,ACTIVE,دریا,223,False,https://cdn.snapp.express/media/cache/vendor_logo/uploads/images/vendors/logos/666dabaea0ca9.jpg,True,False,45,,8.6,VendorListItem
113880,سوپرمارکت دنیز(فرحزادی),False,,0,80000,0ljmon,ACTIVE,آسمان,7,False,https://cdn.snapp.express/media/cache/vendor_logo/uploads/images/vendors/logos/6654864f43966.jpg,True,False,45,,0.0,VendorListItem
112126,سوپرمارکت یاران دریان اولوس (سعادت آباد),False,https://cdn.snapp.express/media/cache/vendor_item_cover/uploads/images/vendors/covers/643e7957d2c64.jpg,0,80000,09e61k,ACTIVE,دریا,27,False,https://cdn.snapp.express/media/cache/vendor_logo/uploads/images/vendors/logos/6576bfccc65ae.png,True,False,45,,8.0,VendorListItem
101717,سوپرمارکت سایه (پارک ملت),False,https://cdn.snapp.express/media/cache/vendor_item_cover/uploads/images/vendors/covers/617fec8769043.jpg,2909,80000,3eze12,ACTIVE,امانيه,155,False,https://cdn.snapp.express/media/cache/vendor_logo/uploads/images/vendors/logos/default.png,True,False,45,,8.0,VendorListItem
110601,سوپرمارکت مگا مارکت دریانی,False,https://cdn.snapp.express/media/cache/vendor_item_cover/uploads/images/vendors/covers/6293537d31be5.jpg,2832,70000,0gkll2,ACTIVE,حسن آباد-زرگنده,169,False,https://cdn.snapp.express/media/cache/vendor_logo/uploads/images/vendors/logos/default.png,True,False,45,,7.8,VendorListItem
112830,سوپرمارکت هدایت گودرزی (شریعتی),False,https://cdn.snapp.express/media/cache/vendor_item_cover/uploads/images/vendors/covers/653cffdcce79b.jpg,0,80000,p6zj9g,ACTIVE,دروس,18,False,https://cdn.snapp.express/media/cache/vendor_logo/uploads/images/vendors/logos/653cffdcc3da4.png,True,False,45,,8.2,VendorListItem
113839,سوپرمارکت دیدمارکت (جردن),False,,0,80000,0njw2v,ACTIVE,امانيه,1,False,https://cdn.snapp.express/media/cache/vendor_logo/uploads/images/vendors/logos/6641e198f28d9.png,True,False,45,,0.0,VendorListItem
113001,فروشگاه آرینا پاسداران (همواره تخفیف),False,,0,90000,0gkgg2,ACTIVE,دروس,6,False,https://cdn.snapp.express/media/cache/vendor_logo/uploads/images/vendors/logos/6644a482382d5.png,True,False,45,,6.6,VendorListItem
113547,فروشگاه سلین (شوینده بهداشتی),False,,0,180000,32zx22,ACTIVE,شهران شمالی,0,False,https://cdn.snapp.express/media/cache/vendor_logo/uploads/images/vendors/logos/65e6f9f70357c.jpg,True,False,45,,0.0,VendorListItem
110010,اسمارت پونک (سوپرمارکت زنجیره ای اسنپ),False,https://cdn.snapp.express/media/cache/vendor_item_cover/uploads/images/vendors/covers/652310922bee8.png,73828,100000,pzdj42,ACTIVE,پونک شمالی,4687,True,https://cdn.snapp.express/media/cache/vendor_logo/uploads/images/vendors/logos/6523109223072.png,True,False,45,,8.6,VendorListItem
84421,جانبو سردارجنگل-زیتون (همواره تخفیف),False,https://cdn.snapp.express/media/cache/vendor_item_cover/uploads/images/vendors/covers/6603df52e7ff7.png,6469,100000,31jmkk,ACTIVE,المهدی,241,False,https://cdn.snapp.express/media/cache/vendor_logo/uploads/images/vendors/logos/6603df52c655f.jpg,True,False,45,,7.4,VendorListItem
44223,سوپرمارکت خاطره (پونک),False,,43307,70000,322r45,ACTIVE,المهدی,1388,False,https://cdn.snapp.express/media/cache/vendor_logo/uploads/images/vendors/logos/default.png,True,False,45,,8.2,VendorListItem
110162,فروشگاه هفت فکوری 2 (همواره تخفیف),False,https://cdn.snapp.express/media/cache/vendor_item_cover/uploads/images/vendors/covers/63f22dcea7fdc.png,1108,80000,p4qojr,ACTIVE,المهدی,52,False,https://cdn.snapp.express/media/cache/vendor_logo/uploads/images/vendors/logos/64342a4c8225c.png,True,False,45,,9.0,VendorListItem
113131,سوپرمارکت زروان (سعادت اباد),False,https://cdn.snapp.express/media/cache/vendor_item_cover/uploads/images/vendors/covers/6582f4bfa5ce1.jpg,0,80000,0mj15v,ACTIVE,درختی,9,False,https://cdn.snapp.express/media/cache/vendor_logo/uploads/images/vendors/logos/6582f4bfa0857.png,True,False,45,,8.2,VendorListItem
55609,سوپرمارکت دریان لند (فرحزادی),False,https://cdn.snapp.express/media/cache/vendor_item_cover/uploads/images/vendors/covers/60a507212d06a.jpg,58318,80000,0q5o9y,ACTIVE,درختی,1582,False,https://cdn.snapp.express/media/cache/vendor_logo/uploads/images/vendors/logos/default.png,True,False,45,,9.0,VendorListItem
114106,سوپرمارکت موج(بلوار دریا),False,,0,80000,p6zgo6,ACTIVE,دریا,0,False,https://cdn.snapp.express/media/cache/vendor_logo/uploads/images/vendors/logos/66a0b4f932b75.png,True,False,45,,0.0,VendorListItem
45359,سوپرمارکت پارک دریانی (بلوار دریا),False,https://cdn.snapp.express/media/cache/vendor_item_cover/uploads/images/vendors/covers/60a4e1fc1a2b4.jpg,52790,85000,0rveg1,ACTIVE,درختی,1376,False,https://cdn.snapp.express/media/cache/vendor_logo/uploads/images/vendors/logos/default.png,True,False,45,,7.6,VendorListItem
65226,سوپرمارکت یاران دریان صبا (جردن),False,https://cdn.snapp.express/media/cache/vendor_item_cover/uploads/images/vendors/covers/5feb3e16c427d.jpg,22436,80000,097o9d,ACTIVE,امانيه,598,False,https://cdn.snapp.express/media/cache/vendor_logo/uploads/images/vendors/logos/64342e475771d.png,True,False,45,,7.2,VendorListItem
113366,مینو مارت زرگنده (همواره تخفیف),False,https://cdn.snapp.express/media/cache/vendor_item_cover/uploads/images/vendors/covers/65cc9375a196b.jpg,0,80000,37r5ln,ACTIVE,حسن آباد-زرگنده,1,False,https://cdn.snapp.express/media/cache/vendor_logo/uploads/images/vendors/logos/65cc937581366.jpg,True,False,45,,8.0,VendorListItem
113576,فروشگاه مانا (شوینده بهداشتی),False,,0,180000,0ygjrg,ACTIVE,مبارك آباد - حسين آباد,1,False,https://cdn.snapp.express/media/cache/vendor_logo/uploads/images/vendors/logos/65e712bf1dec9.jpg,True,False,45,,8.6,VendorListItem
62474,سوپرمارکت یاران دریان آذربایجان خداکرمی (لویزان),False,https://cdn.snapp.express/media/cache/vendor_item_cover/uploads/images/vendors/covers/60a788b5b0e76.jpg,5920,80000,0978g6,ACTIVE,لویزان - شیان,262,False,https://cdn.snapp.express/media/cache/vendor_logo/uploads/images/vendors/logos/64342e475771d.png,True,False,45,,8.4,VendorListItem
111782,سوپرمارکت یاران دریان نگین (شهرک نفت),False,https://cdn.snapp.express/media/cache/vendor_item_cover/uploads/images/vendors/covers/637c7946d7503.jpg,248,70000,pz9enw,ACTIVE,شهران شمالی,89,False,https://cdn.snapp.express/media/cache/vendor_logo/uploads/images/vendors/logos/64342e475771d.png,True,False,45,,8.4,VendorListItem
113879,سوپرمارکت اقاقیا (شاهین شمالی),False,,0,70000,0mjm2r,ACTIVE,شاهین,2,False,https://cdn.snapp.express/media/cache/vendor_logo/uploads/images/vendors/logos/66544c46751de.png,True,False,45,,0.0,VendorListItem
55600,سوپرمارکت کامو (سردار جنگل شمالی),False,https://cdn.snapp.express/media/cache/vendor_item_cover/uploads/images/vendors/covers/60a507070c321.jpg,33221,70000,0wz5gv,ACTIVE,المهدی,1205,False,https://cdn.snapp.express/media/cache/vendor_logo/uploads/images/vendors/logos/default.png,True,False,45,,8.4,VendorListItem
56025,سوپرمارکت یاران دریان ارکیده آذربایجان,False,https://cdn.snapp.express/media/cache/vendor_item_cover/uploads/images/vendors/covers/60a615f3d2c96.jpg,33206,70000,0ggn92,ACTIVE,المهدی,909,False,https://cdn.snapp.express/media/cache/vendor_logo/uploads/images/vendors/logos/default.png,True,False,45,,7.8,VendorListItem
78945,سوپرمارکت یاران دریان باران (سردارجنگل),False,https://cdn.snapp.express/media/cache/vendor_item_cover/uploads/images/vendors/covers/60e2c11817ed3.jpg,4141,70000,314y2w,ACTIVE,المهدی,180,False,https://cdn.snapp.express/media/cache/vendor_logo/uploads/images/vendors/logos/64342e475771d.png,True,False,45,,8.4,VendorListItem
40363,سوپرمارکت یاران دریان مارتیا (شهرک غرب),False,https://cdn.snapp.express/media/cache/vendor_item_cover/uploads/images/vendors/covers/6576c699d0a41.jpg,26336,80000,0ngmn6,ACTIVE,درختی,870,False,https://cdn.snapp.express/media/cache/vendor_logo/uploads/images/vendors/logos/6576c699cb4cf.png,True,False,45,,7.2,VendorListItem
56174,سوپرمارکت شفق,False,https://cdn.snapp.express/media/cache/vendor_item_cover/uploads/images/vendors/covers/60a62d1f3732c.jpg,18640,80000,09748n,ACTIVE,دریا,506,False,https://cdn.snapp.express/media/cache/vendor_logo/uploads/images/vendors/logos/default.png,True,False,45,,8.4,VendorListItem
69559,سوپرمارکت یاران دریان شکیبایی (ملاصدرا),False,https://cdn.snapp.express/media/cache/vendor_item_cover/uploads/images/vendors/covers/60ab4e73702ad.jpg,17421,80000,0rym6o,ACTIVE,ونک,504,False,https://cdn.snapp.express/media/cache/vendor_logo/uploads/images/vendors/logos/64342e475771d.png,True,False,45,,8.6,VendorListItem
73404,سوپرمارکت دارچین (ظفر),False,https://cdn.snapp.express/media/cache/vendor_item_cover/uploads/images/vendors/covers/60ab39dddf5c9.jpg,2399,70000,0yj92d,ACTIVE,حسن آباد-زرگنده,108,False,https://cdn.snapp.express/media/cache/vendor_logo/uploads/images/vendors/logos/default.png,True,False,45,,7.6,VendorListItem
60284,سوپرمارکت دلاور (یخچال),False,https://cdn.snapp.express/media/cache/vendor_item_cover/uploads/images/vendors/covers/60a7633f01953.jpg,11198,70000,pooj4v,ACTIVE,قلهک,371,False,https://cdn.snapp.express/media/cache/vendor_logo/uploads/images/vendors/logos/default.png,True,False,45,,8.8,VendorListItem
110279,سوپرمارکت سیتی مارکت(یخچال),False,https://cdn.snapp.express/media/cache/vendor_item_cover/uploads/images/vendors/covers/62272962417d5.jpg,2482,70000,0myr4r,ACTIVE,قلهک,133,False,https://cdn.snapp.express/media/cache/vendor_logo/uploads/images/vendors/logos/default.png,True,False,45,,8.4,VendorListItem
112513,فروشگاه اسپار پاسداران (همواره تخفیف),False,https://cdn.snapp.express/media/cache/vendor_item_cover/uploads/images/vendors/covers/65c9c3fc88dbe.PNG,0,80000,p8e4e5,ACTIVE,دروس,5,False,https://cdn.snapp.express/media/cache/vendor_logo/uploads/images/vendors/logos/65c9c3fc65fd7.PNG,True,False,45,,6.6,VendorListItem
111335,سوپرمارکت یاران دریان یاس فرهنگیان (ولیعصر),False,https://cdn.snapp.express/media/cache/vendor_item_cover/uploads/images/vendors/covers/62fb756f1b101.jpg,5,80000,0rq5e1,ACTIVE,کاووسیه,0,False,https://cdn.snapp.express/media/cache/vendor_logo/uploads/images/vendors/logos/6671552874faf.jpg,True,False,45,,10.0,VendorListItem
113954,سوپرمارکت یاران دریان هروی (هروی),False,,0,80000,p6z2lo,ACTIVE,مبارك آباد - حسين آباد,3,False,https://cdn.snapp.express/media/cache/vendor_logo/uploads/images/vendors/logos/6676ae18922be.jpg,True,False,45,,0.0,VendorListItem
109690,دیلی مارکت شهران(همواره تخفیف),False,https://cdn.snapp.express/media/cache/vendor_item_cover/uploads/images/vendors/covers/620cdeb153069.jpg,1269,100000,37o2mm,ACTIVE,شهران شمالی,70,False,https://cdn.snapp.express/media/cache/vendor_logo/uploads/images/vendors/logos/65b61d4ce6833.jpg,True,False,45,,9.0,VendorListItem
69312,سوپرمارکت یاران دریان تک (شهران),False,https://cdn.snapp.express/media/cache/vendor_item_cover/uploads/images/vendors/covers/60ab4ea09fc52.jpg,8444,70000,pogqjq,ACTIVE,شهران شمالی,317,False,https://cdn.snapp.express/media/cache/vendor_logo/uploads/images/vendors/logos/64342e475771d.png,True,False,45,,8.4,VendorListItem
83807,جانبو کوهسار (همواره تخفیف),False,https://cdn.snapp.express/media/cache/vendor_item_cover/uploads/images/vendors/covers/63ba642887797.png,4493,80000,0m9eqr,ACTIVE,شهران شمالی,175,False,https://cdn.snapp.express/media/cache/vendor_logo/uploads/images/vendors/logos/64342aba32ce7.png,True,False,45,,9.0,VendorListItem
110159,فروشگاه هفت جنت آباد (همواره تخفیف),False,https://cdn.snapp.express/media/cache/vendor_item_cover/uploads/images/vendors/covers/63f22de51d7f9.png,2728,80000,0ro1y1,ACTIVE,جنت آباد شمالی,196,False,https://cdn.snapp.express/media/cache/vendor_logo/uploads/images/vendors/logos/64342a4c8225c.png,True,False,45,,8.0,VendorListItem
113295,سوپرمارکت سبلان (پونک),False,https://cdn.snapp.express/media/cache/vendor_item_cover/uploads/images/vendors/covers/65ab80b58687c.jpg,0,70000,32zrw5,ACTIVE,پونک شمالی,10,False,https://cdn.snapp.express/media/cache/vendor_logo/uploads/images/vendors/logos/65ab80b57f3ad.png,True,False,45,,8.2,VendorListItem
113445,فروشگاه هفت دادمان (همواره تخفیف),False,https://cdn.snapp.express/media/cache/vendor_item_cover/uploads/images/vendors/covers/65d0afda56f60.png,0,90000,31zxo7,ACTIVE,درختی,3,False,https://cdn.snapp.express/media/cache/vendor_logo/uploads/images/vendors/logos/65d0afda4b64e.png,True,False,45,,8.8,VendorListItem
109746,اسمارت ملاصدرا (سوپرمارکت زنجیره ای اسنپ),False,https://cdn.snapp.express/media/cache/vendor_item_cover/uploads/images/vendors/covers/652310e540393.png,64586,100000,p5qx8e,ACTIVE,آرارات,3529,True,https://cdn.snapp.express/media/cache/vendor_logo/uploads/images/vendors/logos/652310e538cdb.png,True,False,45,,8.8,VendorListItem
112676,سوپرمارکت ظفر (ارش),False,https://cdn.snapp.express/media/cache/vendor_item_cover/uploads/images/vendors/covers/6513f7641e895.jpg,0,80000,0ygv5n,ACTIVE,حسن آباد-زرگنده,11,False,https://cdn.snapp.express/media/cache/vendor_logo/uploads/images/vendors/logos/6513f76416419.png,True,False,45,,8.8,VendorListItem
110915,دیلی مارکت دروس (همواره تخفیف),False,https://cdn.snapp.express/media/cache/vendor_item_cover/uploads/images/vendors/covers/62cd67b9a58d2.jpg,373,90000,0njl1z,ACTIVE,دروس,27,False,https://cdn.snapp.express/media/cache/vendor_logo/uploads/images/vendors/logos/65b61d3128d6a.jpg,True,False,45,,7.86,VendorListItem
44700,سوپرمارکت احتشامیه (پاسداران),False,https://cdn.snapp.express/media/cache/vendor_item_cover/uploads/images/vendors/covers/60a4e1b5a9e08.jpg,51086,80000,0w917g,ACTIVE,دروس,1234,False,https://cdn.snapp.express/media/cache/vendor_logo/uploads/images/vendors/logos/default.png,True,False,45,,8.2,VendorListItem
110339,سوپرمارکت آیلار (هروی),False,https://cdn.snapp.express/media/cache/vendor_item_cover/uploads/images/vendors/covers/6231f41a9efb1.jpg,932,80000,0nv81z,ACTIVE,مبارك آباد - حسين آباد,72,False,https://cdn.snapp.express/media/cache/vendor_logo/uploads/images/vendors/logos/default.png,True,False,45,,7.6,VendorListItem
97934,سوپرمارکت پاسداران (شهرک شهید باقری),False,https://cdn.snapp.express/media/cache/vendor_item_cover/uploads/images/vendors/covers/616d5b039f14f.jpg,4174,70000,pzde6w,ACTIVE,شهید باقری,214,False,https://cdn.snapp.express/media/cache/vendor_logo/uploads/images/vendors/logos/default.png,True,False,45,,8.2,VendorListItem
69621,هایپراستار دهکده المپیک(همواره تخفیف),False,https://cdn.snapp.express/media/cache/vendor_item_cover/uploads/images/vendors/covers/606996b3363fe.jpg,14209,150000,314vd7,ACTIVE,زیبا دشت,645,False,https://cdn.snapp.express/media/cache/vendor_logo/uploads/images/vendors/logos/64342c5ac47df.png,True,False,45,,8.4,VendorListItem
113869,سوپرمارکت یاران (شهران),False,,0,70000,31z4nk,ACTIVE,شهران جنوبی,5,False,https://cdn.snapp.express/media/cache/vendor_logo/uploads/images/vendors/logos/664ca87979366.png,True,False,45,,0.0,VendorListItem
113416,فروشگاه هفت ایران پارس(همواره تخفیف),False,https://cdn.snapp.express/media/cache/vendor_item_cover/uploads/images/vendors/covers/65cb5242f3792.png,0,80000,3xw2v6,ACTIVE,جنت آباد مركزی,6,False,https://cdn.snapp.express/media/cache/vendor_logo/uploads/images/vendors/logos/65cb5242d7bba.png,True,False,45,,8.2,VendorListItem
113931,سوپرمارکت آداک (جنت آباد),False,,0,70000,0mjmvz,ACTIVE,جنت آباد جنوبی,4,False,https://cdn.snapp.express/media/cache/vendor_logo/uploads/images/vendors/logos/666da5369d73e.jpg,True,False,45,,0.0,VendorListItem
104262,سوپرمارکت مگامارت (شاهین شمالی),False,https://cdn.snapp.express/media/cache/vendor_item_cover/uploads/images/vendors/covers/644e4b6188841.png,12638,75000,p4qklj,ACTIVE,جنت آباد مركزی,800,False,https://cdn.snapp.express/media/cache/vendor_logo/uploads/images/vendors/logos/64bbd069e90f9.png,True,False,45,,7.6,VendorListItem
111635,سوپرمارکت بهار (شاهین شمالی),False,https://cdn.snapp.express/media/cache/vendor_item_cover/uploads/images/vendors/covers/6343faf5e446c.jpg,372,70000,0rq5z8,ACTIVE,شاهین,52,False,https://cdn.snapp.express/media/cache/vendor_logo/uploads/images/vendors/logos/default.png,True,False,45,,8.0,VendorListItem
110084,سوپرمارکت یاران دریان شقایق (سردارجنگل),False,https://cdn.snapp.express/media/cache/vendor_item_cover/uploads/images/vendors/covers/6214a1de066ad.jpg,2928,70000,po6nzv,ACTIVE,پونک شمالی,102,False,https://cdn.snapp.express/media/cache/vendor_logo/uploads/images/vendors/logos/64342e475771d.png,True,False,45,,7.8,VendorListItem
72602,سوپرمارکت یاران دریان پردیس (ونک),False,https://cdn.snapp.express/media/cache/vendor_item_cover/uploads/images/vendors/covers/60ab43b114ba7.jpg,3992,80000,099y46,ACTIVE,کاووسیه,180,False,https://cdn.snapp.express/media/cache/vendor_logo/uploads/images/vendors/logos/64342e475771d.png,True,False,45,,7.6,VendorListItem
71676,سوپرمارکت قصر (ظفر),False,https://cdn.snapp.express/media/cache/vendor_item_cover/uploads/images/vendors/covers/60ab458540847.jpg,7027,70000,0yjr2d,ACTIVE,میرداماد,291,False,https://cdn.snapp.express/media/cache/vendor_logo/uploads/images/vendors/logos/default.png,True,False,45,,8.6,VendorListItem
113707,فروشگاه ترو تمیز (شوینده بهداشتی),False,,0,180000,0mjm5v,ACTIVE,میرداماد,1,False,https://cdn.snapp.express/media/cache/vendor_logo/uploads/images/vendors/logos/6614efb0018a4.jpg,True,False,45,,0.0,VendorListItem
19378,سوپرمارکت دی لند مارکت (میرداماد),False,,116753,80000,p6dv16,ACTIVE,میرداماد,3619,False,https://cdn.snapp.express/media/cache/vendor_logo/uploads/images/vendors/logos/64bbc52b05f69.png,True,False,45,,9.4,VendorListItem
55355,سوپرمارکت شاهین (شهرک امید),False,https://cdn.snapp.express/media/cache/vendor_item_cover/uploads/images/vendors/covers/60a4fa58ad54f.jpg,20018,70000,0m1lwq,ACTIVE,قنات كوثر,673,False,https://cdn.snapp.express/media/cache/vendor_logo/uploads/images/vendors/logos/default.png,True,False,45,,8.8,VendorListItem
110166,سوپرمارکت پروویتا(شهرک امید),False,https://cdn.snapp.express/media/cache/vendor_item_cover/uploads/images/vendors/covers/621b80a64e84b.jpg,603,70000,37o799,ACTIVE,قنات كوثر,44,False,https://cdn.snapp.express/media/cache/vendor_logo/uploads/images/vendors/logos/default.png,True,False,45,,8.0,VendorListItem
110287,سوپرمارکت بیگی (پونک),False,https://cdn.snapp.express/media/cache/vendor_item_cover/uploads/images/vendors/covers/622864c8e96b5.jpg,949,70000,0nv8zv,ACTIVE,پونک شمالی,66,False,https://cdn.snapp.express/media/cache/vendor_logo/uploads/images/vendors/logos/default.png,True,False,45,,9.2,VendorListItem
111063,سوپرمارکت 110 (سردار جنگل),False,https://cdn.snapp.express/media/cache/vendor_item_cover/uploads/images/vendors/covers/62d66b91ac4d0.jpg,4164,70000,0njl62,ACTIVE,پونک جنوبی,221,False,https://cdn.snapp.express/media/cache/vendor_logo/uploads/images/vendors/logos/default.png,True,False,45,,8.4,VendorListItem
113492,هایپراستار همیلا (همواره تخفیف),False,https://cdn.snapp.express/media/cache/vendor_item_cover/uploads/images/vendors/covers/65d44e3ac9fb0.jpg,0,100000,3kj7ng,ACTIVE,پونک,17,False,https://cdn.snapp.express/media/cache/vendor_logo/uploads/images/vendors/logos/65d44e3ab4fba.png,True,False,45,,8.0,VendorListItem
75347,سوپرمارکت پلاس مارکت (پاسداران),False,,8178,80000,32x9de,ACTIVE,پاسداران و ضرابخانه,278,False,https://cdn.snapp.express/media/cache/vendor_logo/uploads/images/vendors/logos/default.png,True,False,45,,8.6,VendorListItem
62539,سوپرمارکت یاران دریان ساحل (شهرک کاج),False,https://cdn.snapp.express/media/cache/vendor_item_cover/uploads/images/vendors/covers/60a78e0249743.jpg,5833,70000,0nqk16,ACTIVE,مجید آباد,335,False,https://cdn.snapp.express/media/cache/vendor_logo/uploads/images/vendors/logos/64342e475771d.png,True,False,45,,8.4,VendorListItem
114061,جانبو شهرک امید(همواره تخفیف),False,https://cdn.snapp.express/media/cache/vendor_item_cover/uploads/images/vendors/covers/669f6caee52aa.png,0,80000,p8edx2,ACTIVE,قاسم آباد - ده نارمک,1,False,https://cdn.snapp.express/media/cache/vendor_logo/uploads/images/vendors/logos/669f6caee1e1f.jpg,True,False,45,,0.0,VendorListItem
110579,سوپرمارکت گلستان (زیبادشت),False,https://cdn.snapp.express/media/cache/vendor_item_cover/uploads/images/vendors/covers/628883b20745d.jpg,1082,70000,0myrrq,ACTIVE,زیبا دشت,116,False,https://cdn.snapp.express/media/cache/vendor_logo/uploads/images/vendors/logos/default.png,True,False,45,,8.8,VendorListItem
52314,سوپرمارکت تک (جنت آباد مرکزی),False,https://cdn.snapp.express/media/cache/vendor_item_cover/uploads/images/vendors/covers/60a4f83e4e83e.jpg,38518,70000,p4gxvx,ACTIVE,جنت آباد مركزی,1353,False,https://cdn.snapp.express/media/cache/vendor_logo/uploads/images/vendors/logos/default.png,True,False,45,,8.0,VendorListItem
113447,فروشگاه کالازاد 1 (شوینده بهداشتی),False,,0,180000,32zr8l,ACTIVE,شاهین,0,False,https://cdn.snapp.express/media/cache/vendor_logo/uploads/images/vendors/logos/65e6fa605afe1.jpg,True,False,45,,0.0,VendorListItem
113595,فروشگاه خورشید (شوینده بهداشتی),False,,0,180000,32zxx2,ACTIVE,شهران جنوبی,0,False,https://cdn.snapp.express/media/cache/vendor_logo/uploads/images/vendors/logos/65ec36eb1c28e.jpg,True,False,45,,9.6,VendorListItem
62511,سوپرمارکت یاران دریان شاهین بال (جنت آباد),False,https://cdn.snapp.express/media/cache/vendor_item_cover/uploads/images/vendors/covers/5fa951bc51a7b.jpg,19956,70000,0rx229,ACTIVE,شاهین,672,False,https://cdn.snapp.express/media/cache/vendor_logo/uploads/images/vendors/logos/64342e475771d.png,True,False,45,,7.2,VendorListItem
56465,سوپرمارکت ایران (میرداماد),False,https://cdn.snapp.express/media/cache/vendor_item_cover/uploads/images/vendors/covers/60a6277318d15.jpg,10046,70000,3eq6lv,ACTIVE,میرداماد,336,False,https://cdn.snapp.express/media/cache/vendor_logo/uploads/images/vendors/logos/default.png,True,False,45,,8.6,VendorListItem
114176,فروشگاه هفت عراقی (همواره تخفیف),False,https://cdn.snapp.express/media/cache/vendor_item_cover/uploads/images/vendors/covers/66b0d3a5679f5.jpeg,0,90000,0ygxjg,ACTIVE,پاسداران و ضرابخانه,0,False,https://cdn.snapp.express/media/cache/vendor_logo/uploads/images/vendors/logos/66b0d3a563974.jfif,True,False,30,,0.0,VendorListItem
70557,سوپرمارکت یاران دریان باستان (ونک),False,https://cdn.snapp.express/media/cache/vendor_item_cover/uploads/images/vendors/covers/60ab49c1d69fd.jpg,2143,80000,0qd682,ACTIVE,کاووسیه,96,False,https://cdn.snapp.express/media/cache/vendor_logo/uploads/images/vendors/logos/64342e475771d.png,True,False,45,,8.4,VendorListItem
113468,مینو مارت استقلال (همواره تخفیف),False,https://cdn.snapp.express/media/cache/vendor_item_cover/uploads/images/vendors/covers/65d204ec4f971.jpg,0,80000,3kjomg,ACTIVE,قاسم آباد - ده نارمک,0,False,https://cdn.snapp.express/media/cache/vendor_logo/uploads/images/vendors/logos/65d204ec309f7.jpg,True,False,45,,8.2,VendorListItem
113938,گندم قنات کوثر 2(همواره تخفیف),False,https://cdn.snapp.express/media/cache/vendor_item_cover/uploads/images/vendors/covers/6672920ad2086.png,0,80000,p4z7vy,ACTIVE,قاسم آباد - ده نارمک,0,False,https://cdn.snapp.express/media/cache/vendor_logo/uploads/images/vendors/logos/6672920acc9d7.png,True,False,45,,0.0,VendorListItem
113570,سوپرمارکت وست مارکت (اردستانی),False,https://cdn.snapp.express/media/cache/vendor_item_cover/uploads/images/vendors/covers/65e6f1a94ea08.jpg,0,70000,p5z5rj,ACTIVE,شریف,6,False,https://cdn.snapp.express/media/cache/vendor_logo/uploads/images/vendors/logos/65e6f1a921e5f.png,True,False,45,,7.8,VendorListItem
110393,جانبو گلستان قایم (همواره تخفیف),False,https://cdn.snapp.express/media/cache/vendor_item_cover/uploads/images/vendors/covers/625c1658d5cac.png,147,100000,31q65y,ACTIVE,گلستان ,6,False,https://cdn.snapp.express/media/cache/vendor_logo/uploads/images/vendors/logos/66796bbfabff9.jpg,True,False,45,,7.76,VendorListItem
113572,سوپرمارکت رجال (شهرک راه آهن),False,,0,70000,0wq1zz,ACTIVE,گلستان شرقی,1,False,https://cdn.snapp.express/media/cache/vendor_logo/uploads/images/vendors/logos/65e707d89de93.png,True,False,45,,8.8,VendorListItem
109796,جانبو ساحل (همواره تخفیف),False,https://cdn.snapp.express/media/cache/vendor_item_cover/uploads/images/vendors/covers/61fa7ed9aa04c.png,989,80000,0wwx78,ACTIVE,گلستان ,39,False,https://cdn.snapp.express/media/cache/vendor_logo/uploads/images/vendors/logos/64342aba32ce7.png,True,False,45,,8.6,VendorListItem
65224,سوپرمارکت یاران دریان ایران (شهران),False,https://cdn.snapp.express/media/cache/vendor_item_cover/uploads/images/vendors/covers/60b0e23da6165.jpg,13816,70000,0wz61v,ACTIVE,شهران جنوبی,513,False,https://cdn.snapp.express/media/cache/vendor_logo/uploads/images/vendors/logos/64342e475771d.png,True,False,45,,8.2,VendorListItem
55358,سوپرمارکت موسی الرضا (شاهین شمالی),False,https://cdn.snapp.express/media/cache/vendor_item_cover/uploads/images/vendors/covers/60a4faa092112.jpg,10632,70000,pz86ew,ACTIVE,شاهین,422,False,https://cdn.snapp.express/media/cache/vendor_logo/uploads/images/vendors/logos/default.png,True,False,45,,8.2,VendorListItem
56722,سوپرمارکت پرستیژ (شهرک غرب),False,https://cdn.snapp.express/media/cache/vendor_item_cover/uploads/images/vendors/covers/60a770d1e8a17.jpg,2028,80000,p5rj7v,ACTIVE,شهرک غرب,102,False,https://cdn.snapp.express/media/cache/vendor_logo/uploads/images/vendors/logos/default.png,True,False,45,,7.4,VendorListItem
48784,سوپرمارکت بردیا (ایران زمین),False,https://cdn.snapp.express/media/cache/vendor_item_cover/uploads/images/vendors/covers/60a4f84cc4b85.jpg,28371,85000,pork88,ACTIVE,شهرک غرب,788,False,https://cdn.snapp.express/media/cache/vendor_logo/uploads/images/vendors/logos/default.png,True,False,45,,7.6,VendorListItem
113823,سوپرمارکت هایپر هشت (میرداماد),False,,0,70000,32zxo5,ACTIVE,میرداماد,4,False,https://cdn.snapp.express/media/cache/vendor_logo/uploads/images/vendors/logos/663f623eef6de.png,True,False,45,,0.0,VendorListItem
53166,سوپرمارکت اتحادیه دریانی (میرداماد),False,https://cdn.snapp.express/media/cache/vendor_item_cover/uploads/images/vendors/covers/60a4f9f349979.jpg,5880,70000,37yqo9,ACTIVE,میرداماد,202,False,https://cdn.snapp.express/media/cache/vendor_logo/uploads/images/vendors/logos/default.png,True,False,45,,8.0,VendorListItem
114041,سوپرمارکت مصطفی (میرداماد),False,,0,70000,3ee27v,ACTIVE,میرداماد,0,False,https://cdn.snapp.express/media/cache/vendor_logo/uploads/images/vendors/logos/669ca0af8da6e.jpg,True,False,45,,0.0,VendorListItem
55692,سوپرمارکت گلریز (میرداماد),False,https://cdn.snapp.express/media/cache/vendor_item_cover/uploads/images/vendors/covers/60a50d90eec8d.jpg,25166,70000,3konqk,ACTIVE,میرداماد,682,False,https://cdn.snapp.express/media/cache/vendor_logo/uploads/images/vendors/logos/default.png,True,False,45,,8.4,VendorListItem
113667,فروشگاه هفت میدان ملت (همواره تخفیف ),False,https://cdn.snapp.express/media/cache/vendor_item_cover/uploads/images/vendors/covers/65f7f904d716f.jpeg,0,85000,0jjmjr,ACTIVE,شمس آباد - مجيديه,7,False,https://cdn.snapp.express/media/cache/vendor_logo/uploads/images/vendors/logos/65f7f904adef3.jfif,True,False,45,,8.0,VendorListItem
86469,وال مارکت باقری(همواره تخفیف),False,https://cdn.snapp.express/media/cache/vendor_item_cover/uploads/images/vendors/covers/6321c5ee08440.jpg,3057,100000,31jjm7,ACTIVE,تهران پارس غربی,227,False,https://cdn.snapp.express/media/cache/vendor_logo/uploads/images/vendors/logos/64342de96b47f.png,True,False,45,,7.8,VendorListItem
81444,جانبو شهرک راه آهن (همواره تخفیف),False,https://cdn.snapp.express/media/cache/vendor_item_cover/uploads/images/vendors/covers/60f7c49abc1b1.png,3411,80000,3k785k,ACTIVE,گلستان شرقی,174,False,https://cdn.snapp.express/media/cache/vendor_logo/uploads/images/vendors/logos/64342aba32ce7.png,True,False,45,,8.8,VendorListItem
114039,سوپرمارکت وان مارت (شهرزیبا),False,,0,70000,0njw82,ACTIVE,انديشه,5,False,https://cdn.snapp.express/media/cache/vendor_logo/uploads/images/vendors/logos/669c92c8ee14a.jpg,True,False,45,,0.0,VendorListItem
110530,گندم بعثت(همواره تخفیف),False,https://cdn.snapp.express/media/cache/vendor_item_cover/uploads/images/vendors/covers/62765c1c6998a.jpg,967,80000,p6rx96,ACTIVE,جنت آباد مركزی,64,False,https://cdn.snapp.express/media/cache/vendor_logo/uploads/images/vendors/logos/64342b3a8d27d.png,True,False,45,,8.6,VendorListItem
111046,سوپرمارکت شیث (شهرک غرب),False,https://cdn.snapp.express/media/cache/vendor_item_cover/uploads/images/vendors/covers/62cea54329736.jpg,188,80000,p5z2ex,ACTIVE,ايوانک,25,False,https://cdn.snapp.express/media/cache/vendor_logo/uploads/images/vendors/logos/default.png,True,False,45,,7.0,VendorListItem
56378,سوپرمارکت سنتی ایران زمین (میدان صنعت),False,https://cdn.snapp.express/media/cache/vendor_item_cover/uploads/images/vendors/covers/60a61a0b29ef5.jpg,5089,80000,p67d9o,ACTIVE,شهرک غرب,189,False,https://cdn.snapp.express/media/cache/vendor_logo/uploads/images/vendors/logos/default.png,True,False,45,,8.4,VendorListItem
97949,سوپرمارکت یاران دریان برادران ذوقی (شهرک غرب),False,https://cdn.snapp.express/media/cache/vendor_item_cover/uploads/images/vendors/covers/616d62891075f.jpg,1114,80000,0gzonr,ACTIVE,شهرک غرب,70,False,https://cdn.snapp.express/media/cache/vendor_logo/uploads/images/vendors/logos/64342e475771d.png,True,False,45,,7.6,VendorListItem
35232,سوپرمارکت گاندی (ونک),False,https://cdn.snapp.express/media/cache/vendor_item_cover/uploads/images/vendors/covers/60a4fe96ca24e.jpg,87992,80000,0l6xen,ACTIVE,کاووسیه,2372,False,https://cdn.snapp.express/media/cache/vendor_logo/uploads/images/vendors/logos/default.png,True,False,45,,8.2,VendorListItem
72584,سوپرمارکت میرداماد (میدان مادر),False,https://cdn.snapp.express/media/cache/vendor_item_cover/uploads/images/vendors/covers/60ab43570e192.jpg,2394,70000,pogyqj,ACTIVE,میرداماد,107,False,https://cdn.snapp.express/media/cache/vendor_logo/uploads/images/vendors/logos/default.png,True,False,45,,8.4,VendorListItem
114066,جانبومجیدیه ادیب(همواره تخفیف),False,https://cdn.snapp.express/media/cache/vendor_item_cover/uploads/images/vendors/covers/66aa03ad1557a.png,0,80000,37r94g,ACTIVE,كاظم آباد,1,False,https://cdn.snapp.express/media/cache/vendor_logo/uploads/images/vendors/logos/66aa03ad11d96.jpg,True,False,45,,0.0,VendorListItem
110584,سوپرمارکت بهرام (اردیبهشت),False,https://cdn.snapp.express/media/cache/vendor_item_cover/uploads/images/vendors/covers/6288c5c76c980.jpg,2499,70000,po6nn8,ACTIVE,اوقاف,351,False,https://cdn.snapp.express/media/cache/vendor_logo/uploads/images/vendors/logos/default.png,True,False,45,,9.0,VendorListItem
81195,سوپرمارکت سورنا 32 (استخر),False,https://cdn.snapp.express/media/cache/vendor_item_cover/uploads/images/vendors/covers/60f581255945b.jpg,3612,70000,32xyl2,ACTIVE,كوهسار,192,False,https://cdn.snapp.express/media/cache/vendor_logo/uploads/images/vendors/logos/default.png,True,False,45,,8.2,VendorListItem
75999,سوپرمارکت سورنا (وردآورد),False,https://cdn.snapp.express/media/cache/vendor_item_cover/uploads/images/vendors/covers/60c7553464d4d.jpg,2330,70000,3drwjd,ACTIVE,وردآورد,120,False,https://cdn.snapp.express/media/cache/vendor_logo/uploads/images/vendors/logos/default.png,True,False,45,,7.8,VendorListItem
111777,سوپرمارکت های لند (شهرک گلستان),False,https://cdn.snapp.express/media/cache/vendor_item_cover/uploads/images/vendors/covers/637b2934065e2.jpg,320,70000,pvqrx5,ACTIVE,گلستان ,73,False,https://cdn.snapp.express/media/cache/vendor_logo/uploads/images/vendors/logos/637b2933f341f.jpg,True,False,45,,7.4,VendorListItem
62595,سوپرمارکت یاران دریان رشیدی (بلوار کاج),False,https://cdn.snapp.express/media/cache/vendor_item_cover/uploads/images/vendors/covers/60a78f9e51d5a.jpg,6521,70000,32rnw2,ACTIVE,گلستان شرقی,263,False,https://cdn.snapp.express/media/cache/vendor_logo/uploads/images/vendors/logos/64342e475771d.png,True,False,45,,6.6,VendorListItem
113889,فروشگاه هفت چهار باغ (همواره تخفیف),False,https://cdn.snapp.express/media/cache/vendor_item_cover/uploads/images/vendors/covers/667d2ee5c00a1.jpeg,0,80000,3ee2vo,ACTIVE,جنت آباد جنوبی,1,False,https://cdn.snapp.express/media/cache/vendor_logo/uploads/images/vendors/logos/667d2ee5bac12.jfif,True,False,45,,0.0,VendorListItem
83879,سوپرمارکت یاران دریان آلما (سردارجنگل),False,https://cdn.snapp.express/media/cache/vendor_item_cover/uploads/images/vendors/covers/610e9e1739c84.jpg,8065,70000,0m9e7r,ACTIVE,پونک جنوبی,311,False,https://cdn.snapp.express/media/cache/vendor_logo/uploads/images/vendors/logos/64342e475771d.png,True,False,45,,8.6,VendorListItem
109564,فروشگاه هفت پونک (همواره تخفیف),False,https://cdn.snapp.express/media/cache/vendor_item_cover/uploads/images/vendors/covers/63f22f2c279ed.png,2957,80000,3xger2,ACTIVE,پونک جنوبی,160,False,https://cdn.snapp.express/media/cache/vendor_logo/uploads/images/vendors/logos/64342a4c8225c.png,True,False,45,,7.6,VendorListItem
56334,سوپرمارکت یاران دریان پارسا (سید خندان),False,https://cdn.snapp.express/media/cache/vendor_item_cover/uploads/images/vendors/covers/5e9bf4c53fba9.jpg,20812,70000,pz8n71,ACTIVE,سید خندان,533,False,https://cdn.snapp.express/media/cache/vendor_logo/uploads/images/vendors/logos/default.png,True,False,45,,7.6,VendorListItem
56171,سوپرمارکت 1374 (جلفا),False,https://cdn.snapp.express/media/cache/vendor_item_cover/uploads/images/vendors/covers/60a62cfa60b42.jpg,10597,70000,32r7ne,ACTIVE,سید خندان,413,False,https://cdn.snapp.express/media/cache/vendor_logo/uploads/images/vendors/logos/default.png,True,False,45,,7.4,VendorListItem
110922,دیلی مارکت استاد حسن بنا(همواره تخفیف),False,https://cdn.snapp.express/media/cache/vendor_item_cover/uploads/images/vendors/covers/6317063839b9d.jpg,358,100000,p5z2ke,ACTIVE,كاظم آباد,23,False,https://cdn.snapp.express/media/cache/vendor_logo/uploads/images/vendors/logos/65b62324e6cd1.jpg,True,False,45,,8.03,VendorListItem
113617,فروشگاه شاپرک (شوینده بهداشتی),False,,0,180000,3ee2w5,ACTIVE,شمیران نو,0,False,https://cdn.snapp.express/media/cache/vendor_logo/uploads/images/vendors/logos/65eff515343da.jpg,True,False,45,,0.0,VendorListItem
110196,فروشگاه هفت تکاوران(همواره تخفیف),False,https://cdn.snapp.express/media/cache/vendor_item_cover/uploads/images/vendors/covers/63f22d180a5b3.png,873,80000,0wwlwg,ACTIVE,اوقاف,55,False,https://cdn.snapp.express/media/cache/vendor_logo/uploads/images/vendors/logos/65d88499cf1fa.png,True,False,45,,8.4,VendorListItem
109728,جانبو تکاوران (همواره تخفیف),False,https://cdn.snapp.express/media/cache/vendor_item_cover/uploads/images/vendors/covers/61f27c3c9f01f.png,763,100000,0y97dy,ACTIVE,اوقاف,27,False,https://cdn.snapp.express/media/cache/vendor_logo/uploads/images/vendors/logos/66431435756ee.jpg,True,False,45,,8.08,VendorListItem
82764,سوپرمارکت ون مارت (تهرانپارس),False,https://cdn.snapp.express/media/cache/vendor_item_cover/uploads/images/vendors/covers/6527013561d31.png,21543,70000,3xrz69,ACTIVE,تهران پارس غربی,1015,False,https://cdn.snapp.express/media/cache/vendor_logo/uploads/images/vendors/logos/652701355cf29.jpg,True,False,45,,8.6,VendorListItem
85875,اسمارت تهرانپارس (سوپرمارکت زنجیره ای اسنپ),False,https://cdn.snapp.express/media/cache/vendor_item_cover/uploads/images/vendors/covers/65231498a3292.png,102980,100000,3dvr5g,ACTIVE,تهران پارس غربی,5899,True,https://cdn.snapp.express/media/cache/vendor_logo/uploads/images/vendors/logos/652314989d8ed.png,True,False,45,,8.4,VendorListItem
113025,سوپرمارکت هایپر عرب (فرجام),False,https://cdn.snapp.express/media/cache/vendor_item_cover/uploads/images/vendors/covers/65634bb9af926.jpg,0,70000,0gkgr2,ACTIVE,اوقاف,5,False,https://cdn.snapp.express/media/cache/vendor_logo/uploads/images/vendors/logos/65634bb9a8288.png,True,False,45,,0.0,VendorListItem
110169,سوپرمارکت یاران دریان پاریز (چیتگر),False,https://cdn.snapp.express/media/cache/vendor_item_cover/uploads/images/vendors/covers/621b8c7cd373e.jpg,1875,70000,31q6jw,ACTIVE,دریاچه شهدای خلیج فارس,68,False,https://cdn.snapp.express/media/cache/vendor_logo/uploads/images/vendors/logos/64342e475771d.png,True,False,45,,8.6,VendorListItem
113571,سوپرمارکت یاران دریان خلیج فارس (دریاچه),False,,0,70000,32zxr2,ACTIVE,دریاچه شهدای خلیج فارس,3,False,https://cdn.snapp.express/media/cache/vendor_logo/uploads/images/vendors/logos/65e70563af986.png,True,False,45,,7.0,VendorListItem
113331,سوپرمارکت اقاقیا (چیتگر),False,https://cdn.snapp.express/media/cache/vendor_item_cover/uploads/images/vendors/covers/65b603f97a556.jpg,0,70000,0mj1gz,ACTIVE,گلستان ,4,False,https://cdn.snapp.express/media/cache/vendor_logo/uploads/images/vendors/logos/65b603f95cde1.png,True,False,45,,8.8,VendorListItem
113613,فروشگاه پاک بانو(شوینده بهداشتی),False,,0,180000,p8eggy,ACTIVE,هوانیروز,0,False,https://cdn.snapp.express/media/cache/vendor_logo/uploads/images/vendors/logos/65edc3321f41d.jpg,True,False,45,,0.0,VendorListItem
56244,سوپرمارکت سنتر استار (شهرک راه آهن),False,https://cdn.snapp.express/media/cache/vendor_item_cover/uploads/images/vendors/covers/60a63e473ba01.jpg,15950,70000,3kolzk,ACTIVE,هوانیروز,512,False,https://cdn.snapp.express/media/cache/vendor_logo/uploads/images/vendors/logos/default.png,True,False,45,,9.2,VendorListItem
113575,فروشگاه ابریشم (شوینده بهداشتی),False,,0,180000,3derm7,ACTIVE,هوانیروز,2,False,https://cdn.snapp.express/media/cache/vendor_logo/uploads/images/vendors/logos/65e70ffc5d1c3.jpg,True,False,45,,9.4,VendorListItem
80175,اسمارت جنت آباد (سوپرمارکت زنجیره ای اسنپ),False,https://cdn.snapp.express/media/cache/vendor_item_cover/uploads/images/vendors/covers/652314ed88a8f.png,135556,100000,3drnmd,ACTIVE,سازمان برنامه شمالی‎ - شاهین,8932,True,https://cdn.snapp.express/media/cache/vendor_logo/uploads/images/vendors/logos/652314ed83ef9.png,True,False,45,,8.2,VendorListItem
113683,فروشگاه همت (شوینده بهداشتی),False,,0,180000,0rqyqz,ACTIVE,شهرک هما,0,False,https://cdn.snapp.express/media/cache/vendor_logo/uploads/images/vendors/logos/660bcbb4c92b8.jpg,True,False,45,,0.0,VendorListItem
109829,اسمارت شریعتی (سوپرمارکت زنجیره ای اسنپ),False,https://cdn.snapp.express/media/cache/vendor_item_cover/uploads/images/vendors/covers/652310bb32c63.png,100722,100000,pvlny1,ACTIVE,نيلوفر-شهيد قندی,6112,True,https://cdn.snapp.express/media/cache/vendor_logo/uploads/images/vendors/logos/652310bb2a80d.png,True,False,45,,9.0,VendorListItem
64885,هایپراستار تهرانپارس(همواره تخفیف),False,https://cdn.snapp.express/media/cache/vendor_item_cover/uploads/images/vendors/covers/60ab769756342.jpg,85079,85000,p87612,ACTIVE,تهران پارس غربی,3543,False,https://cdn.snapp.express/media/cache/vendor_logo/uploads/images/vendors/logos/64342c5ac47df.png,True,False,45,,8.4,VendorListItem
71370,سوپرمارکت قایم (رسالت),False,https://cdn.snapp.express/media/cache/vendor_item_cover/uploads/images/vendors/covers/60ab482f78237.jpg,2806,70000,p559ge,ACTIVE,شمیران نو,144,False,https://cdn.snapp.express/media/cache/vendor_logo/uploads/images/vendors/logos/default.png,True,False,45,,7.6,VendorListItem
114071,جانبوتهرانپارس شاهد(همواره تخفیف),False,https://cdn.snapp.express/media/cache/vendor_item_cover/uploads/images/vendors/covers/66aa0de07558c.png,0,80000,32z16l,ACTIVE,تهران پارس غربی,0,False,https://cdn.snapp.express/media/cache/vendor_logo/uploads/images/vendors/logos/66aa0de0721ef.jpg,True,False,45,,0.0,VendorListItem
111346,سوپرمارکت مادر (حکیمیه),False,https://cdn.snapp.express/media/cache/vendor_item_cover/uploads/images/vendors/covers/6301cf0ab3725.jpg,693,70000,p5zoqv,ACTIVE,گلشن,73,False,https://cdn.snapp.express/media/cache/vendor_logo/uploads/images/vendors/logos/default.png,True,False,45,,7.6,VendorListItem
112576,سوپرمارکت مورمارکت (کوهک),False,https://cdn.snapp.express/media/cache/vendor_item_cover/uploads/images/vendors/covers/64e4867929b08.jpg,0,70000,0ygv2m,ACTIVE,هوانیروز,19,False,https://cdn.snapp.express/media/cache/vendor_logo/uploads/images/vendors/logos/64e486791dcfa.png,True,False,45,,8.4,VendorListItem
110345,سوپرمارکت مارال (باغ فیض),False,https://cdn.snapp.express/media/cache/vendor_item_cover/uploads/images/vendors/covers/6235b30766311.jpg,3187,70000,31q6ky,ACTIVE,باغ فيض,187,False,https://cdn.snapp.express/media/cache/vendor_logo/uploads/images/vendors/logos/default.png,True,False,45,,8.4,VendorListItem
111189,سوپرمارکت آیدین (اشرفی اصفهانی),False,https://cdn.snapp.express/media/cache/vendor_item_cover/uploads/images/vendors/covers/62e532b36da7b.jpg,755,70000,3ee5lm,ACTIVE,باغ فيض,70,False,https://cdn.snapp.express/media/cache/vendor_logo/uploads/images/vendors/logos/default.png,True,False,45,,8.4,VendorListItem
112953,سوپرمارکت مریم (امازاده جعفر),False,https://cdn.snapp.express/media/cache/vendor_item_cover/uploads/images/vendors/covers/654b46c6a9982.jpg,0,70000,pvqjr5,ACTIVE,باغ فيض,6,False,https://cdn.snapp.express/media/cache/vendor_logo/uploads/images/vendors/logos/654b46c6999ed.png,True,False,45,,8.2,VendorListItem
113066,سوپر مارکت آرمان (اشرفی اصفهانی),False,https://cdn.snapp.express/media/cache/vendor_item_cover/uploads/images/vendors/covers/657598f93c583.jpg,0,70000,37r5ox,ACTIVE,باغ فيض,3,False,https://cdn.snapp.express/media/cache/vendor_logo/uploads/images/vendors/logos/657598f9338ca.png,True,False,45,,7.8,VendorListItem
114028,فروشگاه هفت باغ فیض (همواره تخفیف),False,https://cdn.snapp.express/media/cache/vendor_item_cover/uploads/images/vendors/covers/669246dd94a3c.jpeg,0,90000,0ygjor,ACTIVE,باغ فيض,0,False,https://cdn.snapp.express/media/cache/vendor_logo/uploads/images/vendors/logos/669246dd8d984.jfif,True,False,45,,0.0,VendorListItem
93753,سوپرمارکت یاران دریان کوروش (ایت الله کاشانی),False,https://cdn.snapp.express/media/cache/vendor_item_cover/uploads/images/vendors/covers/6152f5a8697f6.jpg,3598,75000,pvezz5,ACTIVE,سازمان برنامه شمالی‎ - شاهین,132,False,https://cdn.snapp.express/media/cache/vendor_logo/uploads/images/vendors/logos/64342e475771d.png,True,False,45,,9.2,VendorListItem
111034,سوپرمارکت یاران دریان توانیر (عباسپور),False,https://cdn.snapp.express/media/cache/vendor_item_cover/uploads/images/vendors/covers/62cbd17df088b.jpg,4162,105000,pz962o,ACTIVE,توانیر,193,False,https://cdn.snapp.express/media/cache/vendor_logo/uploads/images/vendors/logos/64342e475771d.png,True,False,45,,7.2,VendorListItem
90924,سوپرمارکت یاران دریان ارسباران (سید خندان),False,https://cdn.snapp.express/media/cache/vendor_item_cover/uploads/images/vendors/covers/614076442b1a9.jpg,13088,85000,0w428g,ACTIVE,سید خندان,465,False,https://cdn.snapp.express/media/cache/vendor_logo/uploads/images/vendors/logos/668b8b6f32233.jpg,True,False,45,,8.2,VendorListItem
85813,جانبو خواجه عبدالله انصاری (همواره تخفیف),False,https://cdn.snapp.express/media/cache/vendor_item_cover/uploads/images/vendors/covers/63babbdd1a13f.png,5619,100000,p8d7k2,ACTIVE,خواجه عبدالله انصاری,228,False,https://cdn.snapp.express/media/cache/vendor_logo/uploads/images/vendors/logos/66a101b7882dc.jpg,True,False,45,,6.4,VendorListItem
112959,سوپرمارکت یاران دریان ای تک (عراقی),False,https://cdn.snapp.express/media/cache/vendor_item_cover/uploads/images/vendors/covers/654b7bd63beff.jpg,0,70000,0rqxj9,ACTIVE,خواجه عبدالله انصاری,12,False,https://cdn.snapp.express/media/cache/vendor_logo/uploads/images/vendors/logos/654b7bd631a6a.png,True,False,45,,8.2,VendorListItem
111494,سوپرمارکت پایتخت (شهید عراقی),False,https://cdn.snapp.express/media/cache/vendor_item_cover/uploads/images/vendors/covers/630ef911da1bf.jpg,1792,100000,p5zokn,ACTIVE,خواجه عبدالله انصاری,149,False,https://cdn.snapp.express/media/cache/vendor_logo/uploads/images/vendors/logos/default.png,True,False,45,,8.6,VendorListItem
114029,سوپرمارکت آنا (رسالت),False,,0,70000,pvq161,ACTIVE,كاظم آباد,1,False,https://cdn.snapp.express/media/cache/vendor_logo/uploads/images/vendors/logos/669258947ebe0.jpg,True,False,45,,0.0,VendorListItem
110181,فروشگاه هفت استاد حسن بنا (همواره تخفیف),False,https://cdn.snapp.express/media/cache/vendor_item_cover/uploads/images/vendors/covers/63f22d48f3acb.png,1399,80000,0qlje2,ACTIVE,كاظم آباد,85,False,https://cdn.snapp.express/media/cache/vendor_logo/uploads/images/vendors/logos/64342a4c8225c.png,True,False,45,,7.72,VendorListItem
111125,فروشگاه هفت شمیران نو (همواره تخفیف),False,https://cdn.snapp.express/media/cache/vendor_item_cover/uploads/images/vendors/covers/63f22a98466a7.png,337,80000,0gklwr,ACTIVE,شمیران نو,29,False,https://cdn.snapp.express/media/cache/vendor_logo/uploads/images/vendors/logos/64342a4c8225c.png,True,False,45,,9.0,VendorListItem
85407,اسمارت رسالت (سوپرمارکت زنجیره ای اسنپ),False,https://cdn.snapp.express/media/cache/vendor_item_cover/uploads/images/vendors/covers/652314c8d6181.png,97851,100000,0m919o,ACTIVE,نارمک شمالی,6997,True,https://cdn.snapp.express/media/cache/vendor_logo/uploads/images/vendors/logos/652314c8d0fd2.png,True,False,45,,8.8,VendorListItem
113292,فروشگاه هیراد 2 (شوینده بهداشتی),False,,0,180000,3kjoqk,ACTIVE,كاظم آباد,1,False,https://cdn.snapp.express/media/cache/vendor_logo/uploads/images/vendors/logos/65e6fb71413a8.jpg,True,False,45,,7.6,VendorListItem
44532,سوپرمارکت یاران دریان 24 (تهرانپارس),False,https://cdn.snapp.express/media/cache/vendor_item_cover/uploads/images/vendors/covers/60a4e15511392.jpg,101502,70000,0l8mdk,ACTIVE,تهران پارس غربی,2777,False,https://cdn.snapp.express/media/cache/vendor_logo/uploads/images/vendors/logos/64342e475771d.png,True,False,45,,8.4,VendorListItem
110214,سوپرمارکت شبانه روزی آنام (تهرانپارس),False,https://cdn.snapp.express/media/cache/vendor_item_cover/uploads/images/vendors/covers/62205477b4e4d.jpg,5235,70000,p4qozj,ACTIVE,تهران پارس غربی,454,False,https://cdn.snapp.express/media/cache/vendor_logo/uploads/images/vendors/logos/default.png,True,False,45,,9.0,VendorListItem
112349,گندم تهرانپارس شرقی2 (همواره تخفیف),False,https://cdn.snapp.express/media/cache/vendor_item_cover/uploads/images/vendors/covers/64a3c278ddf8d.png,0,80000,0gkynr,ACTIVE,تهران پارس شرقی,1,False,https://cdn.snapp.express/media/cache/vendor_logo/uploads/images/vendors/logos/64a3c278d443f.png,True,False,45,,0.0,VendorListItem
113234,فروشگاه پاکلند (شوینده بهداشتی),False,,0,180000,pz98we,ACTIVE,حكيميه,0,False,https://cdn.snapp.express/media/cache/vendor_logo/uploads/images/vendors/logos/65e6fb895bfab.jpg,True,False,45,,0.0,VendorListItem
110431,سوپرمارکت لاله هریسی (جنت آباد),False,https://cdn.snapp.express/media/cache/vendor_item_cover/uploads/images/vendors/covers/62650501526fb.jpg,1458,70000,0myr8y,ACTIVE,سازمان برنامه شمالی‎ - شاهین,130,False,https://cdn.snapp.express/media/cache/vendor_logo/uploads/images/vendors/logos/default.png,True,False,45,,9.0,VendorListItem
110921,دیلی مارکت باغ فیض (همواره تخفیف),False,https://cdn.snapp.express/media/cache/vendor_item_cover/uploads/images/vendors/covers/62ce5de585556.jpg,408,100000,31zvky,ACTIVE,باغ فيض,29,False,https://cdn.snapp.express/media/cache/vendor_logo/uploads/images/vendors/logos/65b61d403609f.jpg,True,False,45,,9.2,VendorListItem
113483,سوپرمارکت اوا (اشرفی اصفهانی),False,https://cdn.snapp.express/media/cache/vendor_item_cover/uploads/images/vendors/covers/65d309323d832.jpg,0,70000,0rqym8,ACTIVE,شهرک هما,15,False,https://cdn.snapp.express/media/cache/vendor_logo/uploads/images/vendors/logos/65d3093225f8b.png,True,False,45,,8.4,VendorListItem
71483,سوپرمارکت ققنوس (باغ فیض),False,https://cdn.snapp.express/media/cache/vendor_item_cover/uploads/images/vendors/covers/60ab4871d7465.jpg,11658,70000,0ryxj8,ACTIVE,باغ فيض,695,False,https://cdn.snapp.express/media/cache/vendor_logo/uploads/images/vendors/logos/default.png,True,False,45,,8.2,VendorListItem
113335,فروشگاه اسپار آ اس پ (همواره تخفیف),False,https://cdn.snapp.express/media/cache/vendor_item_cover/uploads/images/vendors/covers/669232c2e6822.png,0,80000,0rqx6o,ACTIVE,والفجر,1,False,https://cdn.snapp.express/media/cache/vendor_logo/uploads/images/vendors/logos/669232c2df2a3.png,True,False,45,,0.0,VendorListItem
25332,سوپرمارکت کیشگا (آرژانتین),False,https://cdn.snapp.express/media/cache/vendor_item_cover/uploads/images/vendors/covers/60a4d6a98edd7.jpg,44134,70000,0l2yqk,ACTIVE,میدان آرژانتین,1220,False,https://cdn.snapp.express/media/cache/vendor_logo/uploads/images/vendors/logos/default.png,True,False,45,,8.4,VendorListItem
113660,فروشگاه هفت قدس (همواره تخفیف),False,https://cdn.snapp.express/media/cache/vendor_item_cover/uploads/images/vendors/covers/65f6aef13fc05.png,0,85000,pojg6v,ACTIVE,شمس آباد - مجيديه,2,False,https://cdn.snapp.express/media/cache/vendor_logo/uploads/images/vendors/logos/65f6aef120dfd.png,True,False,45,,8.4,VendorListItem
110527,گندم شمس آباد3(همواره تخفیف),False,https://cdn.snapp.express/media/cache/vendor_item_cover/uploads/images/vendors/covers/627641bc4f16c.jpg,2256,80000,3d7x67,ACTIVE,شمس آباد - مجيديه,135,False,https://cdn.snapp.express/media/cache/vendor_logo/uploads/images/vendors/logos/64342b3a8d27d.png,True,False,45,,8.2,VendorListItem
85802,جانبو نیرو دریایی (همواره تخفیف),False,https://cdn.snapp.express/media/cache/vendor_item_cover/uploads/images/vendors/covers/66ae128cf379e.png,2906,100000,09y756,ACTIVE,كالاد,134,False,https://cdn.snapp.express/media/cache/vendor_logo/uploads/images/vendors/logos/66ae128cf04b6.jpg,True,False,45,,8.21,VendorListItem
110919,دیلی مارکت خیابان سراج(همواره تخفیف),False,https://cdn.snapp.express/media/cache/vendor_item_cover/uploads/images/vendors/covers/62ce5c87c783d.jpg,432,100000,0jje7q,ACTIVE,اوقاف,20,False,https://cdn.snapp.express/media/cache/vendor_logo/uploads/images/vendors/logos/65b61e4b57793.jpg,True,False,45,,7.8,VendorListItem
85854,جانبو تهرانپارس (همواره تخفیف),False,https://cdn.snapp.express/media/cache/vendor_item_cover/uploads/images/vendors/covers/6121d8ca60850.png,5509,80000,p6g2dg,ACTIVE,تهران پارس غربی,262,False,https://cdn.snapp.express/media/cache/vendor_logo/uploads/images/vendors/logos/64342aba32ce7.png,True,False,45,,8.4,VendorListItem
55853,سوپرمارکت زرین (حکیمیه),False,https://cdn.snapp.express/media/cache/vendor_item_cover/uploads/images/vendors/covers/60b5c5e07763e.jpg,20717,70000,pvj961,ACTIVE,حكيميه,1101,False,https://cdn.snapp.express/media/cache/vendor_logo/uploads/images/vendors/logos/default.png,True,False,45,,8.2,VendorListItem
114062,جانبوحکیمیه بهار(همواره تخفیف),False,https://cdn.snapp.express/media/cache/vendor_item_cover/uploads/images/vendors/covers/66a9ffb37602e.png,0,80000,p4zjl5,ACTIVE,حكيميه,0,False,https://cdn.snapp.express/media/cache/vendor_logo/uploads/images/vendors/logos/66a9ffb370619.jpg,True,False,45,,0.0,VendorListItem
55610,سوپرمارکت تانیش (شهر زیبا),False,https://cdn.snapp.express/media/cache/vendor_item_cover/uploads/images/vendors/covers/60a5072a01f0a.jpg,16860,70000,pz86re,ACTIVE,انديشه,661,False,https://cdn.snapp.express/media/cache/vendor_logo/uploads/images/vendors/logos/default.png,True,False,45,,8.2,VendorListItem
109768,جانبو شهر زیبا (همواره تخفیف),False,https://cdn.snapp.express/media/cache/vendor_item_cover/uploads/images/vendors/covers/661ce7e55f3ce.png,520,100000,3k9yxq,ACTIVE,انديشه,31,False,https://cdn.snapp.express/media/cache/vendor_logo/uploads/images/vendors/logos/661ce7e558fba.jpg,True,False,45,,8.2,VendorListItem
56245,سوپرمارکت یاران دریان شندی 110,False,https://cdn.snapp.express/media/cache/vendor_item_cover/uploads/images/vendors/covers/6576c65d3fca6.jpg,26506,70000,31x25k,ACTIVE,شاهین جنوبی,909,False,https://cdn.snapp.express/media/cache/vendor_logo/uploads/images/vendors/logos/6576c65d3a6e4.png,True,False,45,,8.6,VendorListItem
113425,مینو مارت باغ فیض (همواره تخفیف),False,https://cdn.snapp.express/media/cache/vendor_item_cover/uploads/images/vendors/covers/65cc965f17064.jpg,0,80000,0gkgwn,ACTIVE,باغ فيض,1,False,https://cdn.snapp.express/media/cache/vendor_logo/uploads/images/vendors/logos/65cc965ef2a45.jpg,True,False,45,,7.6,VendorListItem
113713,فروشگاه هفت کاشانی (همواره تخفیف),False,https://cdn.snapp.express/media/cache/vendor_item_cover/uploads/images/vendors/covers/661a590fbf361.png,0,80000,p8egl5,ACTIVE,سازمان برنامه شمالی‎ - شاهین,2,False,https://cdn.snapp.express/media/cache/vendor_logo/uploads/images/vendors/logos/661a590f98b8c.png,True,False,45,,8.8,VendorListItem
113865,سوپرمارکت یاران دریان لوکس (امیرآباد),False,,0,70000,3ee2do,ACTIVE,امیر آباد,2,False,https://cdn.snapp.express/media/cache/vendor_logo/uploads/images/vendors/logos/664c82e4f0b27.jpg,True,False,45,,0.0,VendorListItem
111103,فروشگاه هفت مجیدیه (همواره تخفیف),False,https://cdn.snapp.express/media/cache/vendor_item_cover/uploads/images/vendors/covers/63f22acb312fd.png,409,80000,3del67,ACTIVE,شمس آباد - مجيديه,52,False,https://cdn.snapp.express/media/cache/vendor_logo/uploads/images/vendors/logos/64342a4c8225c.png,True,False,45,,8.2,VendorListItem
72542,سوپرمارکت مایده (مجیدیه),False,https://cdn.snapp.express/media/cache/vendor_item_cover/uploads/images/vendors/covers/60ab438793e4a.jpg,3447,70000,37ww2n,ACTIVE,دبستان-مجيديه,199,False,https://cdn.snapp.express/media/cache/vendor_logo/uploads/images/vendors/logos/default.png,True,False,45,,8.8,VendorListItem
110660,فروشگاه هفت شهید کرد(همواره تخفیف),False,https://cdn.snapp.express/media/cache/vendor_item_cover/uploads/images/vendors/covers/63f22b5db12fd.png,1012,80000,pojqzv,ACTIVE,شمس آباد - مجيديه,113,False,https://cdn.snapp.express/media/cache/vendor_logo/uploads/images/vendors/logos/64342a4c8225c.png,True,False,45,,9.0,VendorListItem
113715,دیلی مارکت میدان صد نارمک(همواره تخفیف),False,https://cdn.snapp.express/media/cache/vendor_item_cover/uploads/images/vendors/covers/661a5ff7a3f1f.jpg,0,85000,0njwer,ACTIVE,علم و صنعت,5,False,https://cdn.snapp.express/media/cache/vendor_logo/uploads/images/vendors/logos/661a5ff77adf7.jpg,True,False,45,,0.0,VendorListItem
113596,مینو مارت فرجام (همواره تخفیف),False,https://cdn.snapp.express/media/cache/vendor_item_cover/uploads/images/vendors/covers/65ec3841ac2f2.jpg,0,80000,0wq11z,ACTIVE,كالاد,1,False,https://cdn.snapp.express/media/cache/vendor_logo/uploads/images/vendors/logos/65ec38419ccb9.jpg,True,False,45,,8.4,VendorListItem
35574,سوپرمارکت هاپیر مارکت زرفام (تهرانپارس),False,https://cdn.snapp.express/media/cache/vendor_item_cover/uploads/images/vendors/covers/60a4ff0647ba5.jpg,48886,70000,0962dy,ACTIVE,تهران پارس غربی,1763,False,https://cdn.snapp.express/media/cache/vendor_logo/uploads/images/vendors/logos/default.png,True,False,45,,8.4,VendorListItem
113364,مینو مارت تهرانپارس (همواره تخفیف),False,https://cdn.snapp.express/media/cache/vendor_item_cover/uploads/images/vendors/covers/65ccaffd3954e.jpg,0,80000,3xw2x9,ACTIVE,تهران پارس شرقی,6,False,https://cdn.snapp.express/media/cache/vendor_logo/uploads/images/vendors/logos/65ccaffd273f2.jpg,True,False,45,,8.0,VendorListItem
110666,فروشگاه هفت حکیمیه بهار (همواره تخفیف),False,https://cdn.snapp.express/media/cache/vendor_item_cover/uploads/images/vendors/covers/63f22b686d24d.png,1804,80000,37r4yx,ACTIVE,حكيميه,84,False,https://cdn.snapp.express/media/cache/vendor_logo/uploads/images/vendors/logos/64342a4c8225c.png,True,False,45,,8.6,VendorListItem
113666,فروشگاه هفت سرو آزاد (همواره تخفیف),False,https://cdn.snapp.express/media/cache/vendor_item_cover/uploads/images/vendors/covers/65f7f8912d95c.jpeg,0,85000,37rwrx,ACTIVE,سرو آزاد,2,False,https://cdn.snapp.express/media/cache/vendor_logo/uploads/images/vendors/logos/65f7f8910bf83.jfif,True,False,45,,8.8,VendorListItem
113255,سوپرمارکت دنیز (شهر زیبا),False,https://cdn.snapp.express/media/cache/vendor_item_cover/uploads/images/vendors/covers/659bb834a4589.jpg,0,70000,0mj17r,ACTIVE,انديشه,8,False,https://cdn.snapp.express/media/cache/vendor_logo/uploads/images/vendors/logos/659bb8347ecaf.png,True,False,45,,9.0,VendorListItem
56425,سوپرمارکت شندی 110 (ستاری شمال),False,https://cdn.snapp.express/media/cache/vendor_item_cover/uploads/images/vendors/covers/60a61d94e6d48.jpg,16050,70000,0ggn5n,ACTIVE,باغ فيض,614,False,https://cdn.snapp.express/media/cache/vendor_logo/uploads/images/vendors/logos/default.png,True,False,45,,7.8,VendorListItem
56474,سوپرمارکت شهرزاد (باغ فیض),False,https://cdn.snapp.express/media/cache/vendor_item_cover/uploads/images/vendors/covers/60a62804c0a05.jpg,15695,70000,097646,ACTIVE,باغ فيض,569,False,https://cdn.snapp.express/media/cache/vendor_logo/uploads/images/vendors/logos/default.png,True,False,45,,8.8,VendorListItem
62362,سوپرمارکت یاران دریان ابوالفضل (مرزداران),False,https://cdn.snapp.express/media/cache/vendor_item_cover/uploads/images/vendors/covers/60a50ffa8cabb.jpg,36349,75000,p428jy,ACTIVE,مرزداران غربی,1225,False,https://cdn.snapp.express/media/cache/vendor_logo/uploads/images/vendors/logos/64342e475771d.png,True,False,45,,8.8,VendorListItem
107601,اسمارت مرزداران (سوپرمارکت زنجیره ای اسنپ),False,https://cdn.snapp.express/media/cache/vendor_item_cover/uploads/images/vendors/covers/6523141f18435.png,71168,100000,0gz872,ACTIVE,مرزداران شرقی,3781,True,https://cdn.snapp.express/media/cache/vendor_logo/uploads/images/vendors/logos/6523141f117ab.png,True,False,45,,9.4,VendorListItem
110567,دیلی مارکت یوسف آباد (همواره تخفیف),False,https://cdn.snapp.express/media/cache/vendor_item_cover/uploads/images/vendors/covers/627bf9d957f0c.jpg,921,90000,0jgvdv,ACTIVE,یوسف آباد,56,False,https://cdn.snapp.express/media/cache/vendor_logo/uploads/images/vendors/logos/65b61efb43f04.jpg,True,False,45,,8.6,VendorListItem
93199,سوپرمارکت باغچه بان دریانی,False,https://cdn.snapp.express/media/cache/vendor_item_cover/uploads/images/vendors/covers/614f2bb7e278a.jpg,12409,75000,3dvyn7,ACTIVE,یوسف آباد,417,False,https://cdn.snapp.express/media/cache/vendor_logo/uploads/images/vendors/logos/default.png,True,False,45,,8.4,VendorListItem
113674,سوپرمارکت آبشار (ساعی),False,,0,90000,09e9eq,ACTIVE,توانیر,3,False,https://cdn.snapp.express/media/cache/vendor_logo/uploads/images/vendors/logos/6603eeaca8468.png,True,False,45,,8.2,VendorListItem
109514,سوپرمارکت سلام (هدایتی),False,https://cdn.snapp.express/media/cache/vendor_item_cover/uploads/images/vendors/covers/61cb64e6eef33.jpg,2552,70000,p4qngr,ACTIVE,شمس آباد - مجيديه,196,False,https://cdn.snapp.express/media/cache/vendor_logo/uploads/images/vendors/logos/default.png,True,False,45,,8.2,VendorListItem
113661,فروشگاه هفت 48 فرجام (همواره تخفیف),False,https://cdn.snapp.express/media/cache/vendor_item_cover/uploads/images/vendors/covers/65f6b2649f9db.png,0,85000,p8egoy,ACTIVE,علم و صنعت,3,False,https://cdn.snapp.express/media/cache/vendor_logo/uploads/images/vendors/logos/65f6b2647251f.png,True,False,45,,7.8,VendorListItem
114072,جانبو سرسبز(همواره تخفیف),False,https://cdn.snapp.express/media/cache/vendor_item_cover/uploads/images/vendors/covers/66aa0f9a3a134.png,0,80000,0wq4d5,ACTIVE,نارمک شمالی,0,False,https://cdn.snapp.express/media/cache/vendor_logo/uploads/images/vendors/logos/66aa0f9a379bd.jpg,True,False,45,,0.0,VendorListItem
113807,فروشگاه هفت حسن بنا جنوبی (همواره تخفیف ),False,https://cdn.snapp.express/media/cache/vendor_item_cover/uploads/images/vendors/covers/663b2304dbbca.jfif,0,80000,0mjmxr,ACTIVE,دبستان-مجيديه,0,False,https://cdn.snapp.express/media/cache/vendor_logo/uploads/images/vendors/logos/663b2304d6e92.jfif,True,False,45,,0.0,VendorListItem
109933,سوپرمارکت سورنا 2078,False,https://cdn.snapp.express/media/cache/vendor_item_cover/uploads/images/vendors/covers/6316f0185ab5d.jpg,1389,70000,0qlzm9,ACTIVE,تهران پارس غربی,96,False,https://cdn.snapp.express/media/cache/vendor_logo/uploads/images/vendors/logos/default.png,True,False,45,,8.0,VendorListItem
113024,سوپرمارکت دامدشت (فلکه دوم تهرانپارس),False,https://cdn.snapp.express/media/cache/vendor_item_cover/uploads/images/vendors/covers/656340393e72b.jpg,0,70000,0wqz1q,ACTIVE,تهران پارس غربی,26,False,https://cdn.snapp.express/media/cache/vendor_logo/uploads/images/vendors/logos/6563403938315.png,True,False,45,,8.2,VendorListItem
111504,سوپرمارکت اسکویی (مجیدیه),False,https://cdn.snapp.express/media/cache/vendor_item_cover/uploads/images/vendors/covers/63148aca7e7b5.jpg,1510,70000,0yg15y,ACTIVE,مجیديه,159,False,https://cdn.snapp.express/media/cache/vendor_logo/uploads/images/vendors/logos/default.png,True,False,45,,8.4,VendorListItem
114047,جانبو آزاد شهر(همواره تخفیف),False,,0,80000,32zxll,ACTIVE,سرو آزاد,1,False,https://cdn.snapp.express/media/cache/vendor_logo/uploads/images/vendors/logos/default.png,True,False,45,,0.0,VendorListItem
109771,جانبو آریاشهر (همواره تخفیف),False,https://cdn.snapp.express/media/cache/vendor_item_cover/uploads/images/vendors/covers/661ce3e2758cc.png,165,80000,32q8kd,ACTIVE,سازمان برنامه شمالی‎ - شاهین,12,False,https://cdn.snapp.express/media/cache/vendor_logo/uploads/images/vendors/logos/661ce3e270b0d.jpg,True,False,45,,8.6,VendorListItem
56255,سوپرمارکت سهند (باغ فیض),False,https://cdn.snapp.express/media/cache/vendor_item_cover/uploads/images/vendors/covers/61ce97b1139c6.jpg,30531,70000,0m1eor,ACTIVE,باغ فيض,993,False,https://cdn.snapp.express/media/cache/vendor_logo/uploads/images/vendors/logos/default.png,True,False,45,,8.2,VendorListItem
110046,سوپرمارکت لاله (مرزداران),False,https://cdn.snapp.express/media/cache/vendor_item_cover/uploads/images/vendors/covers/621234ec64648.jpg,1244,70000,p5q4ow,ACTIVE,مرزداران غربی,85,False,https://cdn.snapp.express/media/cache/vendor_logo/uploads/images/vendors/logos/default.png,True,False,45,,8.2,VendorListItem
114082,جانبوپیامبر اباذر(همواره تخفیف),False,https://cdn.snapp.express/media/cache/vendor_item_cover/uploads/images/vendors/covers/66a0a1616e4fb.png,0,80000,pz91no,ACTIVE,اباذر,1,False,https://cdn.snapp.express/media/cache/vendor_logo/uploads/images/vendors/logos/66a0a1616b0f3.jpg,True,False,45,,0.0,VendorListItem
71491,سوپرمارکت نگین کوهسار (مرزداران),False,https://cdn.snapp.express/media/cache/vendor_item_cover/uploads/images/vendors/covers/60ab4772045ff.jpg,10860,70000,0jm4n9,ACTIVE,مرزداران شرقی,450,False,https://cdn.snapp.express/media/cache/vendor_logo/uploads/images/vendors/logos/default.png,True,False,45,,9.0,VendorListItem
109670,فروشگاه هفت گیشا (همواره تخفیف),False,https://cdn.snapp.express/media/cache/vendor_item_cover/uploads/images/vendors/covers/63f22e85ca7bd.png,2053,80000,p5qxyn,ACTIVE,كوی نصر,116,False,https://cdn.snapp.express/media/cache/vendor_logo/uploads/images/vendors/logos/64342a4c8225c.png,True,False,45,,9.0,VendorListItem
54848,سوپرمارکت پیروزی (گیشا),False,https://cdn.snapp.express/media/cache/vendor_item_cover/uploads/images/vendors/covers/60a5000fe154f.jpg,33014,70000,0w9l1q,ACTIVE,كوی نصر,865,False,https://cdn.snapp.express/media/cache/vendor_logo/uploads/images/vendors/logos/default.png,True,False,45,,8.6,VendorListItem
112602,سوپرمارکت آپادانا مارکت (سهروردی),False,https://cdn.snapp.express/media/cache/vendor_item_cover/uploads/images/vendors/covers/64f2e112a6193.jpg,0,70000,09ewgd,ACTIVE,نيلوفر-شهيد قندی,21,False,https://cdn.snapp.express/media/cache/vendor_logo/uploads/images/vendors/logos/64f2e112a069e.png,True,False,45,,8.8,VendorListItem
55567,سوپرمارکت ویدا (سهروردی شمالی),False,https://cdn.snapp.express/media/cache/vendor_item_cover/uploads/images/vendors/covers/60a505db2f6f6.jpg,43716,70000,0j4e6g,ACTIVE,نيلوفر-شهيد قندی,1330,False,https://cdn.snapp.express/media/cache/vendor_logo/uploads/images/vendors/logos/default.png,True,False,45,,8.0,VendorListItem
114070,جانبو سهروردی (همواره تخفیف),False,https://cdn.snapp.express/media/cache/vendor_item_cover/uploads/images/vendors/covers/66aa070eca2bf.png,0,80000,p5zw2x,ACTIVE,نيلوفر-شهيد قندی,1,False,https://cdn.snapp.express/media/cache/vendor_logo/uploads/images/vendors/logos/66aa070ec73cc.jpg,True,False,45,,0.0,VendorListItem
109472,اسمارت گیشا (سوپرمارکت زنجیره ای اسنپ),False,https://cdn.snapp.express/media/cache/vendor_item_cover/uploads/images/vendors/covers/65231137e148e.png,61797,100000,0wwxdq,ACTIVE,كوی نصر,3510,True,https://cdn.snapp.express/media/cache/vendor_logo/uploads/images/vendors/logos/65231137dc52c.png,True,False,45,,8.8,VendorListItem
110923,دیلی مارکت بزرگراه رسالت (همواره تخفیف),False,https://cdn.snapp.express/media/cache/vendor_item_cover/uploads/images/vendors/covers/6317066eabb4e.jpg,326,95000,32z6kd,ACTIVE,مجیديه,29,False,https://cdn.snapp.express/media/cache/vendor_logo/uploads/images/vendors/logos/65b75efa77d8f.jpg,True,False,45,,9.2,VendorListItem
114077,جانبورسالت شاپرک(همواره تخفیف),False,https://cdn.snapp.express/media/cache/vendor_item_cover/uploads/images/vendors/covers/669faa611b20f.png,0,80000,pvqex1,ACTIVE,نارمک شمالی,0,False,https://cdn.snapp.express/media/cache/vendor_logo/uploads/images/vendors/logos/669faa6117949.jpg,True,False,45,,0.0,VendorListItem
112484,تست کیان(همواره تخفیف),False,https://cdn.snapp.express/media/cache/vendor_item_cover/uploads/images/vendors/covers/651d4240d9caf.png,0,1000,pojryv,ACTIVE,شهرک گلستان,0,False,https://cdn.snapp.express/media/cache/vendor_logo/uploads/images/vendors/logos/651d4240d3580.png,True,False,30,,0.0,VendorListItem
110591,تست کانتنت,False,,0,45000,0jgvvv,ACTIVE,شهرک گلستان,0,False,https://cdn.snapp.express/media/cache/vendor_logo/uploads/images/vendors/logos/default.png,True,False,45,,0.0,VendorListItem
106746,سوپرمارکت متانت (چیتگر),False,https://cdn.snapp.express/media/cache/vendor_item_cover/uploads/images/vendors/covers/6194a22190d02.jpg,1950,70000,p5qlqe,ACTIVE,هوانیروز,107,False,https://cdn.snapp.express/media/cache/vendor_logo/uploads/images/vendors/logos/default.png,True,False,45,,7.2,VendorListItem
113363,مینو مارت اشرفی (همواره تخفیف),False,https://cdn.snapp.express/media/cache/vendor_item_cover/uploads/images/vendors/covers/65ca2757a879b.jpg,0,80000,0njq6z,ACTIVE,مرزداران غربی,1,False,https://cdn.snapp.express/media/cache/vendor_logo/uploads/images/vendors/logos/65ca2757831cd.jpg,True,False,45,,7.4,VendorListItem
111710,سوپرمارکت دانش(آیت الله کاشانی),False,https://cdn.snapp.express/media/cache/vendor_item_cover/uploads/images/vendors/covers/636671e4204a5.jpg,235,70000,pz9njw,ACTIVE,اباذر,38,False,https://cdn.snapp.express/media/cache/vendor_logo/uploads/images/vendors/logos/default.png,True,False,45,,7.8,VendorListItem
113063,فروشگاه هایجین (شوینده بهداشتی),False,,0,180000,0njqd8,ACTIVE,مهران,0,False,https://cdn.snapp.express/media/cache/vendor_logo/uploads/images/vendors/logos/65e6fc616db26.jpg,True,False,45,,9.2,VendorListItem
77146,جانبو پیامبر (همواره تخفیف),False,https://cdn.snapp.express/media/cache/vendor_item_cover/uploads/images/vendors/covers/63ba6bf302790.png,8498,80000,p55kxv,ACTIVE,باغ فيض,362,False,https://cdn.snapp.express/media/cache/vendor_logo/uploads/images/vendors/logos/64342aba32ce7.png,True,False,45,,8.8,VendorListItem
113599,مینو مارت ایثار مرزداران (همواره تخفیف),False,https://cdn.snapp.express/media/cache/vendor_item_cover/uploads/images/vendors/covers/65ec5056c9776.jpg,0,80000,3derr7,ACTIVE,مرزداران شرقی,0,False,https://cdn.snapp.express/media/cache/vendor_logo/uploads/images/vendors/logos/65ec50569dd4a.jpg,True,False,45,,8.6,VendorListItem
113716,فروشگاه فمیلی مارت (شوینده بهداشتی),False,,0,180000,3xwrk2,ACTIVE,یوسف آباد,0,False,https://cdn.snapp.express/media/cache/vendor_logo/uploads/images/vendors/logos/661a65ef1bd78.jpg,True,False,45,,0.0,VendorListItem
56566,سوپرمارکت برکت (کرمان جنوبی),False,https://cdn.snapp.express/media/cache/vendor_item_cover/uploads/images/vendors/covers/60a76912d13b1.jpg,28081,70000,375x52,ACTIVE,كرمان,1043,False,https://cdn.snapp.express/media/cache/vendor_logo/uploads/images/vendors/logos/default.png,True,False,45,,8.6,VendorListItem
56779,سوپرمارکت 49 (نارمک),False,https://cdn.snapp.express/media/cache/vendor_item_cover/uploads/images/vendors/covers/60a770eb7f17f.jpg,52993,70000,0m1wxv,ACTIVE,هفت حوض,1969,False,https://cdn.snapp.express/media/cache/vendor_logo/uploads/images/vendors/logos/default.png,True,False,45,,8.6,VendorListItem
111344,سوپرمارکت شادکام (نارمک),False,https://cdn.snapp.express/media/cache/vendor_item_cover/uploads/images/vendors/covers/63009fa1d6e35.jpg,609,70000,3kjl9j,ACTIVE,مدائن,81,False,https://cdn.snapp.express/media/cache/vendor_logo/uploads/images/vendors/logos/default.png,True,False,45,,8.6,VendorListItem
114074,جانبوتهران پارس ناهید(همواره تخفیف),False,https://cdn.snapp.express/media/cache/vendor_item_cover/uploads/images/vendors/covers/66aa10ee484ec.png,0,80000,09ey46,ACTIVE,تهران پارس غربی,0,False,https://cdn.snapp.express/media/cache/vendor_logo/uploads/images/vendors/logos/66aa10ee45c26.jpg,True,False,45,,0.0,VendorListItem
113875,سوپر مارکت یاران دریان سن سو(حکیمیه),False,,0,70000,3der9n,ACTIVE,حكيميه,4,False,https://cdn.snapp.express/media/cache/vendor_logo/uploads/images/vendors/logos/6652e03a0fe00.jpg,True,False,45,,0.0,VendorListItem
113433,سوپرمارکت شهرک (جاده مخصوص),False,https://cdn.snapp.express/media/cache/vendor_item_cover/uploads/images/vendors/covers/65d05fc1f0a57.jpg,0,70000,0q15zx,ACTIVE,شهرک شهرداری,6,False,https://cdn.snapp.express/media/cache/vendor_logo/uploads/images/vendors/logos/65d05fc1d4766.png,True,False,45,,8.4,VendorListItem
58095,سوپرمارکت تست یار,False,https://cdn.snapp.express/media/cache/vendor_item_cover/uploads/images/vendors/covers/5ede3343affab.jpg,0,45000,32rry5,ACTIVE,FIXME,0,False,https://cdn.snapp.express/media/cache/vendor_logo/uploads/images/vendors/logos/default.png,True,False,30,,0.0,VendorListItem
109818,دیلی مارکت کوهک (همواره تخفیف),False,https://cdn.snapp.express/media/cache/vendor_item_cover/uploads/images/vendors/covers/61ff7436389f6.jpg,1552,100000,37o21g,ACTIVE,کوهک,55,False,https://cdn.snapp.express/media/cache/vendor_logo/uploads/images/vendors/logos/65b62306481b4.jpg,True,False,45,,7.8,VendorListItem
112035,تست نرم افزار سپیدز,False,https://cdn.snapp.express/media/cache/vendor_item_cover/uploads/images/vendors/covers/63eb406b4b519.jpg,0,45000,0rqj2v,ACTIVE,شهرک گلستان,0,False,https://cdn.snapp.express/media/cache/vendor_logo/uploads/images/vendors/logos/default.png,True,False,45,,0.0,VendorListItem
56045,سوپرمارکت یاران دریان یاس (فردوس غرب),False,https://cdn.snapp.express/media/cache/vendor_item_cover/uploads/images/vendors/covers/6576c6481b7d9.jpg,10924,70000,31x2q4,ACTIVE,ارم,404,False,https://cdn.snapp.express/media/cache/vendor_logo/uploads/images/vendors/logos/6576c64815d06.png,True,False,45,,8.4,VendorListItem
109606,سوپرمارکت مهر(سازمان برنامه شمالی),False,https://cdn.snapp.express/media/cache/vendor_item_cover/uploads/images/vendors/covers/61dbf94cd00b7.jpg,2711,70000,p6rege,ACTIVE,سازمان برنامه شمالی‎ - شاهین,111,False,https://cdn.snapp.express/media/cache/vendor_logo/uploads/images/vendors/logos/default.png,True,False,45,,8.4,VendorListItem
109519,گندم سازمان برنامه شمالی (همواره تخفیف),False,https://cdn.snapp.express/media/cache/vendor_item_cover/uploads/images/vendors/covers/61e3fcbab13db.jpg,2420,80000,0jgdrg,ACTIVE,سازمان برنامه شمالی‎ - شاهین,158,False,https://cdn.snapp.express/media/cache/vendor_logo/uploads/images/vendors/logos/64342b3a8d27d.png,True,False,45,,6.6,VendorListItem
63599,سوپرمارکت یاران دریان هستی (الهام),False,https://cdn.snapp.express/media/cache/vendor_item_cover/uploads/images/vendors/covers/60a7a5643023e.jpg,6636,70000,3dm1ox,ACTIVE,ارم,286,False,https://cdn.snapp.express/media/cache/vendor_logo/uploads/images/vendors/logos/64342e475771d.png,True,False,45,,8.8,VendorListItem
55013,سوپرمارکت تانیش (مرزداران),False,https://cdn.snapp.express/media/cache/vendor_item_cover/uploads/images/vendors/covers/60a5003e6fb0f.jpg,61620,70000,p84k8g,ACTIVE,مرزداران غربی,1884,False,https://cdn.snapp.express/media/cache/vendor_logo/uploads/images/vendors/logos/default.png,True,False,45,,8.6,VendorListItem
111566,فروشگاه هفت مرزداران (همواره تخفیف),False,https://cdn.snapp.express/media/cache/vendor_item_cover/uploads/images/vendors/covers/63f22a07472f4.png,609,80000,37rjvn,ACTIVE,مرزداران غربی,79,False,https://cdn.snapp.express/media/cache/vendor_logo/uploads/images/vendors/logos/64342a4c8225c.png,True,False,45,,9.2,VendorListItem
113257,عمده فروشی پکمارت,False,,0,300000,0q15gy,ACTIVE,هاشمی,3,True,https://cdn.snapp.express/media/cache/vendor_logo/uploads/images/vendors/logos/662df1a1cdc32.png,False,True,120,,8.2,VendorListItem
112975,سوپرمارکت نوین مارکت (مرزداران شرقی),False,https://cdn.snapp.express/media/cache/vendor_item_cover/uploads/images/vendors/covers/655204f18e8fc.jpg,0,70000,3demg7,ACTIVE,مرزداران شرقی,3,False,https://cdn.snapp.express/media/cache/vendor_logo/uploads/images/vendors/logos/655204f189075.png,True,False,45,,8.2,VendorListItem
113935,سوپرمارکت سون استار (آیت الله کاشانی),False,,0,70000,0rqyzo,ACTIVE,اباذر,3,False,https://cdn.snapp.express/media/cache/vendor_logo/uploads/images/vendors/logos/66712df5626f1.jpg,True,False,45,,0.0,VendorListItem
111148,فروشگاه هفت امیر آباد(همواره تخفیف),False,https://cdn.snapp.express/media/cache/vendor_item_cover/uploads/images/vendors/covers/63f229f9756ad.png,0,80000,0wq5lz,ACTIVE,امیر آباد,25,False,https://cdn.snapp.express/media/cache/vendor_logo/uploads/images/vendors/logos/6649afb728735.png,True,False,45,,8.0,VendorListItem
40362,سوپرمارکت شبانه روزی ادیب (بهشتی),False,https://cdn.snapp.express/media/cache/vendor_item_cover/uploads/images/vendors/covers/60a5000f09ce2.jpg,96794,70000,p4rn4x,ACTIVE,بهجت آباد,2804,False,https://cdn.snapp.express/media/cache/vendor_logo/uploads/images/vendors/logos/default.png,True,False,45,,8.6,VendorListItem
71652,سوپرمارکت هایپرپارک (مجیدیه جنوبی),False,https://cdn.snapp.express/media/cache/vendor_item_cover/uploads/images/vendors/covers/60ab47f55d9a3.jpg,3529,70000,0yjrwd,ACTIVE,مجیديه,147,False,https://cdn.snapp.express/media/cache/vendor_logo/uploads/images/vendors/logos/default.png,True,False,45,,8.6,VendorListItem
33527,سوپرمارکت رودسر (مجیدیه جنوبی),False,https://cdn.snapp.express/media/cache/vendor_item_cover/uploads/images/vendors/covers/60a4fcd511623.jpg,34026,70000,3d58mx,ACTIVE,مجیديه,1277,False,https://cdn.snapp.express/media/cache/vendor_logo/uploads/images/vendors/logos/default.png,True,False,45,,8.8,VendorListItem
110146,فروشگاه هفت جشنواره (همواره تخفیف),False,https://cdn.snapp.express/media/cache/vendor_item_cover/uploads/images/vendors/covers/63f22e4d28adb.png,878,80000,p5q45v,ACTIVE,تهران پارس شرقی,71,False,https://cdn.snapp.express/media/cache/vendor_logo/uploads/images/vendors/logos/64342a4c8225c.png,True,False,45,,8.8,VendorListItem
113758,فروشگاه آرینا نارمک(همواره تخفیف),False,,0,80000,pz9k5j,ACTIVE,مدائن,25,False,https://cdn.snapp.express/media/cache/vendor_logo/uploads/images/vendors/logos/6644a568edbce.png,True,False,45,,9.2,VendorListItem
110184,فروشگاه هفت حکیمیه(همواره تخفیف),False,https://cdn.snapp.express/media/cache/vendor_item_cover/uploads/images/vendors/covers/63f22d3bf3fad.png,32,80000,po6n6q,ACTIVE,حكيميه,13,False,https://cdn.snapp.express/media/cache/vendor_logo/uploads/images/vendors/logos/65d1b68bd7a7e.png,True,False,45,,9.0,VendorListItem
30890,سوپرمارکت آراز (فردوس غرب),False,https://cdn.snapp.express/media/cache/vendor_item_cover/uploads/images/vendors/covers/60a4fcc7100ef.jpg,43187,70000,37xw1x,ACTIVE,شهرک پرواز,1763,False,https://cdn.snapp.express/media/cache/vendor_logo/uploads/images/vendors/logos/default.png,True,False,45,,7.8,VendorListItem
113428,سوپرمارکت آذربایجان (فردوس),False,https://cdn.snapp.express/media/cache/vendor_item_cover/uploads/images/vendors/covers/65cca55701af7.jpg,0,70000,0ygr7r,ACTIVE,سازمان برنامه جنوبی,6,False,https://cdn.snapp.express/media/cache/vendor_logo/uploads/images/vendors/logos/65cca556dd1ac.png,True,False,45,,7.4,VendorListItem
112954,سوپرمارکت یاران دریان آنام (ایت الله کاشانی),False,https://cdn.snapp.express/media/cache/vendor_item_cover/uploads/images/vendors/covers/654b49a34fb0a.jpg,0,70000,p6z7o6,ACTIVE,مهران,3,False,https://cdn.snapp.express/media/cache/vendor_logo/uploads/images/vendors/logos/654b4d41c300f.png,True,False,45,,8.8,VendorListItem
44412,سوپرمارکت راد (اشرفی اصفهانی),False,https://cdn.snapp.express/media/cache/vendor_item_cover/uploads/images/vendors/covers/60a4e075e0d87.jpg,39185,70000,porgzk,ACTIVE,اباذر,1241,False,https://cdn.snapp.express/media/cache/vendor_logo/uploads/images/vendors/logos/default.png,True,False,45,,8.8,VendorListItem
109601,سوپرمارکت گلستان (پیامبر شرقی),False,https://cdn.snapp.express/media/cache/vendor_item_cover/uploads/images/vendors/covers/61dbd0050b198.jpg,2408,70000,0gzw9m,ACTIVE,اباذر,111,False,https://cdn.snapp.express/media/cache/vendor_logo/uploads/images/vendors/logos/default.png,True,False,45,,7.6,VendorListItem
42689,سوپرمارکت صدرا (یوسف آباد),False,https://cdn.snapp.express/media/cache/vendor_item_cover/uploads/images/vendors/covers/60a4d6b8a0ff4.jpg,83654,70000,3e966v,ACTIVE,یوسف آباد,2240,False,https://cdn.snapp.express/media/cache/vendor_logo/uploads/images/vendors/logos/default.png,True,False,45,,9.2,VendorListItem
94995,سوپرمارکت ماه بابا (مرزداران),False,https://cdn.snapp.express/media/cache/vendor_item_cover/uploads/images/vendors/covers/615ad6f96923c.jpg,1768,70000,321y82,ACTIVE,مرزداران شرقی,81,False,https://cdn.snapp.express/media/cache/vendor_logo/uploads/images/vendors/logos/default.png,True,False,45,,8.4,VendorListItem
84126,سوپرمارکت یاران دریان لوکس (گیشا),False,https://cdn.snapp.express/media/cache/vendor_item_cover/uploads/images/vendors/covers/6110c88ed2433.jpg,6456,90000,09y64y,ACTIVE,كوی نصر,264,False,https://cdn.snapp.express/media/cache/vendor_logo/uploads/images/vendors/logos/64342e475771d.png,True,False,45,,8.2,VendorListItem
62361,سوپرمارکت یاران دریان خاورمیانه (یوسف آباد),False,https://cdn.snapp.express/media/cache/vendor_item_cover/uploads/images/vendors/covers/5fa634fbc92f3.jpg,22046,75000,p878dm,ACTIVE,یوسف آباد,596,False,https://cdn.snapp.express/media/cache/vendor_logo/uploads/images/vendors/logos/64342e475771d.png,True,False,45,,8.8,VendorListItem
110282,سوپرمارکت فدک دریان (جهان آرا),False,https://cdn.snapp.express/media/cache/vendor_item_cover/uploads/images/vendors/covers/62274816f0bfc.jpg,387,70000,pzd45e,ACTIVE,یوسف آباد,78,False,https://cdn.snapp.express/media/cache/vendor_logo/uploads/images/vendors/logos/default.png,True,False,45,,8.4,VendorListItem
110693,سوپرمارکت بزرگ آ اس پ - برج تهران,False,https://cdn.snapp.express/media/cache/vendor_item_cover/uploads/images/vendors/covers/62a46175d2087.jpg,184,70000,31zvx4,ACTIVE,والفجر,7,False,https://cdn.snapp.express/media/cache/vendor_logo/uploads/images/vendors/logos/default.png,True,False,45,,9.2,VendorListItem
111670,سوپرمارکت هایپر اندیشه(سهروردی),False,https://cdn.snapp.express/media/cache/vendor_item_cover/uploads/images/vendors/covers/6357b01395a52.jpg,3323,70000,p5zomx,ACTIVE,عباس آباد-انديشه,303,False,https://cdn.snapp.express/media/cache/vendor_logo/uploads/images/vendors/logos/default.png,True,False,45,,8.8,VendorListItem
113600,مینو مارت گلبرگ غربی (همواره تخفیف),False,https://cdn.snapp.express/media/cache/vendor_item_cover/uploads/images/vendors/covers/65ec5248945ae.jpg,0,80000,0wq11q,ACTIVE,كرمان,1,False,https://cdn.snapp.express/media/cache/vendor_logo/uploads/images/vendors/logos/65ec52486bb96.jpg,True,False,45,,8.0,VendorListItem
113712,سوپرمارکت آوه (فلکه اول تهرانپارس),False,,0,70000,pojg1q,ACTIVE,تهران پارس,1,False,https://cdn.snapp.express/media/cache/vendor_logo/uploads/images/vendors/logos/661a423641e52.png,True,False,45,,6.8,VendorListItem
114078,جانبوتهران پارس گلبرگ(همواره تخفیف),False,https://cdn.snapp.express/media/cache/vendor_item_cover/uploads/images/vendors/covers/66aa133d412f6.png,0,80000,p6zgdg,ACTIVE,تهران پارس,0,False,https://cdn.snapp.express/media/cache/vendor_logo/uploads/images/vendors/logos/66aa133d3e249.jpg,True,False,45,,0.0,VendorListItem
75994,سوپرمارکت سورنا 382 پارسه (تهرانپارس),False,https://cdn.snapp.express/media/cache/vendor_item_cover/uploads/images/vendors/covers/60c751a0efe35.jpg,7035,70000,p557xv,ACTIVE,تهران پارس,284,False,https://cdn.snapp.express/media/cache/vendor_logo/uploads/images/vendors/logos/default.png,True,False,45,,8.2,VendorListItem
97134,سوپرمارکت یاران دریان سبز (بلوار فردوس),False,https://cdn.snapp.express/media/cache/vendor_item_cover/uploads/images/vendors/covers/616a90687b515.jpg,4311,70000,pzd6z1,ACTIVE,سازمان برنامه جنوبی,212,False,https://cdn.snapp.express/media/cache/vendor_logo/uploads/images/vendors/logos/64342e475771d.png,True,False,45,,8.4,VendorListItem
114055,جانبو شهرآرا کوشک(همواره تخفیف),False,https://cdn.snapp.express/media/cache/vendor_item_cover/uploads/images/vendors/covers/669f61c8a02fa.png,0,80000,0mj9ly,ACTIVE,تهران ويلا,0,False,https://cdn.snapp.express/media/cache/vendor_logo/uploads/images/vendors/logos/669f61c89c38c.jpg,True,False,45,,0.0,VendorListItem
113659,فروشگاه هفت شهرآرا(همواره تخفیف),False,https://cdn.snapp.express/media/cache/vendor_item_cover/uploads/images/vendors/covers/65f6a012cf8ae.jpeg,0,85000,0rqyoz,ACTIVE,شهرآرا,6,False,https://cdn.snapp.express/media/cache/vendor_logo/uploads/images/vendors/logos/65f6a012b8757.jfif,True,False,45,,9.0,VendorListItem
110812,سوپرمارکت میلاد (مرزداران),False,https://cdn.snapp.express/media/cache/vendor_item_cover/uploads/images/vendors/covers/62c2a5f36b36d.jpg,558,70000,pojq5o,ACTIVE,مرزداران شرقی,48,False,https://cdn.snapp.express/media/cache/vendor_logo/uploads/images/vendors/logos/default.png,True,False,45,,9.0,VendorListItem
113831,سوپرمارکت یاران دریان سورنا (سلماس),False,,0,70000,0mjm7r,ACTIVE,جهاد,2,False,https://cdn.snapp.express/media/cache/vendor_logo/uploads/images/vendors/logos/default.png,True,False,45,,0.0,VendorListItem
56113,سوپرمارکت مادر (یوسف آباد),False,https://cdn.snapp.express/media/cache/vendor_item_cover/uploads/images/vendors/covers/60a61ee97bbff.jpg,13142,70000,p875l5,ACTIVE,یوسف آباد,447,False,https://cdn.snapp.express/media/cache/vendor_logo/uploads/images/vendors/logos/default.png,True,False,45,,8.8,VendorListItem
114069,جانبو یوسف آباد اسدآبادی (همواره تخفیف),False,https://cdn.snapp.express/media/cache/vendor_item_cover/uploads/images/vendors/covers/66aa05f3c9f03.png,0,80000,31zjv7,ACTIVE,FIXME,0,False,https://cdn.snapp.express/media/cache/vendor_logo/uploads/images/vendors/logos/66aa05f3c67c3.jpg,True,False,45,,0.0,VendorListItem
110167,فروشگاه هفت سهروردی (همواره تخفیف),False,https://cdn.snapp.express/media/cache/vendor_item_cover/uploads/images/vendors/covers/63f22dc1c2e53.png,1417,80000,0jgv2g,ACTIVE,عباس آباد-انديشه,72,False,https://cdn.snapp.express/media/cache/vendor_logo/uploads/images/vendors/logos/64342a4c8225c.png,True,False,45,,9.4,VendorListItem
113592,فروشگاه فاریابی (شوینده بهداشتی),False,,0,180000,3kj77n,ACTIVE,خواجه نظام الملک,1,False,https://cdn.snapp.express/media/cache/vendor_logo/uploads/images/vendors/logos/65ec32dc16fe4.jpg,True,False,45,,9.2,VendorListItem
110148,فروشگاه هفت معلم(همواره تخفیف),False,https://cdn.snapp.express/media/cache/vendor_item_cover/uploads/images/vendors/covers/63f22e42179c2.png,634,80000,0wwl1g,ACTIVE,حشمتيه-قصر,60,False,https://cdn.snapp.express/media/cache/vendor_logo/uploads/images/vendors/logos/64342a4c8225c.png,True,False,45,,7.6,VendorListItem
110920,دیلی مارکت محله دردشت(همواره تخفیف),False,https://cdn.snapp.express/media/cache/vendor_item_cover/uploads/images/vendors/covers/62ce5d5ab1316.jpg,242,100000,3kjnxq,ACTIVE,دردشت,21,False,https://cdn.snapp.express/media/cache/vendor_logo/uploads/images/vendors/logos/65b75ec83b3f4.jpg,True,False,45,,8.79,VendorListItem
109755,جانبو سازمان برنامه (همواره تخفیف),False,https://cdn.snapp.express/media/cache/vendor_item_cover/uploads/images/vendors/covers/61f67c9c4b4c0.png,611,100000,0my6xz,ACTIVE,سازمان برنامه جنوبی,27,False,https://cdn.snapp.express/media/cache/vendor_logo/uploads/images/vendors/logos/66ae1334a689f.jpg,True,False,45,,8.3,VendorListItem
112044,سوپرمارکت یاران دریان آذربایجان 2 (بلوار فردوس),False,https://cdn.snapp.express/media/cache/vendor_item_cover/uploads/images/vendors/covers/63ec9b371f8d8.jpg,0,70000,3kj6kk,ACTIVE,سازمان برنامه جنوبی,30,False,https://cdn.snapp.express/media/cache/vendor_logo/uploads/images/vendors/logos/64342e475771d.png,True,False,45,,7.6,VendorListItem
55302,سوپرمارکت هریسی (کاشانی),False,https://cdn.snapp.express/media/cache/vendor_item_cover/uploads/images/vendors/covers/60a50225c89c4.jpg,9750,70000,097xxy,ACTIVE,اباذر,443,False,https://cdn.snapp.express/media/cache/vendor_logo/uploads/images/vendors/logos/default.png,True,False,45,,8.8,VendorListItem
30810,سوپرمارکت ایرانیان (فردوس شرق),False,https://cdn.snapp.express/media/cache/vendor_item_cover/uploads/images/vendors/covers/60a4fb2edcc24.jpg,51694,75000,pzek52,ACTIVE,فردوس شرق,1803,False,https://cdn.snapp.express/media/cache/vendor_logo/uploads/images/vendors/logos/default.png,True,False,45,,8.6,VendorListItem
92001,سوپرمارکت یاران دریان گلستان جلیلیان (ستارخان),False,https://cdn.snapp.express/media/cache/vendor_item_cover/uploads/images/vendors/covers/614733a122808.jpg,6687,75000,0g96m2,ACTIVE,برق آلستوم- ستارخان,250,False,https://cdn.snapp.express/media/cache/vendor_logo/uploads/images/vendors/logos/64342e475771d.png,True,False,45,,8.4,VendorListItem
112786,سوپرمارکت بهارمارکت (شهر ارا),False,https://cdn.snapp.express/media/cache/vendor_item_cover/uploads/images/vendors/covers/652a591ade592.jpg,0,70000,p4zgvy,ACTIVE,تهران ويلا,26,False,https://cdn.snapp.express/media/cache/vendor_logo/uploads/images/vendors/logos/652a591ad82ca.png,True,False,45,,9.0,VendorListItem
110341,سوپرمارکت هایپر سورنا بیستون (یوسف اباد),False,https://cdn.snapp.express/media/cache/vendor_item_cover/uploads/images/vendors/covers/631c17a51a8c6.jpg,660,70000,3ez7jj,ACTIVE,جهاد,170,False,https://cdn.snapp.express/media/cache/vendor_logo/uploads/images/vendors/logos/default.png,True,False,45,,8.6,VendorListItem
111339,سوپرقهوه دنج (یوسف آباد),False,https://cdn.snapp.express/media/cache/vendor_item_cover/uploads/images/vendors/covers/6334048aed044.jpg,67,70000,0njnvr,ACTIVE,جهاد,39,False,https://cdn.snapp.express/media/cache/vendor_logo/uploads/images/vendors/logos/64345c8734d77.png,True,False,45,,9.36,VendorListItem
76576,اسمارت یوسف آباد (سوپرمارکت زنجیره ای اسنپ),False,https://cdn.snapp.express/media/cache/vendor_item_cover/uploads/images/vendors/covers/65231519c1ed8.png,111125,100000,0yjd7m,ACTIVE,بهجت آباد,7252,True,https://cdn.snapp.express/media/cache/vendor_logo/uploads/images/vendors/logos/65231519bd37b.png,True,False,45,,8.6,VendorListItem
72609,سوپرمارکت مهردریانی (یوسف آباد),False,https://cdn.snapp.express/media/cache/vendor_item_cover/uploads/images/vendors/covers/60ab43892c5f4.jpg,2139,70000,0qdeyx,ACTIVE,یوسف آباد,145,False,https://cdn.snapp.express/media/cache/vendor_logo/uploads/images/vendors/logos/default.png,True,False,45,,8.6,VendorListItem
112210,سوپرمارکت آذربایجان مدنی (سهروردی جنوبی),False,https://cdn.snapp.express/media/cache/vendor_item_cover/uploads/images/vendors/covers/646b1b16261a1.jpg,0,70000,pz9e7o,ACTIVE,باغ صبا-سهروردی,24,False,https://cdn.snapp.express/media/cache/vendor_logo/uploads/images/vendors/logos/646b202c92f42.png,True,False,45,,8.8,VendorListItem
55519,سوپرمارکت سن سون (سهروردی جنوبی),False,https://cdn.snapp.express/media/cache/vendor_item_cover/uploads/images/vendors/covers/60a5078d456a8.jpg,30468,70000,0j4e5g,ACTIVE,باغ صبا-سهروردی,1012,False,https://cdn.snapp.express/media/cache/vendor_logo/uploads/images/vendors/logos/default.png,True,False,45,,8.4,VendorListItem
110565,دیلی مارکت خیابان آیت(همواره تخفیف),False,https://cdn.snapp.express/media/cache/vendor_item_cover/uploads/images/vendors/covers/627bef6345aca.jpg,1236,100000,3ez7km,ACTIVE,مدائن,78,False,https://cdn.snapp.express/media/cache/vendor_logo/uploads/images/vendors/logos/65b61e3dcb444.jpg,True,False,45,,7.8,VendorListItem
111122,فروشگاه هفت قاِیم مقام (همواره تخفیف),False,https://cdn.snapp.express/media/cache/vendor_item_cover/uploads/images/vendors/covers/63f22a800d2b5.png,690,80000,p5z2xj,ACTIVE,سنائی,29,False,https://cdn.snapp.express/media/cache/vendor_logo/uploads/images/vendors/logos/66608d871cdab.png,True,False,45,,7.6,VendorListItem
103283,فروشگاه هفت فدک (همواره تخفیف),False,https://cdn.snapp.express/media/cache/vendor_item_cover/uploads/images/vendors/covers/63f22f32d30ad.png,1446,80000,0ro8o8,ACTIVE,فدک,71,False,https://cdn.snapp.express/media/cache/vendor_logo/uploads/images/vendors/logos/6617a7c9e2ab8.png,True,False,45,,8.6,VendorListItem
109602,سوپرمارکت هایپر فردوس (فردوس),False,https://cdn.snapp.express/media/cache/vendor_item_cover/uploads/images/vendors/covers/61daf5e98e258.jpg,5622,70000,09jkyd,ACTIVE,فردوس شرق,339,False,https://cdn.snapp.express/media/cache/vendor_logo/uploads/images/vendors/logos/default.png,True,False,45,,8.6,VendorListItem
111514,سوپرمارکت بقالی سر کوچه (فردوس),False,https://cdn.snapp.express/media/cache/vendor_item_cover/uploads/images/vendors/covers/631c6d32e8a6e.jpg,714,70000,p4z45y,ACTIVE,فردوس شرق,70,False,https://cdn.snapp.express/media/cache/vendor_logo/uploads/images/vendors/logos/default.png,True,False,45,,8.8,VendorListItem
113890,فروشگاه هفت صادقیه (همواره تخفیف),False,https://cdn.snapp.express/media/cache/vendor_item_cover/uploads/images/vendors/covers/667d3a94193a5.jpeg,0,80000,37rwzm,ACTIVE,فردوس شرق,1,False,https://cdn.snapp.express/media/cache/vendor_logo/uploads/images/vendors/logos/667d3a94155aa.jfif,True,False,45,,0.0,VendorListItem
96816,سوپرمارکت یاران دریان امیرآباد (کارگر شمالی),False,https://cdn.snapp.express/media/cache/vendor_item_cover/uploads/images/vendors/covers/61670e8647d24.jpg,7158,80000,3xgyjy,ACTIVE,فاطمی,320,False,https://cdn.snapp.express/media/cache/vendor_logo/uploads/images/vendors/logos/64342e475771d.png,True,False,45,,8.6,VendorListItem
110351,سوپرمارکت شبانه روزی پرایم مارکت (یوسف آباد),False,https://cdn.snapp.express/media/cache/vendor_item_cover/uploads/images/vendors/covers/624976ce6943b.jpg,2823,70000,3d7x2x,ACTIVE,جهاد,169,False,https://cdn.snapp.express/media/cache/vendor_logo/uploads/images/vendors/logos/default.png,True,False,45,,7.4,VendorListItem
57326,سوپرمارکت صدیقی (پلیس),False,https://cdn.snapp.express/media/cache/vendor_item_cover/uploads/images/vendors/covers/60a640eda426e.jpg,41984,70000,097w8n,ACTIVE,حشمتيه-قصر,1385,False,https://cdn.snapp.express/media/cache/vendor_logo/uploads/images/vendors/logos/default.png,True,False,45,,8.8,VendorListItem
60358,سوپرمارکت دریانی (قایم مقام فراهانی),False,https://cdn.snapp.express/media/cache/vendor_item_cover/uploads/images/vendors/covers/60a7637685790.jpg,15383,70000,pz892j,ACTIVE,سنائی,490,False,https://cdn.snapp.express/media/cache/vendor_logo/uploads/images/vendors/logos/default.png,True,False,45,,9.0,VendorListItem
59426,سوپرمارکت شعاع (کریمخان زند),False,https://cdn.snapp.express/media/cache/vendor_item_cover/uploads/images/vendors/covers/60a6547030496.jpg,11597,70000,097j76,ACTIVE,سنائی,532,False,https://cdn.snapp.express/media/cache/vendor_logo/uploads/images/vendors/logos/default.png,True,False,45,,8.2,VendorListItem
109505,گندم کاج (همواره تخفیف),False,https://cdn.snapp.express/media/cache/vendor_item_cover/uploads/images/vendors/covers/61e66715bffd0.jpg,1962,80000,pvlnrv,ACTIVE,كاج,111,False,https://cdn.snapp.express/media/cache/vendor_logo/uploads/images/vendors/logos/64342b3a8d27d.png,True,False,45,,7.8,VendorListItem
113750,مینو مارت نارمک (همواره تخفیف),False,https://cdn.snapp.express/media/cache/vendor_item_cover/uploads/images/vendors/covers/66260ea6da567.jpg,0,90000,09e9gn,ACTIVE,مدائن,0,False,https://cdn.snapp.express/media/cache/vendor_logo/uploads/images/vendors/logos/66260ea6d73f6.jpg,True,False,45,,8.0,VendorListItem
113307,سوپرمارکت هایپر داریوش (خیابان دماوند),False,https://cdn.snapp.express/media/cache/vendor_item_cover/uploads/images/vendors/covers/65abbcd0b98a4.jpg,0,70000,0mj18z,ACTIVE,آشتيانی,6,False,https://cdn.snapp.express/media/cache/vendor_logo/uploads/images/vendors/logos/65abbcd06a2bf.png,True,False,45,,8.4,VendorListItem
113577,فروشگاه هرمون(شوینده بهداشتی),False,,0,180000,pvq1j5,ACTIVE,برق آلستوم- ستارخان,2,False,https://cdn.snapp.express/media/cache/vendor_logo/uploads/images/vendors/logos/65e714f5c7b51.jpg,True,False,45,,0.0,VendorListItem
112604,سوپرمارکت بنیسی (بلوار فردوس),False,https://cdn.snapp.express/media/cache/vendor_item_cover/uploads/images/vendors/covers/64f2e8f8186e1.jpg,0,70000,0ygv4n,ACTIVE,فردوس شرق,8,False,https://cdn.snapp.express/media/cache/vendor_logo/uploads/images/vendors/logos/64f2e8f813641.png,True,False,45,,9.0,VendorListItem
109787,جانبو مترو صادقیه (همواره تخفیف),False,https://cdn.snapp.express/media/cache/vendor_item_cover/uploads/images/vendors/covers/6603de1f731d2.png,1088,110000,0nvm7z,ACTIVE,فردوس شرق,58,False,https://cdn.snapp.express/media/cache/vendor_logo/uploads/images/vendors/logos/6603de1f49631.jpg,True,False,45,,8.8,VendorListItem
40788,سوپرمارکت طاهر (امیر آباد),False,https://cdn.snapp.express/media/cache/vendor_item_cover/uploads/images/vendors/covers/60a4d2576a153.jpg,38456,70000,3xjex9,ACTIVE,فاطمی,1285,False,https://cdn.snapp.express/media/cache/vendor_logo/uploads/images/vendors/logos/default.png,True,False,45,,8.4,VendorListItem
45768,سوپرمارکت تک دریانی (یوسف آباد),False,https://cdn.snapp.express/media/cache/vendor_item_cover/uploads/images/vendors/covers/618b9b980fe9d.jpg,12159,70000,3kv92n,ACTIVE,یوسف آباد,407,False,https://cdn.snapp.express/media/cache/vendor_logo/uploads/images/vendors/logos/default.png,True,False,45,,8.4,VendorListItem
114073,جانبوفاطمی(همواره تخفیف),False,https://cdn.snapp.express/media/cache/vendor_item_cover/uploads/images/vendors/covers/669f9d15815c2.png,0,80000,0gk9nn,ACTIVE,کشاورز,0,False,https://cdn.snapp.express/media/cache/vendor_logo/uploads/images/vendors/logos/669f9d157df45.jpg,True,False,45,,0.0,VendorListItem
112968,سوپرمارکت هایپر تاکسیرانی (شریعتی),False,https://cdn.snapp.express/media/cache/vendor_item_cover/uploads/images/vendors/covers/654f5d5a474f0.jpg,0,70000,3kjovn,ACTIVE,باغ صبا-سهروردی,19,False,https://cdn.snapp.express/media/cache/vendor_logo/uploads/images/vendors/logos/654f5d5a416f0.png,True,False,45,,8.4,VendorListItem
64883,هایپراستار تیراژه(همواره تخفیف),False,https://cdn.snapp.express/media/cache/vendor_item_cover/uploads/images/vendors/covers/60ab76c704842.jpg,76550,125000,0rxw98,ACTIVE,نظام آباد,3335,False,https://cdn.snapp.express/media/cache/vendor_logo/uploads/images/vendors/logos/64342c5ac47df.png,True,False,45,,8.4,VendorListItem
113067,سوپرمارکت شبانه روزی آبان (کریم خان),False,https://cdn.snapp.express/media/cache/vendor_item_cover/uploads/images/vendors/covers/6575b7a0a6207.jpg,0,70000,0jj4gr,ACTIVE,بهجت آباد,8,False,https://cdn.snapp.express/media/cache/vendor_logo/uploads/images/vendors/logos/6575b7a09c6d9.png,True,False,45,,7.8,VendorListItem
102331,گندم سبلان (همواره تخفیف),False,https://cdn.snapp.express/media/cache/vendor_item_cover/uploads/images/vendors/covers/6182395ba8dc2.jpg,4002,80000,0my5ov,ACTIVE,لشكر غربی,196,False,https://cdn.snapp.express/media/cache/vendor_logo/uploads/images/vendors/logos/64342b3a8d27d.png,True,False,45,,7.6,VendorListItem
62627,سوپرمارکت یاران دریان تسلیحات (شهید ثانی),False,https://cdn.snapp.express/media/cache/vendor_item_cover/uploads/images/vendors/covers/60a78ffc125d7.jpg,24798,70000,3dmkyw,ACTIVE,تسليحات,1107,False,https://cdn.snapp.express/media/cache/vendor_logo/uploads/images/vendors/logos/64342e475771d.png,True,False,45,,9.0,VendorListItem
51004,سوپرمارکت حیدر بابا (شهید ثانی),False,https://cdn.snapp.express/media/cache/vendor_item_cover/uploads/images/vendors/covers/60a4f6f43710b.jpg,56941,70000,0yvmzr,ACTIVE,دردشت,1720,False,https://cdn.snapp.express/media/cache/vendor_logo/uploads/images/vendors/logos/default.png,True,False,45,,9.6,VendorListItem
113109,فروشگاه طاها(شوینده بهداشتی),False,,0,180000,0q1512,ACTIVE,نارمک,1,False,https://cdn.snapp.express/media/cache/vendor_logo/uploads/images/vendors/logos/65e6fc1feaf1e.jpg,True,False,45,,9.6,VendorListItem
111550,سوپرمارکت هایپر دریانی 2 (تهرانپارس),False,https://cdn.snapp.express/media/cache/vendor_item_cover/uploads/images/vendors/covers/631ed2b39a07f.jpg,1160,70000,09e41k,ACTIVE,آشتيانی,176,False,https://cdn.snapp.express/media/cache/vendor_logo/uploads/images/vendors/logos/default.png,True,False,45,,8.4,VendorListItem
112491,دیلی مارکت میدان آزادی شهر قدس (همواره تخفیف),False,https://cdn.snapp.express/media/cache/vendor_item_cover/uploads/images/vendors/covers/64c10e1995f89.jpg,0,120000,0jjrgr,ACTIVE,آزادی,1,False,https://cdn.snapp.express/media/cache/vendor_logo/uploads/images/vendors/logos/65b4f648aca5d.jpg,True,False,45,,5.6,VendorListItem
56467,سوپرمارکت شقایق (فردوس غرب),False,https://cdn.snapp.express/media/cache/vendor_item_cover/uploads/images/vendors/covers/60a627750c303.jpg,30845,70000,0j4ne9,ACTIVE,شهرک پرواز,975,False,https://cdn.snapp.express/media/cache/vendor_logo/uploads/images/vendors/logos/default.png,True,False,45,,8.4,VendorListItem
87363,سوپرمارکت استار نظرلو (فردوس شرق),False,https://cdn.snapp.express/media/cache/vendor_item_cover/uploads/images/vendors/covers/612b981ab26f5.jpg,1523,70000,0ndvor,ACTIVE,فردوس شرق,104,False,https://cdn.snapp.express/media/cache/vendor_logo/uploads/images/vendors/logos/default.png,True,False,45,,9.0,VendorListItem
110248,سوپرمارکت توت فرنگی(بلوار فردوس),False,https://cdn.snapp.express/media/cache/vendor_item_cover/uploads/images/vendors/covers/62245e4261999.jpg,1426,70000,0wwljv,ACTIVE,فردوس شرق,102,False,https://cdn.snapp.express/media/cache/vendor_logo/uploads/images/vendors/logos/default.png,True,False,45,,8.8,VendorListItem
113296,سوپرمارکت امیر سالار (فردوس),False,https://cdn.snapp.express/media/cache/vendor_item_cover/uploads/images/vendors/covers/65ab83532c440.jpg,0,70000,0wqzvv,ACTIVE,فردوس شرق,4,False,https://cdn.snapp.express/media/cache/vendor_logo/uploads/images/vendors/logos/65ab8353222ba.png,True,False,45,,8.6,VendorListItem
71485,سوپرمارکت علمدار 67 (صادقیه),False,https://cdn.snapp.express/media/cache/vendor_item_cover/uploads/images/vendors/covers/60ab48205b5f2.jpg,1884,70000,p8g7v2,ACTIVE,فردوس شرق,113,False,https://cdn.snapp.express/media/cache/vendor_logo/uploads/images/vendors/logos/default.png,True,False,45,,8.2,VendorListItem
96446,سوپرمارکت یاران دریان من و سن (ستارخان),False,https://cdn.snapp.express/media/cache/vendor_item_cover/uploads/images/vendors/covers/616568a094b6d.jpg,3999,70000,p5w4vn,ACTIVE,شهرآرا,183,False,https://cdn.snapp.express/media/cache/vendor_logo/uploads/images/vendors/logos/64342e475771d.png,True,False,45,,8.4,VendorListItem
113933,فروشگاه هفت نیایش (همواره تخفیف),False,https://cdn.snapp.express/media/cache/vendor_item_cover/uploads/images/vendors/covers/666ed7c22fc4f.jpeg,0,80000,0q1dqd,ACTIVE,شهرآرا,4,False,https://cdn.snapp.express/media/cache/vendor_logo/uploads/images/vendors/logos/666ed7c22bcdd.jfif,True,False,45,,0.0,VendorListItem
112678,سوپرمارکت وان (ستارخان),False,https://cdn.snapp.express/media/cache/vendor_item_cover/uploads/images/vendors/covers/65140b2b47ebd.jpg,0,70000,p6zjne,ACTIVE,شهرآرا,21,False,https://cdn.snapp.express/media/cache/vendor_logo/uploads/images/vendors/logos/65140b2b400c4.png,True,False,45,,8.8,VendorListItem
109452,جانبو ستارخان امام منتظر (همواره تخفیف),False,https://cdn.snapp.express/media/cache/vendor_item_cover/uploads/images/vendors/covers/6603e07052cf3.png,1341,100000,0y97yd,ACTIVE,تهران ويلا,38,False,https://cdn.snapp.express/media/cache/vendor_logo/uploads/images/vendors/logos/6603e07033326.jpg,True,False,45,,8.01,VendorListItem
113365,مینو مارت امیرآباد(همواره تخفیف),False,https://cdn.snapp.express/media/cache/vendor_item_cover/uploads/images/vendors/covers/65cc994ad05d0.jpg,0,80000,3eeqxj,ACTIVE,فاطمی,4,False,https://cdn.snapp.express/media/cache/vendor_logo/uploads/images/vendors/logos/65cc994acd04b.jpg,True,False,45,,8.2,VendorListItem
109732,جانبو نامجو (همواره تخفیف),False,https://cdn.snapp.express/media/cache/vendor_item_cover/uploads/images/vendors/covers/61f2839bc5fd3.png,0,80000,0ldvke,ACTIVE,خواجه نظام الملک,0,False,https://cdn.snapp.express/media/cache/vendor_logo/uploads/images/vendors/logos/66a0fb03cbf12.jpg,True,False,45,,0.0,VendorListItem
109498,جانبو شهرک آزادی (همواره تخفیف),False,https://cdn.snapp.express/media/cache/vendor_item_cover/uploads/images/vendors/covers/667968cb408c0.png,370,100000,09jk6q,ACTIVE,شهرک فرهنگيان- آزادی,10,False,https://cdn.snapp.express/media/cache/vendor_logo/uploads/images/vendors/logos/667968cb3ba72.jpg,True,False,45,,6.71,VendorListItem
113611,سوپرمارکت شهرک آزادی (آزادی),False,,0,70000,0rqyyz,ACTIVE,شهرک فرهنگيان- آزادی,3,False,https://cdn.snapp.express/media/cache/vendor_logo/uploads/images/vendors/logos/65ed8f8bf193b.png,True,False,45,,6.8,VendorListItem
113170,سوپرمارکت تک حیاط (کارگر),False,https://cdn.snapp.express/media/cache/vendor_item_cover/uploads/images/vendors/covers/658bdc0e06830.jpg,0,70000,p5zr7v,ACTIVE,فاطمی,20,False,https://cdn.snapp.express/media/cache/vendor_logo/uploads/images/vendors/logos/658bdc0df37ff.png,True,False,45,,8.4,VendorListItem
111969,سوپرمارکت باران هریس (ستارخان),False,https://cdn.snapp.express/media/cache/vendor_item_cover/uploads/images/vendors/covers/63baa4616cce4.jpg,0,70000,31zmww,ACTIVE,صادقیه,23,False,https://cdn.snapp.express/media/cache/vendor_logo/uploads/images/vendors/logos/64342e475771d.png,True,False,45,,8.0,VendorListItem
113542,فروشگاه بهار (شوینده بهداشتی),False,,0,180000,37rwx2,ACTIVE,صادقیه,2,False,https://cdn.snapp.express/media/cache/vendor_logo/uploads/images/vendors/logos/65e6fa26efeba.jpg,True,False,45,,8.6,VendorListItem
113136,فروشگاه نارین (شوینده بهداشتی),False,,0,180000,pojo1q,ACTIVE,ایرانشهر,2,False,https://cdn.snapp.express/media/cache/vendor_logo/uploads/images/vendors/logos/65e6fc032438d.jpg,True,False,45,,9.2,VendorListItem
111140,فروشگاه هفت فاطمی(همواره تخفیف),False,https://cdn.snapp.express/media/cache/vendor_item_cover/uploads/images/vendors/covers/63f229b47d677.png,1163,80000,3xwye4,ACTIVE,کشاورز,102,False,https://cdn.snapp.express/media/cache/vendor_logo/uploads/images/vendors/logos/662dfafb1d823.png,True,False,45,,8.8,VendorListItem
111734,سوپرمارکت هایپر نمونه دریانی (تهران نو),False,https://cdn.snapp.express/media/cache/vendor_item_cover/uploads/images/vendors/covers/636bab64061ca.jpg,1723,70000,pz9n4w,ACTIVE,تسليحات,311,False,https://cdn.snapp.express/media/cache/vendor_logo/uploads/images/vendors/logos/default.png,True,False,45,,7.8,VendorListItem
111474,فروشگاه هفت تهران -سبلان 2(همواره تخفیف),False,https://cdn.snapp.express/media/cache/vendor_item_cover/uploads/images/vendors/covers/63f22a0035c5f.png,1271,80000,09e48d,ACTIVE,شارق,111,False,https://cdn.snapp.express/media/cache/vendor_logo/uploads/images/vendors/logos/65d75dee317ef.png,True,False,45,,8.6,VendorListItem
65181,سوپرمارکت میران (نارمک),False,https://cdn.snapp.express/media/cache/vendor_item_cover/uploads/images/vendors/covers/60a7a12ed11dd.jpg,14575,70000,0q5wr2,ACTIVE,زركش,739,False,https://cdn.snapp.express/media/cache/vendor_logo/uploads/images/vendors/logos/default.png,True,False,45,,9.2,VendorListItem
110925,دیلی مارکت سی متری نارمک (همواره تخفیف),False,https://cdn.snapp.express/media/cache/vendor_item_cover/uploads/images/vendors/covers/631706b13de9e.jpg,444,75000,0gklxq,ACTIVE,نارمک,20,False,https://cdn.snapp.express/media/cache/vendor_logo/uploads/images/vendors/logos/65b64d9033d35.jpg,True,False,45,,5.8,VendorListItem
112292,دیلی مارکت بلوار قربانی شهر قدس (همواره تخفیف),False,https://cdn.snapp.express/media/cache/vendor_item_cover/uploads/images/vendors/covers/64a2793da89d1.jpg,0,90000,3kj6yg,ACTIVE,شورا,9,False,https://cdn.snapp.express/media/cache/vendor_logo/uploads/images/vendors/logos/65b617dfc5e33.jpg,True,False,30,,8.6,VendorListItem
113663,فروشگاه هفت شهرک آپادانا (همواره تخفیف ),False,https://cdn.snapp.express/media/cache/vendor_item_cover/uploads/images/vendors/covers/65f7f1242f44f.jpeg,0,85000,0njwv8,ACTIVE,آپادانا,0,False,https://cdn.snapp.express/media/cache/vendor_logo/uploads/images/vendors/logos/65f7f12423402.jfif,True,False,45,,7.8,VendorListItem
111572,سوپرمارکت علیز مارکت (فاطمی),False,https://cdn.snapp.express/media/cache/vendor_item_cover/uploads/images/vendors/covers/633197a6a8eb9.jpg,1217,70000,0wqdv8,ACTIVE,فاطمی,103,False,https://cdn.snapp.express/media/cache/vendor_logo/uploads/images/vendors/logos/default.png,True,False,45,,8.4,VendorListItem
114075,جانبوکشاورز(همواره تخفیف),False,https://cdn.snapp.express/media/cache/vendor_item_cover/uploads/images/vendors/covers/66aa11d267742.png,0,80000,3devqg,ACTIVE,کشاورز,0,False,https://cdn.snapp.express/media/cache/vendor_logo/uploads/images/vendors/logos/66aa11d262551.jpg,True,False,45,,0.0,VendorListItem
111747,سوپرمارکت برادران حافظی (شریعتی),False,https://cdn.snapp.express/media/cache/vendor_item_cover/uploads/images/vendors/covers/637338f06dbd9.jpg,334,70000,32zm62,ACTIVE,باغ صبا-سهروردی,122,False,https://cdn.snapp.express/media/cache/vendor_logo/uploads/images/vendors/logos/637338f068629.jpg,True,False,45,,9.2,VendorListItem
111555,اسمارت امام حسین (سوپرمارکت زنجیره ای اسنپ),False,https://cdn.snapp.express/media/cache/vendor_item_cover/uploads/images/vendors/covers/6525084e10d10.png,31198,100000,0mje2z,ACTIVE,اسدی,2911,True,https://cdn.snapp.express/media/cache/vendor_logo/uploads/images/vendors/logos/65230ff0c3dde.png,True,False,45,,9.4,VendorListItem
109734,جانبو سبلان (همواره تخفیف),False,https://cdn.snapp.express/media/cache/vendor_item_cover/uploads/images/vendors/covers/61f29e5d7af64.png,40,80000,pzdjy1,ACTIVE,شارق,0,False,https://cdn.snapp.express/media/cache/vendor_logo/uploads/images/vendors/logos/6679681fb15e4.jpg,True,False,45,,8.97,VendorListItem
110223,فروشگاه هفت سبلان (همواره تخفیف),False,https://cdn.snapp.express/media/cache/vendor_item_cover/uploads/images/vendors/covers/63f22c489241d.png,882,80000,32qlz5,ACTIVE,شارق,69,False,https://cdn.snapp.express/media/cache/vendor_logo/uploads/images/vendors/logos/64342a4c8225c.png,True,False,45,,9.2,VendorListItem
110429,سوپرمارکت یاران دریان نارمک جنوبی,False,https://cdn.snapp.express/media/cache/vendor_item_cover/uploads/images/vendors/covers/6264e2d058da0.jpg,1570,70000,pvl6v1,ACTIVE,نارمک,120,False,https://cdn.snapp.express/media/cache/vendor_logo/uploads/images/vendors/logos/64342e475771d.png,True,False,45,,8.0,VendorListItem
111462,سوپرمارکت بهار(شریعتی),False,https://cdn.snapp.express/media/cache/vendor_item_cover/uploads/images/vendors/covers/6304b865807ae.jpg,663,70000,p4z48j,ACTIVE,بهار,73,False,https://cdn.snapp.express/media/cache/vendor_logo/uploads/images/vendors/logos/default.png,True,False,45,,8.6,VendorListItem
113825,سوپرمارکت یاران دریان دوهزار (شهرک دانشگاه),False,,0,70000,0gkr1m,ACTIVE,شهرک دانشگاه تهران,0,False,https://cdn.snapp.express/media/cache/vendor_logo/uploads/images/vendors/logos/664086f9b644b.png,True,False,45,,0.0,VendorListItem
97403,سوپرمارکت تاپ آپادانا (شهرک آپادانا),False,https://cdn.snapp.express/media/cache/vendor_item_cover/uploads/images/vendors/covers/616bcba49b9a6.jpg,2063,70000,3d7q5w,ACTIVE,آپادانا,83,False,https://cdn.snapp.express/media/cache/vendor_logo/uploads/images/vendors/logos/default.png,True,False,45,,8.8,VendorListItem
95933,سوپرمارکت یاران دریان تک هریس (دریان نو),False,https://cdn.snapp.express/media/cache/vendor_item_cover/uploads/images/vendors/covers/6162a48eeda18.jpg,7134,70000,0qez9d,ACTIVE,دریان نو,274,False,https://cdn.snapp.express/media/cache/vendor_logo/uploads/images/vendors/logos/64342e475771d.png,True,False,45,,8.2,VendorListItem
110338,سوپرمارکت یاران دریان گلبو هریسی (ستارخان),False,https://cdn.snapp.express/media/cache/vendor_item_cover/uploads/images/vendors/covers/6231db8c295b6.jpg,2411,70000,p4qoky,ACTIVE,دریان نو,117,False,https://cdn.snapp.express/media/cache/vendor_logo/uploads/images/vendors/logos/64342e475771d.png,True,False,45,,8.8,VendorListItem
44157,سوپرمارکت شبانه روزی جام جم (بلوار کشاورز),False,https://cdn.snapp.express/media/cache/vendor_item_cover/uploads/images/vendors/covers/60a4da8c6dd46.jpg,52008,70000,0qr5g2,ACTIVE,کشاورز,1836,False,https://cdn.snapp.express/media/cache/vendor_logo/uploads/images/vendors/logos/default.png,True,False,45,,7.6,VendorListItem
55539,سوپرمارکت دهکده (بلوار کشاورز),False,https://cdn.snapp.express/media/cache/vendor_item_cover/uploads/images/vendors/covers/60a50b2625f97.jpg,20516,70000,0nqler,ACTIVE,کشاورز,895,False,https://cdn.snapp.express/media/cache/vendor_logo/uploads/images/vendors/logos/default.png,True,False,45,,8.4,VendorListItem
109624,اسمارت نصرت (سوپرمارکت زنجیره ای اسنپ),False,https://cdn.snapp.express/media/cache/vendor_item_cover/uploads/images/vendors/covers/6523111243982.png,60117,100000,0wwxwv,ACTIVE,جمالزاده,3949,True,https://cdn.snapp.express/media/cache/vendor_logo/uploads/images/vendors/logos/652311123cf15.png,True,False,45,,8.8,VendorListItem
113593,مینو مارت ولیعصر (همواره تخفیف),False,https://cdn.snapp.express/media/cache/vendor_item_cover/uploads/images/vendors/covers/65ec33b28f71c.jpg,0,80000,31z442,ACTIVE,ولیعصر,1,False,https://cdn.snapp.express/media/cache/vendor_logo/uploads/images/vendors/logos/65ec33b25ced7.jpg,True,False,45,,8.4,VendorListItem
109662,فروشگاه هفت شریعتی (همواره تخفیف),False,https://cdn.snapp.express/media/cache/vendor_item_cover/uploads/images/vendors/covers/63f22eec395f7.png,1577,80000,p4qndj,ACTIVE,بهار,90,False,https://cdn.snapp.express/media/cache/vendor_logo/uploads/images/vendors/logos/64342a4c8225c.png,True,False,45,,8.6,VendorListItem
113327,سوپرمارکت یاران دریان ارغوان کهن (خیابان دماوند),False,https://cdn.snapp.express/media/cache/vendor_item_cover/uploads/images/vendors/covers/65b5f96c14229.jpg,0,70000,3demyx,ACTIVE,شارق,2,False,https://cdn.snapp.express/media/cache/vendor_logo/uploads/images/vendors/logos/65b5f96c059b2.png,True,False,45,,0.0,VendorListItem
111916,سوپر مارکت خانواده (مدنی),False,https://cdn.snapp.express/media/cache/vendor_item_cover/uploads/images/vendors/covers/63a049625bf69.jpg,107,70000,3xwjg2,ACTIVE,وحيديه,51,False,https://cdn.snapp.express/media/cache/vendor_logo/uploads/images/vendors/logos/default.png,True,False,45,,7.8,VendorListItem
113665,فروشگاه هفت محور ماشین (همواره تخفیف ),False,https://cdn.snapp.express/media/cache/vendor_item_cover/uploads/images/vendors/covers/65f7f826c9486.jpeg,0,85000,3ee2e5,ACTIVE,شهرک استقلال,1,False,https://cdn.snapp.express/media/cache/vendor_logo/uploads/images/vendors/logos/65f7f8269b57a.jfif,True,False,45,,8.4,VendorListItem
109854,سوپرمارکت آفرین دریانی(اکباتان),False,https://cdn.snapp.express/media/cache/vendor_item_cover/uploads/images/vendors/covers/62038b7ea479d.jpg,3256,70000,p6reqg,ACTIVE,اكباتان,202,False,https://cdn.snapp.express/media/cache/vendor_logo/uploads/images/vendors/logos/default.png,True,False,45,,9.0,VendorListItem
111966,سوپرمارکت صدرا (اکباتان),False,https://cdn.snapp.express/media/cache/vendor_item_cover/uploads/images/vendors/covers/63b279d38d2f9.jpg,0,70000,37rx69,ACTIVE,بيمه,75,False,https://cdn.snapp.express/media/cache/vendor_logo/uploads/images/vendors/logos/default.png,True,False,45,,8.0,VendorListItem
110207,فروشگاه هفت باقرخان (همواره تخفیف),False,https://cdn.snapp.express/media/cache/vendor_item_cover/uploads/images/vendors/covers/63f22c91bee5d.png,1020,80000,0myryr,ACTIVE,شهرآرا,54,False,https://cdn.snapp.express/media/cache/vendor_logo/uploads/images/vendors/logos/65f008af1bb43.png,True,False,45,,8.6,VendorListItem
110170,فروشگاه هفت ستارخان (همواره تخفیف),False,https://cdn.snapp.express/media/cache/vendor_item_cover/uploads/images/vendors/covers/63f22db4cbc5a.png,2188,80000,p5q4wv,ACTIVE,توحيد,147,False,https://cdn.snapp.express/media/cache/vendor_logo/uploads/images/vendors/logos/64342a4c8225c.png,True,False,45,,8.8,VendorListItem
56145,سوپرمارکت یاس دریانی (بلوار کشاورز),False,https://cdn.snapp.express/media/cache/vendor_item_cover/uploads/images/vendors/covers/60a62ca5d273f.jpg,44137,70000,31x2ew,ACTIVE,کشاورز,1366,False,https://cdn.snapp.express/media/cache/vendor_logo/uploads/images/vendors/logos/default.png,True,False,45,,9.2,VendorListItem
110802,سوپرمارکت برادران خوانساری (فلسطین),False,https://cdn.snapp.express/media/cache/vendor_item_cover/uploads/images/vendors/covers/62babae33f213.jpg,1816,70000,09exed,ACTIVE,فلسطین,171,False,https://cdn.snapp.express/media/cache/vendor_logo/uploads/images/vendors/logos/default.png,True,False,45,,8.6,VendorListItem
113256,سوپرمارکت امیران (پیچ شمرون),False,https://cdn.snapp.express/media/cache/vendor_item_cover/uploads/images/vendors/covers/659bbb4fc932e.jpg,0,70000,0ljern,ACTIVE,خواجه نصير-حقوقی,1,False,https://cdn.snapp.express/media/cache/vendor_logo/uploads/images/vendors/logos/659bbb4fa42ff.png,True,False,45,,0.0,VendorListItem
111188,سوپرمارکت غفاری (اجاره دار),False,https://cdn.snapp.express/media/cache/vendor_item_cover/uploads/images/vendors/covers/62e52fefcd238.jpg,1954,70000,3xwdy4,ACTIVE,خواجه نظام الملک,183,False,https://cdn.snapp.express/media/cache/vendor_logo/uploads/images/vendors/logos/default.png,True,False,45,,9.0,VendorListItem
114063,جانبو معینیه گرگان(همواره تخفیف),False,https://cdn.snapp.express/media/cache/vendor_item_cover/uploads/images/vendors/covers/669f72a76b1b8.png,0,80000,0njdl2,ACTIVE,گرگان- دهقان,2,False,https://cdn.snapp.express/media/cache/vendor_logo/uploads/images/vendors/logos/669f72a766f61.jpg,True,False,45,,0.0,VendorListItem
55552,سوپرمارکت پارسیان (مدنی),False,https://cdn.snapp.express/media/cache/vendor_item_cover/uploads/images/vendors/covers/60a504a7043f5.jpg,28056,70000,0yry2m,ACTIVE,نظام آباد,1123,False,https://cdn.snapp.express/media/cache/vendor_logo/uploads/images/vendors/logos/default.png,True,False,45,,8.4,VendorListItem
114175,فروشگاه هفت دماوند (همواره تخفیف),False,https://cdn.snapp.express/media/cache/vendor_item_cover/uploads/images/vendors/covers/66b0d2154f1d9.jpeg,0,80000,3devr7,ACTIVE,شارق,0,False,https://cdn.snapp.express/media/cache/vendor_logo/uploads/images/vendors/logos/66b0d2154c297.jfif,True,False,30,,0.0,VendorListItem
110179,فروشگاه هفت نیرو هوایی (همواره تخفیف),False,https://cdn.snapp.express/media/cache/vendor_item_cover/uploads/images/vendors/covers/63f22d4eba912.png,939,80000,0myr9v,ACTIVE,حافظيه,78,False,https://cdn.snapp.express/media/cache/vendor_logo/uploads/images/vendors/logos/64342a4c8225c.png,True,False,45,,8.8,VendorListItem
113437,دیلی مارکت خیابان نیروی هوایی (همواره تخفیف),False,https://cdn.snapp.express/media/cache/vendor_item_cover/uploads/images/vendors/covers/65d0741416bd8.jpg,0,100000,p8e7j2,ACTIVE,حافظيه,7,False,https://cdn.snapp.express/media/cache/vendor_logo/uploads/images/vendors/logos/65d07413e436c.jpg,True,False,45,,7.4,VendorListItem
109789,جانبو کمال الملک(همواره تخفیف),False,https://cdn.snapp.express/media/cache/vendor_item_cover/uploads/images/vendors/covers/61fa5432be042.png,0,80000,3ezk1j,ACTIVE,باشگاه نفت,2,False,https://cdn.snapp.express/media/cache/vendor_logo/uploads/images/vendors/logos/664323943ec75.jpg,True,False,45,,0.0,VendorListItem
113298,سوپرمارکت دریان مارکت (تهرانسر),False,https://cdn.snapp.express/media/cache/vendor_item_cover/uploads/images/vendors/covers/65ab8ee3e78e6.jpg,0,70000,09e7md,ACTIVE,باشگاه نفت,5,False,https://cdn.snapp.express/media/cache/vendor_logo/uploads/images/vendors/logos/65ab8ee3d8567.png,True,False,45,,8.4,VendorListItem
71656,سوپرمارکت نوژان (اکباتان),False,https://cdn.snapp.express/media/cache/vendor_item_cover/uploads/images/vendors/covers/60ab465a1238b.jpg,12874,70000,0lme5z,ACTIVE,بيمه,478,False,https://cdn.snapp.express/media/cache/vendor_logo/uploads/images/vendors/logos/default.png,True,False,45,,9.2,VendorListItem
109516,سوپرمارکت یاران دریان فکری (شادمهر),False,https://cdn.snapp.express/media/cache/vendor_item_cover/uploads/images/vendors/covers/61cb6c4fcd567.jpg,2161,70000,3xge12,ACTIVE,دریان نو,129,False,https://cdn.snapp.express/media/cache/vendor_logo/uploads/images/vendors/logos/64342e475771d.png,True,False,45,,8.4,VendorListItem
111064,سوپرمارکت اخوان (فلسطین),False,https://cdn.snapp.express/media/cache/vendor_item_cover/uploads/images/vendors/covers/62d66f012d464.jpg,2837,70000,3xwyx6,ACTIVE,فلسطین,315,False,https://cdn.snapp.express/media/cache/vendor_logo/uploads/images/vendors/logos/default.png,True,False,45,,8.4,VendorListItem
113106,فروشگاه یلدا (شوینده بهداشتی),False,,0,180000,p6z7zw,ACTIVE,نيروی هوايی,0,False,https://cdn.snapp.express/media/cache/vendor_logo/uploads/images/vendors/logos/65e6fc3986e6a.jpg,True,False,45,,8.2,VendorListItem
113352,سوپرمارکت سعید مارکت (تهرانسر),False,https://cdn.snapp.express/media/cache/vendor_item_cover/uploads/images/vendors/covers/65b8f3b5d39c3.jpg,0,70000,0ygrey,ACTIVE,شهرک استقلال,5,False,https://cdn.snapp.express/media/cache/vendor_logo/uploads/images/vendors/logos/65b8f3b5b4696.png,True,False,45,,7.4,VendorListItem
83808,جانبو اکباتان (همواره تخفیف),False,https://cdn.snapp.express/media/cache/vendor_item_cover/uploads/images/vendors/covers/6603ded04ade7.png,5903,100000,0lg2kn,ACTIVE,بيمه,225,False,https://cdn.snapp.express/media/cache/vendor_logo/uploads/images/vendors/logos/6603ded047642.jpg,True,False,45,,8.2,VendorListItem
77079,سوپرمارکت دوستان (اکباتان),False,https://cdn.snapp.express/media/cache/vendor_item_cover/uploads/images/vendors/covers/60d1aff4207a1.jpg,8502,70000,0mmxvo,ACTIVE,اكباتان,339,False,https://cdn.snapp.express/media/cache/vendor_logo/uploads/images/vendors/logos/default.png,True,False,45,,9.2,VendorListItem
111875,سوپرمارکت شکلات نیکا (اکباتان),False,,0,70000,3de5rw,ACTIVE,اكباتان,14,False,https://cdn.snapp.express/media/cache/vendor_logo/uploads/images/vendors/logos/default.png,True,False,45,,9.0,VendorListItem
109791,جانبو اکبری (همواره تخفیف),False,https://cdn.snapp.express/media/cache/vendor_item_cover/uploads/images/vendors/covers/6603dfef0d179.png,1511,100000,0jgd1q,ACTIVE,تیموری,54,False,https://cdn.snapp.express/media/cache/vendor_logo/uploads/images/vendors/logos/6603dfeedab3f.jpg,True,False,45,,8.5,VendorListItem
109607,سوپرمارکت گل(جمالزاده شمالی),False,https://cdn.snapp.express/media/cache/vendor_item_cover/uploads/images/vendors/covers/61dc0924c9ea6.jpg,3073,70000,0my69r,ACTIVE,جمالزاده,174,False,https://cdn.snapp.express/media/cache/vendor_logo/uploads/images/vendors/logos/default.png,True,False,45,,8.6,VendorListItem
38908,سوپرمارکت تبریزیان (فردوسی),False,https://cdn.snapp.express/media/cache/vendor_item_cover/uploads/images/vendors/covers/60a4fff2e78b4.jpg,26348,70000,0l6yxe,ACTIVE,ولیعصر,1109,False,https://cdn.snapp.express/media/cache/vendor_logo/uploads/images/vendors/logos/default.png,True,False,45,,8.0,VendorListItem
55366,سوپرمارکت نمونه (دروازه دولت),False,https://cdn.snapp.express/media/cache/vendor_item_cover/uploads/images/vendors/covers/60a4fb163f30d.jpg,51693,70000,3754x2,ACTIVE,ایرانشهر,1480,False,https://cdn.snapp.express/media/cache/vendor_logo/uploads/images/vendors/logos/default.png,True,False,45,,8.8,VendorListItem
110564,دیلی مارکت تهرانسر (همواره تخفیف),False,https://cdn.snapp.express/media/cache/vendor_item_cover/uploads/images/vendors/covers/627be46865629.jpg,1257,100000,3xgze4,ACTIVE,باشگاه نفت,83,False,https://cdn.snapp.express/media/cache/vendor_logo/uploads/images/vendors/logos/65b61dcc7798f.jpg,True,False,45,,8.2,VendorListItem
110201,فروشگاه هفت تهرانسر قباد (همواره تخفیف),False,https://cdn.snapp.express/media/cache/vendor_item_cover/uploads/images/vendors/covers/63f22d1042f69.png,0,80000,0gz5zm,ACTIVE,باشگاه نفت,33,False,https://cdn.snapp.express/media/cache/vendor_logo/uploads/images/vendors/logos/64342a4c8225c.png,True,False,45,,8.8,VendorListItem
110532,گندم تهرانسر (همواره تخفیف),False,https://cdn.snapp.express/media/cache/vendor_item_cover/uploads/images/vendors/covers/6276626343d7f.jpg,2089,80000,0ldq4k,ACTIVE,شهرک پاسدران,142,False,https://cdn.snapp.express/media/cache/vendor_logo/uploads/images/vendors/logos/64342b3a8d27d.png,True,False,45,,8.8,VendorListItem
34201,سوپرمارکت بعثت (شهرک اکباتان),False,https://cdn.snapp.express/media/cache/vendor_item_cover/uploads/images/vendors/covers/60a4fcdcb9c6a.jpg,40376,70000,0god2n,ACTIVE,آپادانا,1479,False,https://cdn.snapp.express/media/cache/vendor_logo/uploads/images/vendors/logos/default.png,True,False,45,,8.6,VendorListItem
63593,سوپرمارکت یاران دریان تمدن (آذربایجان),False,https://cdn.snapp.express/media/cache/vendor_item_cover/uploads/images/vendors/covers/60a8eab2cf5ce.jpg,19359,70000,31xrwy,ACTIVE,سلسبيل شمالی,767,False,https://cdn.snapp.express/media/cache/vendor_logo/uploads/images/vendors/logos/64342e475771d.png,True,False,45,,8.8,VendorListItem
112036,جانبو فردوسی انقلاب تهران(همواره تخفیف),False,https://cdn.snapp.express/media/cache/vendor_item_cover/uploads/images/vendors/covers/63eb522b90854.png,0,80000,pojzko,ACTIVE,ایرانشهر,3,False,https://cdn.snapp.express/media/cache/vendor_logo/uploads/images/vendors/logos/64342aba32ce7.png,True,False,45,,9.0,VendorListItem
112981,فروشگاه هفت خاقانی (همواره تخفیف),False,https://cdn.snapp.express/media/cache/vendor_item_cover/uploads/images/vendors/covers/6559d6e0efff7.png,0,80000,0q15r9,ACTIVE,FIXME,2,False,https://cdn.snapp.express/media/cache/vendor_logo/uploads/images/vendors/logos/6559d6e0e88d6.png,True,False,45,,7.8,VendorListItem
110528,گندم نیروی هوایی(همواره تخفیف),False,https://cdn.snapp.express/media/cache/vendor_item_cover/uploads/images/vendors/covers/627651e6f30ac.jpg,1048,80000,0y9o6g,ACTIVE,نيروی هوايی,76,False,https://cdn.snapp.express/media/cache/vendor_logo/uploads/images/vendors/logos/64342b3a8d27d.png,True,False,45,,8.6,VendorListItem
109808,جانبو سی متری نیروی هوایی(همواره تخفیف),False,https://cdn.snapp.express/media/cache/vendor_item_cover/uploads/images/vendors/covers/61fbaec5e8d61.png,785,80000,0ldvrj,ACTIVE,پیروزی,43,False,https://cdn.snapp.express/media/cache/vendor_logo/uploads/images/vendors/logos/65e70f20c53bc.jpg,True,False,45,,8.6,VendorListItem
109402,سوپرمارکت یاران دریان نمونه (تهرانسر),False,https://cdn.snapp.express/media/cache/vendor_item_cover/uploads/images/vendors/covers/61ac78ccee122.jpg,1495,70000,09jvkq,ACTIVE,باشگاه نفت,125,False,https://cdn.snapp.express/media/cache/vendor_logo/uploads/images/vendors/logos/64342e475771d.png,True,False,45,,8.4,VendorListItem
66616,هایپراستار جیحون (همواره تخفیف),False,https://cdn.snapp.express/media/cache/vendor_item_cover/uploads/images/vendors/covers/603221aae3422.jpg,50761,85000,3x2xl6,ACTIVE,هاشمی,2468,False,https://cdn.snapp.express/media/cache/vendor_logo/uploads/images/vendors/logos/64342c5ac47df.png,True,False,45,,8.8,VendorListItem
110924,دیلی مارکت خیابان آذربایجان(همواره تخفیف),False,https://cdn.snapp.express/media/cache/vendor_item_cover/uploads/images/vendors/covers/6317069a392b5.jpg,251,100000,0wq528,ACTIVE,سلسبيل شمالی,36,False,https://cdn.snapp.express/media/cache/vendor_logo/uploads/images/vendors/logos/65b61cda6039a.jpg,True,False,45,,9.0,VendorListItem
112974,سوپرمارکت شهبندی (جیحون),False,https://cdn.snapp.express/media/cache/vendor_item_cover/uploads/images/vendors/covers/6551f4289b23a.jpg,0,70000,09e7wy,ACTIVE,زنجان جنوبی,4,False,https://cdn.snapp.express/media/cache/vendor_logo/uploads/images/vendors/logos/6551f42896601.png,True,False,45,,8.4,VendorListItem
113573,سوپرمارکت سام (فخررازی),False,,0,70000,0gkrgr,ACTIVE,انقلاب-فلسطین,5,False,https://cdn.snapp.express/media/cache/vendor_logo/uploads/images/vendors/logos/65e70a8dceb3f.png,True,False,45,,8.8,VendorListItem
44942,سوپرمارکت یاران دریان خورشید (دروازه شمیران),False,https://cdn.snapp.express/media/cache/vendor_item_cover/uploads/images/vendors/covers/60a4e1c0735c5.jpg,77974,70000,37y94n,ACTIVE,دروازه شميران,2787,False,https://cdn.snapp.express/media/cache/vendor_logo/uploads/images/vendors/logos/default.png,True,False,45,,9.0,VendorListItem
110658,فروشگاه هفت پیروزی -دهقان(همواره تخفیف),False,https://cdn.snapp.express/media/cache/vendor_item_cover/uploads/images/vendors/covers/63f22bc7de320.png,661,80000,pz96e2,ACTIVE,دهقان,51,False,https://cdn.snapp.express/media/cache/vendor_logo/uploads/images/vendors/logos/64342a4c8225c.png,True,False,45,,9.4,VendorListItem
109761,وال مارکت نبرد(همواره تخفیف),False,https://cdn.snapp.express/media/cache/vendor_item_cover/uploads/images/vendors/covers/6321c63e4bf08.jpg,7874,100000,p8oj2m,ACTIVE,صددستگاه,565,False,https://cdn.snapp.express/media/cache/vendor_logo/uploads/images/vendors/logos/64342de96b47f.png,True,False,45,,7.0,VendorListItem
81390,جانبو تهرانسر (همواره تخفیف),False,https://cdn.snapp.express/media/cache/vendor_item_cover/uploads/images/vendors/covers/60f6e6bc3292e.png,5157,80000,37wdo9,ACTIVE,باشگاه نفت,222,False,https://cdn.snapp.express/media/cache/vendor_logo/uploads/images/vendors/logos/64342aba32ce7.png,True,False,45,,8.0,VendorListItem
113008,فروشگاه هفت خسروپرویز (همواره تخفیف),False,https://cdn.snapp.express/media/cache/vendor_item_cover/uploads/images/vendors/covers/655ca7645c26c.png,0,80000,0ljeez,ACTIVE,باشگاه نفت,6,False,https://cdn.snapp.express/media/cache/vendor_logo/uploads/images/vendors/logos/655ca76455255.png,True,False,45,,8.0,VendorListItem
55852,سوپرمارکت ابراهیمی (تهرانسر),False,https://cdn.snapp.express/media/cache/vendor_item_cover/uploads/images/vendors/covers/60a607ba66c80.jpg,26965,70000,0yryor,ACTIVE,تهرانسر غربی,1573,False,https://cdn.snapp.express/media/cache/vendor_logo/uploads/images/vendors/logos/default.png,True,False,45,,8.4,VendorListItem
113625,فروشگاه لیان(شوینده بهداشتی),False,,0,180000,0gkr92,ACTIVE,تهرانسر غربی,0,False,https://cdn.snapp.express/media/cache/vendor_logo/uploads/images/vendors/logos/65f14c3842d25.jpg,True,False,45,,8.2,VendorListItem
110040,اسمارت دستغیب (سوپرمارکت زنجیره ای اسنپ),False,https://cdn.snapp.express/media/cache/vendor_item_cover/uploads/images/vendors/covers/6523106d69c4a.png,73343,120000,3xgzdy,ACTIVE,هاشمی,5345,True,https://cdn.snapp.express/media/cache/vendor_logo/uploads/images/vendors/logos/6523106d64fce.png,True,False,45,,9.0,VendorListItem
109845,وال مارکت استاد معین (همواره تخفیف),False,https://cdn.snapp.express/media/cache/vendor_item_cover/uploads/images/vendors/covers/6321c68cb0596.jpg,5889,100000,31qon7,ACTIVE,استاد معين,407,False,https://cdn.snapp.express/media/cache/vendor_logo/uploads/images/vendors/logos/64342de96b47f.png,True,False,45,,8.4,VendorListItem
113976,دیلی مارکت بیست و یک متری جی(همواره تخفیف),False,https://cdn.snapp.express/media/cache/vendor_item_cover/uploads/images/vendors/covers/667fbb44803d3.jpg,0,100000,0ygj6y,ACTIVE,دکترهوشيار,0,False,https://cdn.snapp.express/media/cache/vendor_logo/uploads/images/vendors/logos/667fbb447c7cd.jpg,True,False,45,,0.0,VendorListItem
62784,سوپرمارکت یاران دریان مارال (میدان جمهوری),False,https://cdn.snapp.express/media/cache/vendor_item_cover/uploads/images/vendors/covers/60a79174190b5.jpg,15766,70000,poowqq,ACTIVE,جمهوری,603,False,https://cdn.snapp.express/media/cache/vendor_logo/uploads/images/vendors/logos/65f6ea29e5697.png,True,False,45,,8.0,VendorListItem
114083,جانبو خیابان خوش(همواره تخفیف),False,https://cdn.snapp.express/media/cache/vendor_item_cover/uploads/images/vendors/covers/66a0a3991a6a9.png,0,80000,0rqe58,ACTIVE,سلسبيل شمالی,0,False,https://cdn.snapp.express/media/cache/vendor_logo/uploads/images/vendors/logos/66a0a39915c0b.jpg,True,False,45,,0.0,VendorListItem
111669,سوپرمارکت تبریزی (جمهوری اسلامی),False,https://cdn.snapp.express/media/cache/vendor_item_cover/uploads/images/vendors/covers/6357a4734cf78.jpg,442,70000,31z2d7,ACTIVE,انقلاب-فلسطین,68,False,https://cdn.snapp.express/media/cache/vendor_logo/uploads/images/vendors/logos/default.png,True,False,45,,8.0,VendorListItem
110206,فروشگاه هفت صفا (همواره تخفیف),False,https://cdn.snapp.express/media/cache/vendor_item_cover/uploads/images/vendors/covers/63f22c982dc84.png,1170,80000,p6rxre,ACTIVE,صفا,73,False,https://cdn.snapp.express/media/cache/vendor_logo/uploads/images/vendors/logos/662df9bfc5071.png,True,False,45,,8.4,VendorListItem
93393,اسمارت پیروزی (سوپرمارکت زنجیره ای اسنپ),False,https://cdn.snapp.express/media/cache/vendor_item_cover/uploads/images/vendors/covers/6523144bec07e.png,99794,120000,31j8lw,ACTIVE,شيوا,6559,True,https://cdn.snapp.express/media/cache/vendor_logo/uploads/images/vendors/logos/6523144be5095.png,True,False,45,,9.2,VendorListItem
104270,سوپرمارکت آیهان (کارون),False,https://cdn.snapp.express/media/cache/vendor_item_cover/uploads/images/vendors/covers/618aae3450c54.jpg,1654,70000,p5qk2n,ACTIVE,كارون شمالی,111,False,https://cdn.snapp.express/media/cache/vendor_logo/uploads/images/vendors/logos/default.png,True,False,45,,7.6,VendorListItem
113557,فروشگاه هفت قصرالدشت (همواره تخفیف),False,https://cdn.snapp.express/media/cache/vendor_item_cover/uploads/images/vendors/covers/65e42f1b91232.png,0,80000,0q1dr9,ACTIVE,سلسبيل شمالی,3,False,https://cdn.snapp.express/media/cache/vendor_logo/uploads/images/vendors/logos/65e42f1b8419c.png,True,False,45,,8.0,VendorListItem
109850,سوپرمارکت لیموی آبی(استاد معین),False,https://cdn.snapp.express/media/cache/vendor_item_cover/uploads/images/vendors/covers/620257a247939.jpg,1430,70000,09jko6,ACTIVE,استاد معين,152,False,https://cdn.snapp.express/media/cache/vendor_logo/uploads/images/vendors/logos/default.png,True,False,45,,8.2,VendorListItem
112944,سوپرمارکت سنین مارکت (استاد معین),False,https://cdn.snapp.express/media/cache/vendor_item_cover/uploads/images/vendors/covers/6548eb62ec402.jpg,0,70000,3kjo6n,ACTIVE,استاد معين,9,False,https://cdn.snapp.express/media/cache/vendor_logo/uploads/images/vendors/logos/6548eb62e5638.png,True,False,45,,8.8,VendorListItem
42692,سوپرمارکت اشکان (نواب),False,https://cdn.snapp.express/media/cache/vendor_item_cover/uploads/images/vendors/covers/60a4d77b988b8.jpg,43543,70000,3kv66g,ACTIVE,سلسبيل شمالی,1469,False,https://cdn.snapp.express/media/cache/vendor_logo/uploads/images/vendors/logos/default.png,True,False,45,,9.0,VendorListItem
110236,سوپرمارکت محله(رودکی),False,https://cdn.snapp.express/media/cache/vendor_item_cover/uploads/images/vendors/covers/6223388163405.jpg,895,70000,po6n5o,ACTIVE,سلسبيل شمالی,142,False,https://cdn.snapp.express/media/cache/vendor_logo/uploads/images/vendors/logos/default.png,True,False,45,,8.6,VendorListItem
109851,سوپرمارکت فرهنگیان(بهارستان),False,https://cdn.snapp.express/media/cache/vendor_item_cover/uploads/images/vendors/covers/62025febc4f5d.jpg,4392,70000,3d7jyg,ACTIVE,ایران,559,False,https://cdn.snapp.express/media/cache/vendor_logo/uploads/images/vendors/logos/default.png,True,False,45,,8.8,VendorListItem
111634,سوپرمارکت زرین (میدان شهدا),False,https://cdn.snapp.express/media/cache/vendor_item_cover/uploads/images/vendors/covers/6343f6af76ac8.jpg,1159,70000,pz9n7o,ACTIVE,دروازه شميران,82,False,https://cdn.snapp.express/media/cache/vendor_logo/uploads/images/vendors/logos/default.png,True,False,45,,8.6,VendorListItem
113927,فروشگاه هفت چهار راه کوکاکولا (همواره تخفیف ),False,https://cdn.snapp.express/media/cache/vendor_item_cover/uploads/images/vendors/covers/66698b2d579ad.jpeg,0,80000,3derzx,ACTIVE,دهقان,3,False,https://cdn.snapp.express/media/cache/vendor_logo/uploads/images/vendors/logos/66698b2d53c71.jfif,True,False,45,,0.0,VendorListItem
56561,سوپرمارکت دلفین (تهرانسر),False,https://cdn.snapp.express/media/cache/vendor_item_cover/uploads/images/vendors/covers/60a768db03d96.jpg,12468,70000,p87v7r,ACTIVE,تهرانسر غربی,739,False,https://cdn.snapp.express/media/cache/vendor_logo/uploads/images/vendors/logos/default.png,True,False,45,,9.0,VendorListItem
112965,سوپرمارکت خانواده (تهرانسر),False,https://cdn.snapp.express/media/cache/vendor_item_cover/uploads/images/vendors/covers/654f50a2d91c0.jpg,0,70000,3eeq6m,ACTIVE,تهرانسر غربی,14,False,https://cdn.snapp.express/media/cache/vendor_logo/uploads/images/vendors/logos/654f50a2d0df4.png,True,False,45,,8.6,VendorListItem
113598,مینو مارت هاشمی (همواره تخفیف),False,https://cdn.snapp.express/media/cache/vendor_item_cover/uploads/images/vendors/covers/65ec4dbfea4c6.jpg,0,80000,09e99y,ACTIVE,استاد معين,2,False,https://cdn.snapp.express/media/cache/vendor_logo/uploads/images/vendors/logos/65ec4dbfa25c9.jpg,True,False,45,,8.4,VendorListItem
34371,سوپرمارکت علیشاهی (کارون),False,https://cdn.snapp.express/media/cache/vendor_item_cover/uploads/images/vendors/covers/60a4fe8bb45c3.jpg,55280,70000,32mew2,ACTIVE,كارون شمالی,2054,False,https://cdn.snapp.express/media/cache/vendor_logo/uploads/images/vendors/logos/default.png,True,False,45,,8.4,VendorListItem
111144,فروشگاه هفت کارون سپه(همواره تخفیف),False,https://cdn.snapp.express/media/cache/vendor_item_cover/uploads/images/vendors/covers/63f229da79351.png,657,80000,3kjnmn,ACTIVE,كارون شمالی,46,False,https://cdn.snapp.express/media/cache/vendor_logo/uploads/images/vendors/logos/64342a4c8225c.png,True,False,45,,8.4,VendorListItem
109688,دیلی مارکت کارون(همواره تخفیف),False,https://cdn.snapp.express/media/cache/vendor_item_cover/uploads/images/vendors/covers/620cde8078661.jpg,1896,100000,3xgekw,ACTIVE,كارون شمالی,133,False,https://cdn.snapp.express/media/cache/vendor_logo/uploads/images/vendors/logos/65b61ccd07924.jpg,True,False,45,,8.4,VendorListItem
110653,فروشگاه هفت اسکندری(همواره تخفیف),False,https://cdn.snapp.express/media/cache/vendor_item_cover/uploads/images/vendors/covers/63f22c0b7760a.png,754,80000,pvq9rm,ACTIVE,اسكندری,50,False,https://cdn.snapp.express/media/cache/vendor_logo/uploads/images/vendors/logos/64342a4c8225c.png,True,False,45,,8.4,VendorListItem
111471,سوپرمارکت گلچین (اسکندری),False,https://cdn.snapp.express/media/cache/vendor_item_cover/uploads/images/vendors/covers/6309a906a2c26.jpg,1022,70000,32z7n5,ACTIVE,اسكندری,132,False,https://cdn.snapp.express/media/cache/vendor_logo/uploads/images/vendors/logos/default.png,True,False,45,,9.0,VendorListItem
113007,فروشگاه هفت شیخ هادی (همواره تخفیف),False,https://cdn.snapp.express/media/cache/vendor_item_cover/uploads/images/vendors/covers/655ca2edb3e7f.png,0,80000,0mj11o,ACTIVE,شیخ هادی,7,False,https://cdn.snapp.express/media/cache/vendor_logo/uploads/images/vendors/logos/655ca2eda6cf3.png,True,False,45,,7.6,VendorListItem
109604,سوپرمارکت موسی الرضا(نبرد شمالی),False,https://cdn.snapp.express/media/cache/vendor_item_cover/uploads/images/vendors/covers/6533f03d74c1d.jpg,4271,70000,0y97xn,ACTIVE,صددستگاه,282,False,https://cdn.snapp.express/media/cache/vendor_logo/uploads/images/vendors/logos/6533f03d6d34a.png,True,False,45,,8.8,VendorListItem
110155,فروشگاه هفت پرستار(همواره تخفیف),False,https://cdn.snapp.express/media/cache/vendor_item_cover/uploads/images/vendors/covers/63f22e10ebefe.png,780,80000,0myrmv,ACTIVE,پرستار,62,False,https://cdn.snapp.express/media/cache/vendor_logo/uploads/images/vendors/logos/64342a4c8225c.png,True,False,45,,8.8,VendorListItem
110571,سوپرمارکت زیتون (تهرانسر),False,https://cdn.snapp.express/media/cache/vendor_item_cover/uploads/images/vendors/covers/6280ae253dafd.jpg,0,70000,32qll2,ACTIVE,شهرک پاسدران,1,False,https://cdn.snapp.express/media/cache/vendor_logo/uploads/images/vendors/logos/64342e475771d.png,True,False,45,,0.0,VendorListItem
83885,جانبو دستغیب (همواره تخفیف),False,https://cdn.snapp.express/media/cache/vendor_item_cover/uploads/images/vendors/covers/6603db26153eb.png,2342,110000,p8d51g,ACTIVE,شهيد دستغيب,86,False,https://cdn.snapp.express/media/cache/vendor_logo/uploads/images/vendors/logos/6603db25e1918.jpg,True,False,45,,8.4,VendorListItem
110569,دیلی مارکت هاشمی(همواره تخفیف),False,https://cdn.snapp.express/media/cache/vendor_item_cover/uploads/images/vendors/covers/627c002e1a554.jpg,970,85000,31q662,ACTIVE,دکترهوشيار,45,False,https://cdn.snapp.express/media/cache/vendor_logo/uploads/images/vendors/logos/65b622b341726.jpg,True,False,45,,7.81,VendorListItem
47578,سوپرمارکت جامی (میدان حسن آباد),False,https://cdn.snapp.express/media/cache/vendor_item_cover/uploads/images/vendors/covers/60a4e2ddb5db6.jpg,66127,70000,p6j6n6,ACTIVE,شیخ هادی,2319,False,https://cdn.snapp.express/media/cache/vendor_logo/uploads/images/vendors/logos/default.png,True,False,45,,8.6,VendorListItem
110683,سوپرمارکت کوهستان (امام خمینی),False,https://cdn.snapp.express/media/cache/vendor_item_cover/uploads/images/vendors/covers/629eea230f2f5.jpg,745,70000,0rqmvz,ACTIVE,شیخ هادی,40,False,https://cdn.snapp.express/media/cache/vendor_logo/uploads/images/vendors/logos/default.png,True,False,45,,8.4,VendorListItem
113224,فروشگاه دیجیتال پاکلند (شوینده بهداشتی),False,,0,150000,0wqz2v,ACTIVE,سلسبيل جنوبی,0,False,https://cdn.snapp.express/media/cache/vendor_logo/uploads/images/vendors/logos/65e6fbc8ca170.jpg,True,False,45,,6.8,VendorListItem
85795,جانبو مجاهدین (همواره تخفیف),False,https://cdn.snapp.express/media/cache/vendor_item_cover/uploads/images/vendors/covers/66ae11c1077f9.png,4184,100000,321r8d,ACTIVE,دروازه شميران,203,False,https://cdn.snapp.express/media/cache/vendor_logo/uploads/images/vendors/logos/66ae11c104def.jpg,True,False,45,,8.92,VendorListItem
110655,فروشگاه هفت شهدا (همواره تخفیف),False,https://cdn.snapp.express/media/cache/vendor_item_cover/uploads/images/vendors/covers/63f22be41affc.png,1928,80000,0mjlwo,ACTIVE,ایران,129,False,https://cdn.snapp.express/media/cache/vendor_logo/uploads/images/vendors/logos/64342a4c8225c.png,True,False,45,,9.0,VendorListItem
113983,گندم پیروزی(همواره تخفیف),False,https://cdn.snapp.express/media/cache/vendor_item_cover/uploads/images/vendors/covers/6680080726341.png,0,85000,0rqyko,ACTIVE,چهارصددستگاه,0,False,https://cdn.snapp.express/media/cache/vendor_logo/uploads/images/vendors/logos/6680080720fd8.png,True,False,45,,0.0,VendorListItem
55349,سوپرمارکت آی اولدوز (نبرد),False,,39411,70000,0gglor,ACTIVE,صددستگاه,1613,False,https://cdn.snapp.express/media/cache/vendor_logo/uploads/images/vendors/logos/default.png,True,False,45,,8.4,VendorListItem
114060,جانبو پیروزی 4(همواره تخفیف),False,https://cdn.snapp.express/media/cache/vendor_item_cover/uploads/images/vendors/covers/669f6bb161adb.png,0,80000,pojyqk,ACTIVE,صددستگاه,0,False,https://cdn.snapp.express/media/cache/vendor_logo/uploads/images/vendors/logos/669f6bb15e2a4.jpg,True,False,45,,0.0,VendorListItem
113108,فروشگاه ذاکری (شوینده بهداشتی),False,,0,180000,0ljej9,ACTIVE,نبی اکرم,9,False,https://cdn.snapp.express/media/cache/vendor_logo/uploads/images/vendors/logos/65e6fc2b41fff.jpg,True,False,45,,9.4,VendorListItem
55730,سوپرمارکت نیک (پیروزی),False,https://cdn.snapp.express/media/cache/vendor_item_cover/uploads/images/vendors/covers/60a50ebe82937.jpg,24660,70000,p674wo,ACTIVE,پرستار,944,False,https://cdn.snapp.express/media/cache/vendor_logo/uploads/images/vendors/logos/default.png,True,False,45,,9.4,VendorListItem
113620,سوپرمارکت یاران دریان همایون 110,False,,0,70000,3kj7wo,ACTIVE,پرستار,8,False,https://cdn.snapp.express/media/cache/vendor_logo/uploads/images/vendors/logos/65effeabbabaf.png,True,False,45,,8.6,VendorListItem
111476,تست رفاه,False,https://cdn.snapp.express/media/cache/vendor_item_cover/uploads/images/vendors/covers/6329a807c7a78.jpg,0,1000,0yg1dn,ACTIVE,استاد معين,0,False,https://cdn.snapp.express/media/cache/vendor_logo/uploads/images/vendors/logos/63ece49c02dd5.png,True,False,30,,0.0,VendorListItem
110219,فروشگاه هفت جیحون (همواره تخفیف),False,https://cdn.snapp.express/media/cache/vendor_item_cover/uploads/images/vendors/covers/63f22c4ec3285.png,1063,80000,0jgvj6,ACTIVE,كارون جنوبی,86,False,https://cdn.snapp.express/media/cache/vendor_logo/uploads/images/vendors/logos/64342a4c8225c.png,True,False,45,,8.6,VendorListItem
113407,فروشگاه هفت جیحون مالک (همواره تخفیف),False,https://cdn.snapp.express/media/cache/vendor_item_cover/uploads/images/vendors/covers/65c75fb4d4475.png,0,80000,0mj1ny,ACTIVE,هاشمی,0,False,https://cdn.snapp.express/media/cache/vendor_logo/uploads/images/vendors/logos/65c75fb4c3f4f.png,True,False,45,,8.4,VendorListItem
111139,فروشگاه هفت امام خمینی نواب(همواره تخفیف),False,https://cdn.snapp.express/media/cache/vendor_item_cover/uploads/images/vendors/covers/63f229a54d772.png,582,80000,0njlm6,ACTIVE,سلسبيل جنوبی,43,False,https://cdn.snapp.express/media/cache/vendor_logo/uploads/images/vendors/logos/64342a4c8225c.png,True,False,45,,8.8,VendorListItem
112104,فروشگاه هفت ایران (همواره تخفیف),False,https://cdn.snapp.express/media/cache/vendor_item_cover/uploads/images/vendors/covers/643aabf11ebee.png,0,80000,0ygkqy,ACTIVE,ایران,21,False,https://cdn.snapp.express/media/cache/vendor_logo/uploads/images/vendors/logos/64342a4c8225c.png,True,False,45,,8.8,VendorListItem
113755,مینو مارت پیروزی (همواره تخفیف),False,https://cdn.snapp.express/media/cache/vendor_item_cover/uploads/images/vendors/covers/6626145027546.jpg,0,80000,0mjmqv,ACTIVE,چهارصددستگاه,0,False,https://cdn.snapp.express/media/cache/vendor_logo/uploads/images/vendors/logos/662614501f45e.jpg,True,False,45,,9.0,VendorListItem
112470,دیلی مارکت جیحون (همواره تخفیف),False,https://cdn.snapp.express/media/cache/vendor_item_cover/uploads/images/vendors/covers/64bb9f401cb8a.jpg,0,100000,p5z9ww,ACTIVE,كارون جنوبی,6,False,https://cdn.snapp.express/media/cache/vendor_logo/uploads/images/vendors/logos/64bb9f4016faa.png,True,False,45,,8.2,VendorListItem
112552,دیلی مارکت میدان سرآسیاب دولاب تهران (همواره تخفیف),False,https://cdn.snapp.express/media/cache/vendor_item_cover/uploads/images/vendors/covers/64e1cb8c961cf.jpg,0,75000,0ygvwm,ACTIVE,سرآسیاب دولاب,4,False,https://cdn.snapp.express/media/cache/vendor_logo/uploads/images/vendors/logos/65b75e474fb21.jpg,True,False,45,,0.0,VendorListItem
113994,گندم پیروزی شیوا(همواره تخفیف),False,https://cdn.snapp.express/media/cache/vendor_item_cover/uploads/images/vendors/covers/6683c415a1cbe.png,0,80000,p5z5ge,ACTIVE,شيوا,0,False,https://cdn.snapp.express/media/cache/vendor_logo/uploads/images/vendors/logos/6683c4159ddb4.png,True,False,45,,0.0,VendorListItem
113113,فروشگاه هفت پرستار شیرین آبادی (همواره تخفیف),False,https://cdn.snapp.express/media/cache/vendor_item_cover/uploads/images/vendors/covers/65819052d6925.png,0,80000,p8e7m5,ACTIVE,ابوذر,4,False,https://cdn.snapp.express/media/cache/vendor_logo/uploads/images/vendors/logos/65819052d0e03.png,True,False,45,,9.6,VendorListItem
85852,جانبو کریمشاهیان (همواره تخفیف),False,https://cdn.snapp.express/media/cache/vendor_item_cover/uploads/images/vendors/covers/65e70ea013061.png,2679,80000,0yxj1r,ACTIVE,ابوذر,126,False,https://cdn.snapp.express/media/cache/vendor_logo/uploads/images/vendors/logos/65e70e9fde8ff.jpg,True,False,45,,9.2,VendorListItem
111124,فروشگاه هفت نبرد شمالی (همواره تخفیف),False,https://cdn.snapp.express/media/cache/vendor_item_cover/uploads/images/vendors/covers/63f22a79ecafe.png,560,80000,0wq5xz,ACTIVE,نبی اکرم,52,False,https://cdn.snapp.express/media/cache/vendor_logo/uploads/images/vendors/logos/64342a4c8225c.png,True,False,45,,9.2,VendorListItem
111145,فروشگاه هفت مالک اشتر سپه (همواره تخفیف),False,https://cdn.snapp.express/media/cache/vendor_item_cover/uploads/images/vendors/covers/63f229e64f35b.png,604,80000,31zv62,ACTIVE,هاشمی,42,False,https://cdn.snapp.express/media/cache/vendor_logo/uploads/images/vendors/logos/64342a4c8225c.png,True,False,45,,8.4,VendorListItem
80699,سوپرمارکت سورنا 1015 (قصرالدشت),False,https://cdn.snapp.express/media/cache/vendor_item_cover/uploads/images/vendors/covers/60f2786750021.jpg,9945,70000,3dr45w,ACTIVE,سلسبيل جنوبی,514,False,https://cdn.snapp.express/media/cache/vendor_logo/uploads/images/vendors/logos/default.png,True,False,45,,8.4,VendorListItem
112551,دیلی مارکت خیابان قصرالدشت تهران(همواره تخفیف),False,https://cdn.snapp.express/media/cache/vendor_item_cover/uploads/images/vendors/covers/64e1c8e89e79f.jpg,0,100000,3degod,ACTIVE,سلسبيل جنوبی,9,False,https://cdn.snapp.express/media/cache/vendor_logo/uploads/images/vendors/logos/65b61d105af3f.jpg,True,False,45,,8.2,VendorListItem
111328,سوپرمارکت آریانا (کارگر),False,https://cdn.snapp.express/media/cache/vendor_item_cover/uploads/images/vendors/covers/62f74795264fe.jpg,492,70000,0yg1xm,ACTIVE,حر,99,False,https://cdn.snapp.express/media/cache/vendor_logo/uploads/images/vendors/logos/default.png,True,False,45,,8.8,VendorListItem
113223,فروشگاه بنیامین (شوینده بهداشتی),False,,0,180000,32zrk5,ACTIVE,مخصوص,2,False,https://cdn.snapp.express/media/cache/vendor_logo/uploads/images/vendors/logos/65e6fbd458e77.jpg,True,False,45,,9.4,VendorListItem
109663,فروشگاه هفت منیریه (همواره تخفیف),False,https://cdn.snapp.express/media/cache/vendor_item_cover/uploads/images/vendors/covers/63f22ee6545ed.png,2775,80000,0nvm5v,ACTIVE,منيريه,164,False,https://cdn.snapp.express/media/cache/vendor_logo/uploads/images/vendors/logos/64342a4c8225c.png,True,False,45,,8.2,VendorListItem
113583,فروشگاه پرنسا (شوینده بهداشتی),False,,0,180000,0rqyx9,ACTIVE,دلگشا,1,False,https://cdn.snapp.express/media/cache/vendor_logo/uploads/images/vendors/logos/65ec1139c883f.jpg,True,False,45,,0.0,VendorListItem
110568,دیلی مارکت درودیان (همواره تخفیف),False,https://cdn.snapp.express/media/cache/vendor_item_cover/uploads/images/vendors/covers/627bfe01504fe.jpg,1624,100000,3k9mmn,ACTIVE,دلگشا,93,False,https://cdn.snapp.express/media/cache/vendor_logo/uploads/images/vendors/logos/65b61d599f65e.jpg,True,False,45,,8.51,VendorListItem
113009,فروشگاه هفت شکوفه میدان کلانتری(همواره تخفیف),False,https://cdn.snapp.express/media/cache/vendor_item_cover/uploads/images/vendors/covers/655da8a8ad1ee.png,0,80000,0q155w,ACTIVE,دلگشا,4,False,https://cdn.snapp.express/media/cache/vendor_logo/uploads/images/vendors/logos/655da8a8a4ae0.png,True,False,45,,8.6,VendorListItem
113465,مینو مارت نبرد (همواره تخفیف),False,https://cdn.snapp.express/media/cache/vendor_item_cover/uploads/images/vendors/covers/65d20043beda8.jpg,0,80000,3eeq7v,ACTIVE,نبی اکرم,1,False,https://cdn.snapp.express/media/cache/vendor_logo/uploads/images/vendors/logos/65d20043b9a81.jpg,True,False,45,,8.6,VendorListItem
110657,فروشگاه هفت نبرد ابوذر (همواره تخفیف),False,https://cdn.snapp.express/media/cache/vendor_item_cover/uploads/images/vendors/covers/63f22bceddca1.png,923,80000,0q1o6w,ACTIVE,ابوذر,71,False,https://cdn.snapp.express/media/cache/vendor_logo/uploads/images/vendors/logos/64342a4c8225c.png,True,False,45,,8.8,VendorListItem
109565,فروشگاه هفت کمیل(همواره تخفیف),False,https://cdn.snapp.express/media/cache/vendor_item_cover/uploads/images/vendors/covers/63f22f2151395.png,1606,85000,3ezk22,ACTIVE,هاشمی,77,False,https://cdn.snapp.express/media/cache/vendor_logo/uploads/images/vendors/logos/64342a4c8225c.png,True,False,45,,8.8,VendorListItem
113545,فروشگاه پاکان (شوینده بهداشتی),False,,0,180000,31z4l2,ACTIVE,امامزاده عبدالله,0,False,https://cdn.snapp.express/media/cache/vendor_logo/uploads/images/vendors/logos/65e6fa0a78215.jpg,True,False,45,,9.2,VendorListItem
111143,فروشگاه هفت کارگر جنوبی (همواره تخفیف),False,https://cdn.snapp.express/media/cache/vendor_item_cover/uploads/images/vendors/covers/63f229cce6c66.png,824,80000,0jjedv,ACTIVE,مخصوص,75,False,https://cdn.snapp.express/media/cache/vendor_logo/uploads/images/vendors/logos/64342a4c8225c.png,True,False,45,,9.2,VendorListItem
111129,فروشگاه هفت منیریه ابوسعید (همواره تخفیف),False,https://cdn.snapp.express/media/cache/vendor_item_cover/uploads/images/vendors/covers/63f22a6179a2c.png,749,80000,pvq9n5,ACTIVE,منيريه,73,False,https://cdn.snapp.express/media/cache/vendor_logo/uploads/images/vendors/logos/64342a4c8225c.png,True,False,45,,8.0,VendorListItem
110927,دیلی مارکت خیابان پرستار (همواره تخفیف),False,https://cdn.snapp.express/media/cache/vendor_item_cover/uploads/images/vendors/covers/63170716d2b0e.jpg,357,80000,3del2x,ACTIVE,ابوذر,13,False,https://cdn.snapp.express/media/cache/vendor_logo/uploads/images/vendors/logos/65b75e2b55bea.jpg,True,False,45,,8.93,VendorListItem
109773,جانبو محبوب مجاز (همواره تخفیف),False,https://cdn.snapp.express/media/cache/vendor_item_cover/uploads/images/vendors/covers/61f8e5b4a2889.png,839,100000,0gzwxq,ACTIVE,بريانک,49,False,https://cdn.snapp.express/media/cache/vendor_logo/uploads/images/vendors/logos/66a0fa868b4bd.jpg,True,False,45,,7.49,VendorListItem
113463,مینو مارت شمشیری (همواره تخفیف),False,https://cdn.snapp.express/media/cache/vendor_item_cover/uploads/images/vendors/covers/65d1feba75993.jpg,0,80000,0njq82,ACTIVE,شمشيری,0,False,https://cdn.snapp.express/media/cache/vendor_logo/uploads/images/vendors/logos/65d1feba5aa1b.jpg,True,False,45,,8.4,VendorListItem
110190,فروشگاه هفت سی متری جی (همواره تخفیف),False,https://cdn.snapp.express/media/cache/vendor_item_cover/uploads/images/vendors/covers/63f22d27c8df0.png,0,80000,37o7o9,ACTIVE,امامزاده عبدالله,25,False,https://cdn.snapp.express/media/cache/vendor_logo/uploads/images/vendors/logos/64342a4c8225c.png,True,False,45,,8.6,VendorListItem
110650,فروشگاه هفت امیری(همواره تخفیف),False,https://cdn.snapp.express/media/cache/vendor_item_cover/uploads/images/vendors/covers/63f22c1dc4e52.png,1180,80000,09ex6q,ACTIVE,FIXME,77,False,https://cdn.snapp.express/media/cache/vendor_logo/uploads/images/vendors/logos/64342a4c8225c.png,True,False,45,,9.0,VendorListItem
113397,دیلی مارکت بریانک (همواره تخفیف),False,https://cdn.snapp.express/media/cache/vendor_item_cover/uploads/images/vendors/covers/65c35da953167.jpg,0,100000,0gkgeq,ACTIVE,هفت چنار,7,False,https://cdn.snapp.express/media/cache/vendor_logo/uploads/images/vendors/logos/65d5a837eb520.jpg,True,False,45,,7.4,VendorListItem
56296,سوپرمارکت غفاری (محلاتی),False,https://cdn.snapp.express/media/cache/vendor_item_cover/uploads/images/vendors/covers/60a61879d854d.jpg,21813,70000,0wzd6v,ACTIVE,شاهين,1110,False,https://cdn.snapp.express/media/cache/vendor_logo/uploads/images/vendors/logos/default.png,True,False,45,,9.2,VendorListItem
109510,گندم آبشار (همواره تخفیف),False,https://cdn.snapp.express/media/cache/vendor_item_cover/uploads/images/vendors/covers/61cb0931cf69c.jpg,3004,80000,pzdjej,ACTIVE,آبشار-دردار,158,False,https://cdn.snapp.express/media/cache/vendor_logo/uploads/images/vendors/logos/64342b3a8d27d.png,True,False,45,,7.4,VendorListItem
113943,دیلی مارکت خیابان سبحانی(همواره تخفیف),False,https://cdn.snapp.express/media/cache/vendor_item_cover/uploads/images/vendors/covers/6672df5470705.jpg,0,100000,0jjm9q,ACTIVE,FIXME,3,False,https://cdn.snapp.express/media/cache/vendor_logo/uploads/images/vendors/logos/6672df546ba7c.jpg,True,False,45,,0.0,VendorListItem
113356,فروشگاه هفت سبحانی (همواره تخفیف),False,https://cdn.snapp.express/media/cache/vendor_item_cover/uploads/images/vendors/covers/65bd001fc7eab.png,0,80000,0ljeye,ACTIVE,سليمانی-تيموری,1,False,https://cdn.snapp.express/media/cache/vendor_logo/uploads/images/vendors/logos/65bd001fa6c7b.png,True,False,45,,9.0,VendorListItem
112772,سوپرمارکت کاشفی (نواب),False,https://cdn.snapp.express/media/cache/vendor_item_cover/uploads/images/vendors/covers/652541bf0e150.jpg,0,70000,0wq9r8,ACTIVE,هفت چنار,10,False,https://cdn.snapp.express/media/cache/vendor_logo/uploads/images/vendors/logos/652541bf0113d.png,True,False,45,,9.0,VendorListItem
110174,فروشگاه هفت بریانک(همواره تخفیف),False,https://cdn.snapp.express/media/cache/vendor_item_cover/uploads/images/vendors/covers/63f22cecb20c4.png,2585,80000,09j5yn,ACTIVE,هفت چنار,128,False,https://cdn.snapp.express/media/cache/vendor_logo/uploads/images/vendors/logos/64342a4c8225c.png,True,False,45,,8.8,VendorListItem
110651,فروشگاه هفت چهل وپنج متری زرند(همواره تخفیف),False,https://cdn.snapp.express/media/cache/vendor_item_cover/uploads/images/vendors/covers/63f22c1567c24.png,912,85000,3del5w,ACTIVE,سرآسیاب مهرآباد,69,False,https://cdn.snapp.express/media/cache/vendor_logo/uploads/images/vendors/logos/64342a4c8225c.png,True,False,45,,8.8,VendorListItem
55487,سوپرمارکت المهدی (منیریه),False,https://cdn.snapp.express/media/cache/vendor_item_cover/uploads/images/vendors/covers/60a5034d0675a.jpg,39685,70000,0nqlv8,ACTIVE,قلمستان,1600,False,https://cdn.snapp.express/media/cache/vendor_logo/uploads/images/vendors/logos/default.png,True,False,45,,8.8,VendorListItem
85796,جانبو شاپور (همواره تخفیف),False,https://cdn.snapp.express/media/cache/vendor_item_cover/uploads/images/vendors/covers/6603daa4d8e29.png,2207,80000,0w4zx8,ACTIVE,سنگلج,129,False,https://cdn.snapp.express/media/cache/vendor_logo/uploads/images/vendors/logos/6603daa4d42db.jpg,True,False,45,,8.6,VendorListItem
109668,فروشگاه هفت محلاتی (همواره تخفیف),False,https://cdn.snapp.express/media/cache/vendor_item_cover/uploads/images/vendors/covers/63f22e9981bf5.png,1755,80000,3k9y5k,ACTIVE,اصفهانک,72,False,https://cdn.snapp.express/media/cache/vendor_logo/uploads/images/vendors/logos/64342a4c8225c.png,True,False,45,,8.8,VendorListItem
113773,دیلی مارکت عارف شمالی (همواره تخفیف),False,https://cdn.snapp.express/media/cache/vendor_item_cover/uploads/images/vendors/covers/662ce4ba06e3f.jpg,0,90000,0gkr4x,ACTIVE,مينا,4,False,https://cdn.snapp.express/media/cache/vendor_logo/uploads/images/vendors/logos/662ce4ba03639.jpg,True,False,45,,7.2,VendorListItem
114057,جانبومهرآباد دانشگاه هوایی(همواره تخفیف),False,,0,80000,0q1eox,ACTIVE,شمشيری,0,False,https://cdn.snapp.express/media/cache/vendor_logo/uploads/images/vendors/logos/default.png,True,False,45,,0.0,VendorListItem
111663,سوپرمارکت خانواده (خیابان قزوین),False,https://cdn.snapp.express/media/cache/vendor_item_cover/uploads/images/vendors/covers/634e86f2437bd.jpg,319,70000,0njny2,ACTIVE,سليمانی-تيموری,105,False,https://cdn.snapp.express/media/cache/vendor_logo/uploads/images/vendors/logos/default.png,True,False,45,,9.0,VendorListItem
96436,سوپرمارکت گلها (سه راه آذری),False,https://cdn.snapp.express/media/cache/vendor_item_cover/uploads/images/vendors/covers/61655e8312ce6.jpg,2022,70000,poyn1o,ACTIVE,آذری,161,False,https://cdn.snapp.express/media/cache/vendor_logo/uploads/images/vendors/logos/default.png,True,False,45,,9.0,VendorListItem
113290,فروشگاه هفت مترو بریانک (همواره تخفیف),False,https://cdn.snapp.express/media/cache/vendor_item_cover/uploads/images/vendors/covers/65a7d9bc06b5d.png,0,80000,37r5vm,ACTIVE,بريانک,4,False,https://cdn.snapp.express/media/cache/vendor_logo/uploads/images/vendors/logos/65a7d9bbcc7c2.png,True,False,45,,8.4,VendorListItem
113619,فروشگاه پاکلند (شوینده بهداشتی),False,,0,180000,0jjm2r,ACTIVE,ابوذر شرقی,1,False,https://cdn.snapp.express/media/cache/vendor_logo/uploads/images/vendors/logos/65effad0d5e31.jpg,True,False,45,,9.6,VendorListItem
113736,سوپرمارکت دوستان (شاپور),False,,0,70000,pojgxq,ACTIVE,سنگلج,4,False,https://cdn.snapp.express/media/cache/vendor_logo/uploads/images/vendors/logos/661e2b2d09ce7.png,True,False,45,,0.0,VendorListItem
113979,دیلی مارکت میدان قیام(همواره تخفیف),False,https://cdn.snapp.express/media/cache/vendor_item_cover/uploads/images/vendors/covers/667fc3e0b57f4.jpg,0,90000,0mjmnz,ACTIVE,قيام,0,False,https://cdn.snapp.express/media/cache/vendor_logo/uploads/images/vendors/logos/667fc3e0b18a1.jpg,True,False,45,,0.0,VendorListItem
110531,گندم ورزشگاه سعیدی (همواره تخفیف),False,https://cdn.snapp.express/media/cache/vendor_item_cover/uploads/images/vendors/covers/627660e89e488.jpg,348,80000,0myrnq,ACTIVE,عارف,17,False,https://cdn.snapp.express/media/cache/vendor_logo/uploads/images/vendors/logos/64342b3a8d27d.png,True,False,45,,7.74,VendorListItem
109783,جانبو شادآباد (همواره تخفیف),False,https://cdn.snapp.express/media/cache/vendor_item_cover/uploads/images/vendors/covers/61fa3399e6212.png,0,80000,0ror7o,ACTIVE,هفده شهريور,0,False,https://cdn.snapp.express/media/cache/vendor_logo/uploads/images/vendors/logos/66a0fcb659993.jpg,True,False,45,,0.0,VendorListItem
112554,دیلی مارکت خیابان لقمان حکیم تهران (همواره تخفیف),False,https://cdn.snapp.express/media/cache/vendor_item_cover/uploads/images/vendors/covers/64e1ccbfb86d4.jpg,0,100000,p6zjvw,ACTIVE,امام زاده حسن,2,False,https://cdn.snapp.express/media/cache/vendor_logo/uploads/images/vendors/logos/65b61eeae429e.jpg,True,False,45,,8.8,VendorListItem
113105,سوپرمارکت هایپر رویال (محلاتی),False,https://cdn.snapp.express/media/cache/vendor_item_cover/uploads/images/vendors/covers/65802429bc613.jpg,0,70000,pvqjqv,ACTIVE,عارف,9,False,https://cdn.snapp.express/media/cache/vendor_logo/uploads/images/vendors/logos/65802429acdd4.png,True,False,45,,8.4,VendorListItem
111141,فروشگاه هفت عارف(همواره تخفیف),False,https://cdn.snapp.express/media/cache/vendor_item_cover/uploads/images/vendors/covers/63f229bdcf340.png,0,80000,3eelkm,ACTIVE,عارف,28,False,https://cdn.snapp.express/media/cache/vendor_logo/uploads/images/vendors/logos/66517841d109a.png,True,False,45,,9.0,VendorListItem
114081,جانبوعجب گل(همواره تخفیف),False,https://cdn.snapp.express/media/cache/vendor_item_cover/uploads/images/vendors/covers/66aa1678c1b38.png,0,80000,0q1eyx,ACTIVE,خاوران (گذر پایین دولاب),0,False,https://cdn.snapp.express/media/cache/vendor_logo/uploads/images/vendors/logos/66aa1678beae3.jpg,True,False,45,,0.0,VendorListItem
113481,سوپرمارکت یاران دریان آراز (محلاتی),False,https://cdn.snapp.express/media/cache/vendor_item_cover/uploads/images/vendors/covers/65d304e754666.jpg,0,70000,0q1dox,ACTIVE,حسین اباد دولاب,2,False,https://cdn.snapp.express/media/cache/vendor_logo/uploads/images/vendors/logos/65d3074c72a60.png,True,False,45,,8.2,VendorListItem
112548,دیلی مارکت شادآباد تهران (همواره تخفیف),False,https://cdn.snapp.express/media/cache/vendor_item_cover/uploads/images/vendors/covers/64e1c56f8eea0.jpg,0,100000,0wq9jg,ACTIVE,هفده شهريور,8,False,https://cdn.snapp.express/media/cache/vendor_logo/uploads/images/vendors/logos/65b61dea7773b.jpg,True,False,45,,9.2,VendorListItem
110929,دیلی مارکت امین الملک (همواره تخفیف),False,https://cdn.snapp.express/media/cache/vendor_item_cover/uploads/images/vendors/covers/63170848ba341.jpg,227,100000,pvq97x,ACTIVE,امام زاده حسن,26,False,https://cdn.snapp.express/media/cache/vendor_logo/uploads/images/vendors/logos/65b61ea7b7a37.jpg,True,False,45,,8.6,VendorListItem
112549,دیلی مارکت خیابان تهمتن تهران(همواره تخفیف),False,https://cdn.snapp.express/media/cache/vendor_item_cover/uploads/images/vendors/covers/64e1c6255a94f.jpg,0,100000,0gky2x,ACTIVE,باغ خزانه,5,False,https://cdn.snapp.express/media/cache/vendor_logo/uploads/images/vendors/logos/65b75f18a738e.jpg,True,False,45,,8.6,VendorListItem
110154,فروشگاه هفت هلال احمر (همواره تخفیف),False,https://cdn.snapp.express/media/cache/vendor_item_cover/uploads/images/vendors/covers/63f22e1f276dc.png,574,80000,p6rx2w,ACTIVE,هلال احمر,30,False,https://cdn.snapp.express/media/cache/vendor_logo/uploads/images/vendors/logos/64342a4c8225c.png,True,False,45,,8.2,VendorListItem
113140,فروشگاه هفت مولوی (همواره تخفیف),False,https://cdn.snapp.express/media/cache/vendor_item_cover/uploads/images/vendors/covers/6589783b42d96.jfif,0,85000,3xw2k2,ACTIVE,هرندی,0,False,https://cdn.snapp.express/media/cache/vendor_logo/uploads/images/vendors/logos/658a6f85dc7e4.png,True,False,45,,7.6,VendorListItem
110933,دیلی مارکت میدان خراسان 2 (همواره تخفیف),False,https://cdn.snapp.express/media/cache/vendor_item_cover/uploads/images/vendors/covers/631708ad2e06c.jpg,521,90000,0q1o7d,ACTIVE,خاوران (گذر پایین دولاب),45,False,https://cdn.snapp.express/media/cache/vendor_logo/uploads/images/vendors/logos/65b61d73f3bf6.jpg,True,False,45,,8.97,VendorListItem
110209,فروشگاه هفت میدان خراسان(همواره تخفیف),False,https://cdn.snapp.express/media/cache/vendor_item_cover/uploads/images/vendors/covers/63f22c8bacb6f.png,922,85000,0qlj1y,ACTIVE,خاوران (گذر پایین دولاب),87,False,https://cdn.snapp.express/media/cache/vendor_logo/uploads/images/vendors/logos/64342a4c8225c.png,True,False,45,,8.8,VendorListItem
110707,سوپرمارکت بهاران (شهرک خلیج فارس),False,https://cdn.snapp.express/media/cache/vendor_item_cover/uploads/images/vendors/covers/62a81dc201f70.jpg,608,75000,0mjl1v,ACTIVE,خلیج فارس جنوبی,52,False,https://cdn.snapp.express/media/cache/vendor_logo/uploads/images/vendors/logos/default.png,True,False,45,,8.2,VendorListItem
113129,فروشگاه خانم پاک (شوینده بهداشتی),False,,0,100000,pvqj5v,ACTIVE,فردوس,0,False,https://cdn.snapp.express/media/cache/vendor_logo/uploads/images/vendors/logos/65e6fc0e9c9ae.jpg,True,False,45,,7.0,VendorListItem
113419,فروشگاه هفت یافت آباد تختی (همواره تخفیف),False,https://cdn.snapp.express/media/cache/vendor_item_cover/uploads/images/vendors/covers/65cdfeef3d4e5.jpeg,0,80000,0jj4o9,ACTIVE,فردوس,7,False,https://cdn.snapp.express/media/cache/vendor_logo/uploads/images/vendors/logos/65cdfeef32a39.jfif,True,False,45,,8.2,VendorListItem
110656,فروشگاه هفت یافت آباد(همواره تخفیف),False,https://cdn.snapp.express/media/cache/vendor_item_cover/uploads/images/vendors/covers/63f22bdc43f10.png,824,85000,0ljn6z,ACTIVE,ابوذر غربی,53,False,https://cdn.snapp.express/media/cache/vendor_logo/uploads/images/vendors/logos/64342a4c8225c.png,True,False,45,,9.0,VendorListItem
110143,فروشگاه هفت تختی (همواره تخفیف),False,https://cdn.snapp.express/media/cache/vendor_item_cover/uploads/images/vendors/covers/63f22e60ef7b2.png,1321,80000,0jgvmg,ACTIVE,مختاری-تختی,81,False,https://cdn.snapp.express/media/cache/vendor_logo/uploads/images/vendors/logos/64342a4c8225c.png,True,False,45,,7.8,VendorListItem
113332,فروشگاه امیری (شوینده بهداشتی),False,,0,180000,0ljewe,ACTIVE,آگاهی,0,False,https://cdn.snapp.express/media/cache/vendor_logo/uploads/images/vendors/logos/65e6fb576269d.jpg,True,False,45,,0.0,VendorListItem
110149,فروشگاه هفت راه آهن (همواره تخفیف),False,https://cdn.snapp.express/media/cache/vendor_item_cover/uploads/images/vendors/covers/63f22e3bd9ef9.png,1138,80000,0gz5rx,ACTIVE,آگاهی,94,False,https://cdn.snapp.express/media/cache/vendor_logo/uploads/images/vendors/logos/64342a4c8225c.png,True,False,45,,8.6,VendorListItem
112547,دیلی مارکت میدان خراسان تهران (همواره تخفیف),False,https://cdn.snapp.express/media/cache/vendor_item_cover/uploads/images/vendors/covers/64e1c3b9b236b.jpg,0,100000,32z2ge,ACTIVE,قيام,4,False,https://cdn.snapp.express/media/cache/vendor_logo/uploads/images/vendors/logos/65b61d8f52654.jpg,True,False,45,,9.0,VendorListItem
113980,دیلی مارکت میدان خراسان(همواره تخفیف),False,https://cdn.snapp.express/media/cache/vendor_item_cover/uploads/images/vendors/covers/667fc6fbc73f7.jpg,0,100000,0ljm4e,ACTIVE,طيب,0,False,https://cdn.snapp.express/media/cache/vendor_logo/uploads/images/vendors/logos/667fc6fbc39b1.jpg,True,False,45,,0.0,VendorListItem
114079,جانبو پیروزی زمزم(همواره تخفیف),False,https://cdn.snapp.express/media/cache/vendor_item_cover/uploads/images/vendors/covers/66aa14dfa9a53.png,0,80000,0mj9ey,ACTIVE,شهدای گمنام,0,False,https://cdn.snapp.express/media/cache/vendor_logo/uploads/images/vendors/logos/66aa14dfa5ddb.jpg,True,False,45,,0.0,VendorListItem
110671,فروشگاه هفت یافت آباد معلم(همواره تخفیف),False,https://cdn.snapp.express/media/cache/vendor_item_cover/uploads/images/vendors/covers/63f22b13a64f1.png,1128,80000,32z62q,ACTIVE,توليد دارو,126,False,https://cdn.snapp.express/media/cache/vendor_logo/uploads/images/vendors/logos/64342a4c8225c.png,True,False,45,,8.4,VendorListItem
111115,فروشگاه هفت قلعه مرغی (همواره تخفیف),False,https://cdn.snapp.express/media/cache/vendor_item_cover/uploads/images/vendors/covers/63f22aa70dc7c.png,311,80000,0njlx6,ACTIVE,بلورسازی,26,False,https://cdn.snapp.express/media/cache/vendor_logo/uploads/images/vendors/logos/64342a4c8225c.png,True,False,45,,9.4,VendorListItem
110175,فروشگاه هفت ابوذر(همواره تخفیف),False,https://cdn.snapp.express/media/cache/vendor_item_cover/uploads/images/vendors/covers/63f22cf2b2362.png,1693,80000,3d7xvd,ACTIVE,ابوذر غربی,119,False,https://cdn.snapp.express/media/cache/vendor_logo/uploads/images/vendors/logos/64342a4c8225c.png,True,False,45,,9.0,VendorListItem
109726,جانبو ابوذر (همواره تخفیف),False,https://cdn.snapp.express/media/cache/vendor_item_cover/uploads/images/vendors/covers/61f2671b13396.png,338,80000,09jkgk,ACTIVE,ابوذر غربی,16,False,https://cdn.snapp.express/media/cache/vendor_logo/uploads/images/vendors/logos/66ae148ed4151.jpg,True,False,45,,8.58,VendorListItem
113901,دیلی مارکت ابوذر غربی (همواره تخفیف),False,https://cdn.snapp.express/media/cache/vendor_item_cover/uploads/images/vendors/covers/66641f13ef885.jpg,0,100000,0gkrmq,ACTIVE,ابوذر غربی,2,False,https://cdn.snapp.express/media/cache/vendor_logo/uploads/images/vendors/logos/66641f13ebecb.jpg,True,False,45,,0.0,VendorListItem
110669,فروشگاه هفت مختاری(همواره تخفیف),False,https://cdn.snapp.express/media/cache/vendor_item_cover/uploads/images/vendors/covers/63f22b37eaedc.png,822,80000,31zvl4,ACTIVE,آگاهی,62,False,https://cdn.snapp.express/media/cache/vendor_logo/uploads/images/vendors/logos/64342a4c8225c.png,True,False,45,,8.0,VendorListItem
110792,سوپرمارکت حاجی ارزونی (مختاری),False,https://cdn.snapp.express/media/cache/vendor_item_cover/uploads/images/vendors/covers/62b6d1c96f2a4.jpg,701,70000,3kjnjj,ACTIVE,آگاهی,81,False,https://cdn.snapp.express/media/cache/vendor_logo/uploads/images/vendors/logos/default.png,True,False,45,,8.8,VendorListItem
112964,فروشگاه هفت مختاری شرقی (همواره تخفیف),False,https://cdn.snapp.express/media/cache/vendor_item_cover/uploads/images/vendors/covers/6649ad97c273a.png,0,80000,3xw2j4,ACTIVE,مختاری-تختی,4,False,https://cdn.snapp.express/media/cache/vendor_logo/uploads/images/vendors/logos/6649ad97be498.png,True,False,45,,8.4,VendorListItem
110673,فروشگاه هفت خاوران(همواره تخفیف),False,https://cdn.snapp.express/media/cache/vendor_item_cover/uploads/images/vendors/covers/63f22afecaf8c.png,1124,80000,0gkly2,ACTIVE,خاوران (گذر پایین دولاب),69,False,https://cdn.snapp.express/media/cache/vendor_logo/uploads/images/vendors/logos/64342a4c8225c.png,True,False,45,,8.2,VendorListItem
109701,سوپرمارکت نگین (الله اکبر جنوبی),False,https://cdn.snapp.express/media/cache/vendor_item_cover/uploads/images/vendors/covers/61ed2012e61b7.jpg,1289,70000,0gzwjq,ACTIVE,حسین اباد دولاب,122,False,https://cdn.snapp.express/media/cache/vendor_logo/uploads/images/vendors/logos/default.png,True,False,45,,8.8,VendorListItem
109778,سوپرمارکت خانواده (شاد آباد),False,https://cdn.snapp.express/media/cache/vendor_item_cover/uploads/images/vendors/covers/61f9267a4735e.jpg,1818,70000,p6reno,ACTIVE,شمس آباد,208,False,https://cdn.snapp.express/media/cache/vendor_logo/uploads/images/vendors/logos/default.png,True,False,45,,8.0,VendorListItem
110665,فروشگاه هفت شهرک ولیعصر(همواره تخفیف),False,https://cdn.snapp.express/media/cache/vendor_item_cover/uploads/images/vendors/covers/63f22b465c0a5.png,601,80000,3eel95,ACTIVE,بهداشت,68,False,https://cdn.snapp.express/media/cache/vendor_logo/uploads/images/vendors/logos/64342a4c8225c.png,True,False,45,,8.6,VendorListItem
113232,فروشگاه پارس (شوینده بهداشتی),False,,0,180000,0lje7n,ACTIVE,افسريه شمالی,6,False,https://cdn.snapp.express/media/cache/vendor_logo/uploads/images/vendors/logos/65e6fb9fd4cbf.jpg,True,False,45,,8.8,VendorListItem
114058,جانبوشمالی الغدیر(همواره تخفیف),False,,0,80000,pz916o,ACTIVE,امام خمینی,1,False,https://cdn.snapp.express/media/cache/vendor_logo/uploads/images/vendors/logos/default.png,True,False,45,,0.0,VendorListItem
72015,هایپراستار نازی آباد (همواره تخفیف),False,https://cdn.snapp.express/media/cache/vendor_item_cover/uploads/images/vendors/covers/608feab874d72.jpg,12942,85000,0nwwl2,ACTIVE,نازی آباد,683,False,https://cdn.snapp.express/media/cache/vendor_logo/uploads/images/vendors/logos/64342c5ac47df.png,True,False,45,,8.8,VendorListItem
110934,دیلی مارکت خیابان نبرد(همواره تخفیف),False,https://cdn.snapp.express/media/cache/vendor_item_cover/uploads/images/vendors/covers/631708c4e5b02.jpg,451,100000,pz96w1,ACTIVE,شهدای گمنام,30,False,https://cdn.snapp.express/media/cache/vendor_logo/uploads/images/vendors/logos/65b622c2a87e8.jpg,True,False,45,,7.99,VendorListItem
109927,سوپرمارکت سورنا افسریه,False,https://cdn.snapp.express/media/cache/vendor_item_cover/uploads/images/vendors/covers/631edd328620e.jpg,1519,70000,3d7j47,ACTIVE,افسريه شمالی,116,False,https://cdn.snapp.express/media/cache/vendor_logo/uploads/images/vendors/logos/default.png,True,False,45,,9.2,VendorListItem
110937,دیلی مارکت خیابان رجایی(همواره تخفیف),False,https://cdn.snapp.express/media/cache/vendor_item_cover/uploads/images/vendors/covers/631710222d8c3.jpg,306,100000,p8exnm,ACTIVE,وليعصر شمالی,44,False,https://cdn.snapp.express/media/cache/vendor_logo/uploads/images/vendors/logos/65b61eb9b8a50.jpg,True,False,45,,7.6,VendorListItem
113493,سوپرمارکت مجید (محلاتی),False,https://cdn.snapp.express/media/cache/vendor_item_cover/uploads/images/vendors/covers/65d454f905467.jpg,0,70000,31z4v7,ACTIVE,نبرد,17,False,https://cdn.snapp.express/media/cache/vendor_logo/uploads/images/vendors/logos/65d454f8d40f9.png,True,False,45,,8.8,VendorListItem
110652,فروشگاه هفت بلوار ابوذر(همواره تخفیف),False,https://cdn.snapp.express/media/cache/vendor_item_cover/uploads/images/vendors/covers/63f22a3be47d0.png,895,85000,0ygykd,ACTIVE,نبرد,65,False,https://cdn.snapp.express/media/cache/vendor_logo/uploads/images/vendors/logos/64342a4c8225c.png,True,False,45,,9.0,VendorListItem
113594,مینو مارت فلاح (همواره تخفیف),False,https://cdn.snapp.express/media/cache/vendor_item_cover/uploads/images/vendors/covers/65ec35ef27a03.jpg,0,80000,p5z55j,ACTIVE,وصفنارد,1,False,https://cdn.snapp.express/media/cache/vendor_logo/uploads/images/vendors/logos/65ec35ef05fa3.jpg,True,False,45,,8.4,VendorListItem
109775,جانبو زمزم (همواره تخفیف),False,https://cdn.snapp.express/media/cache/vendor_item_cover/uploads/images/vendors/covers/61f8e8ea76a35.png,711,100000,3d7j2x,ACTIVE,زمزم,28,False,https://cdn.snapp.express/media/cache/vendor_logo/uploads/images/vendors/logos/66a0fbf90d3c7.jpg,True,False,45,,8.5,VendorListItem
113418,فروشگاه هفت بهرامی (همواره تخفیف),False,https://cdn.snapp.express/media/cache/vendor_item_cover/uploads/images/vendors/covers/65cb55f8c6945.png,0,80000,37r5dg,ACTIVE,وليعصر جنوبی,3,False,https://cdn.snapp.express/media/cache/vendor_logo/uploads/images/vendors/logos/65cb55f8a5302.png,True,False,45,,8.6,VendorListItem
110205,فروشگاه هفت نبرد (همواره تخفیف),False,https://cdn.snapp.express/media/cache/vendor_item_cover/uploads/images/vendors/covers/63f22ca01175d.png,1668,80000,pvl6ld,ACTIVE,نبرد,156,False,https://cdn.snapp.express/media/cache/vendor_logo/uploads/images/vendors/logos/64342a4c8225c.png,True,False,45,,8.8,VendorListItem
113482,سوپرمارکت ارزان سرای فضلی (یافت اباد),False,https://cdn.snapp.express/media/cache/vendor_item_cover/uploads/images/vendors/covers/65d307670d035.jpg,0,70000,pz9k6o,ACTIVE,یافت اباد شمالی,0,False,https://cdn.snapp.express/media/cache/vendor_logo/uploads/images/vendors/logos/65d30766f12b3.png,True,False,45,,6.8,VendorListItem
113756,مینو مارت شهرک ولیعصر (همواره تخفیف),False,https://cdn.snapp.express/media/cache/vendor_item_cover/uploads/images/vendors/covers/6626154a0fbd1.jpg,0,80000,0ljml9,ACTIVE,وليعصر شمالی,2,False,https://cdn.snapp.express/media/cache/vendor_logo/uploads/images/vendors/logos/6626154a0d0df.jpg,True,False,45,,9.2,VendorListItem
109666,فروشگاه هفت جوادیه دارابی (همواره تخفیف),False,https://cdn.snapp.express/media/cache/vendor_item_cover/uploads/images/vendors/covers/63f22e9f3a06a.png,1098,80000,37o26m,ACTIVE,جواديه,52,False,https://cdn.snapp.express/media/cache/vendor_logo/uploads/images/vendors/logos/64342a4c8225c.png,True,False,45,,8.0,VendorListItem
113466,مینو مارت افسریه(همواره تخفیف),False,https://cdn.snapp.express/media/cache/vendor_item_cover/uploads/images/vendors/covers/65d20069bc06b.jpg,0,80000,37r57g,ACTIVE,افسريه جنوبی,5,False,https://cdn.snapp.express/media/cache/vendor_logo/uploads/images/vendors/logos/65d200699cb97.jpg,True,False,45,,8.6,VendorListItem
113503,سوپرمارکت اهورا (شهرک ولیعصر),False,https://cdn.snapp.express/media/cache/vendor_item_cover/uploads/images/vendors/covers/65d5988bae3bc.jpg,0,70000,3derq7,ACTIVE,وليعصر جنوبی,3,False,https://cdn.snapp.express/media/cache/vendor_logo/uploads/images/vendors/logos/65d5988b898de.png,True,False,45,,7.6,VendorListItem
113330,سوپرمارکت سورنا 194 (کیانشهر),False,https://cdn.snapp.express/media/cache/vendor_item_cover/uploads/images/vendors/covers/65b6016a5fb54.jpg,0,70000,p6z7wo,ACTIVE,كيان شهر شمالی,8,False,https://cdn.snapp.express/media/cache/vendor_logo/uploads/images/vendors/logos/65b6016a44a74.png,True,False,45,,8.2,VendorListItem
109809,جانبو مسلم (همواره تخفیف),False,https://cdn.snapp.express/media/cache/vendor_item_cover/uploads/images/vendors/covers/61fbb1a5a795a.png,0,80000,0qlzgx,ACTIVE,نبرد,2,False,https://cdn.snapp.express/media/cache/vendor_logo/uploads/images/vendors/logos/66796885a66dd.jpg,True,False,45,,0.0,VendorListItem
105578,گندم افسریه جنوبی (همواره تخفیف),False,https://cdn.snapp.express/media/cache/vendor_item_cover/uploads/images/vendors/covers/6190a61546914.jpg,5324,80000,p6r1ro,ACTIVE,افسريه جنوبی,313,False,https://cdn.snapp.express/media/cache/vendor_logo/uploads/images/vendors/logos/64342b3a8d27d.png,True,False,45,,9.2,VendorListItem
114080,جانبو افسریه3(همواره تخفیف),False,https://cdn.snapp.express/media/cache/vendor_item_cover/uploads/images/vendors/covers/669fac9ecd819.png,0,80000,0ljg2j,ACTIVE,افسريه جنوبی,0,False,https://cdn.snapp.express/media/cache/vendor_logo/uploads/images/vendors/logos/669fac9ec8e2e.jpg,True,False,45,,0.0,VendorListItem
112485,گندم یافت آباد2 تهران (همواره تخفیف),False,https://cdn.snapp.express/media/cache/vendor_item_cover/uploads/images/vendors/covers/64bfd68f4b10a.jpg,0,80000,p8e4dy,ACTIVE,يافت آباد جنوبی,8,False,https://cdn.snapp.express/media/cache/vendor_logo/uploads/images/vendors/logos/64bfd68f43bff.png,True,False,45,,6.8,VendorListItem
110147,فروشگاه هفت سیدالشهدا(همواره تخفیف),False,https://cdn.snapp.express/media/cache/vendor_item_cover/uploads/images/vendors/covers/63f22e47dbd79.png,1212,100000,32qlxe,ACTIVE,شهيد رجایی,77,False,https://cdn.snapp.express/media/cache/vendor_logo/uploads/images/vendors/logos/6649af93ccf40.png,True,False,45,,8.8,VendorListItem
111038,وال مارکت نازی آباد (همواره تخفیف),False,https://cdn.snapp.express/media/cache/vendor_item_cover/uploads/images/vendors/covers/6321c838b177d.jpg,5823,100000,p4zlx5,ACTIVE,نازی آباد,375,False,https://cdn.snapp.express/media/cache/vendor_logo/uploads/images/vendors/logos/64342de96b47f.png,True,False,45,,8.0,VendorListItem
111127,فروشگاه هفت فلکه اول خزانه (همواره تخفیف),False,https://cdn.snapp.express/media/cache/vendor_item_cover/uploads/images/vendors/covers/63f22a6ccf54c.png,407,80000,3delj7,ACTIVE,خزانه,27,False,https://cdn.snapp.express/media/cache/vendor_logo/uploads/images/vendors/logos/6649ac09435d5.png,True,False,45,,8.6,VendorListItem
111146,فروشگاه هفت ولیعصر نامداری (همواره تخفیف),False,https://cdn.snapp.express/media/cache/vendor_item_cover/uploads/images/vendors/covers/63f229ed5d819.png,408,90000,p5z24j,ACTIVE,وليعصر جنوبی,37,False,https://cdn.snapp.express/media/cache/vendor_logo/uploads/images/vendors/logos/64342a4c8225c.png,True,False,45,,8.0,VendorListItem
109692,دیلی مارکت نازی آباد اکبری مشهدی (همواره تخفیف),False,https://cdn.snapp.express/media/cache/vendor_item_cover/uploads/images/vendors/covers/620cdef46b5e2.jpg,1138,100000,3k9y4k,ACTIVE,نازی آباد,45,False,https://cdn.snapp.express/media/cache/vendor_logo/uploads/images/vendors/logos/65b61e5c40588.jpg,True,False,45,,6.8,VendorListItem
112680,سوپرمارکت صدرا (خزانه),False,https://cdn.snapp.express/media/cache/vendor_item_cover/uploads/images/vendors/covers/65142717ae948.jpg,0,70000,0lj8rn,ACTIVE,خزانه,4,False,https://cdn.snapp.express/media/cache/vendor_logo/uploads/images/vendors/logos/65142717a7a50.png,True,False,45,,9.0,VendorListItem
111990,سوپرمارکت کلاسیک,False,https://cdn.snapp.express/media/cache/vendor_item_cover/uploads/images/vendors/covers/63c51743404be.jpg,0,70000,37rxm9,ACTIVE,نازی آباد,37,False,https://cdn.snapp.express/media/cache/vendor_logo/uploads/images/vendors/logos/default.png,True,False,45,,9.0,VendorListItem
113618,فروشگاه مهدی (شوینده بهداشتی),False,,0,100000,37rw9x,ACTIVE,كيان شهر شمالی,0,False,https://cdn.snapp.express/media/cache/vendor_logo/uploads/images/vendors/logos/65eff85cf295e.jpg,True,False,45,,0.0,VendorListItem
109684,دیلی مارکت عبدل آباد (همواره تخفیف),False,https://cdn.snapp.express/media/cache/vendor_item_cover/uploads/images/vendors/covers/61e9564c6cfc9.jpg,1412,100000,po6l1o,ACTIVE,شريعتی شمالی,114,False,https://cdn.snapp.express/media/cache/vendor_logo/uploads/images/vendors/logos/65b61e8368d72.jpg,True,False,45,,8.8,VendorListItem
81377,جانبو عبدل آباد (همواره تخفیف),False,https://cdn.snapp.express/media/cache/vendor_item_cover/uploads/images/vendors/covers/66ae13b22201f.png,1724,80000,pv1dev,ACTIVE,شريعتی شمالی,105,False,https://cdn.snapp.express/media/cache/vendor_logo/uploads/images/vendors/logos/66ae13b21f1ec.jpg,True,False,45,,7.96,VendorListItem
109815,سوپرمارکت یاران دریان مداین نازی آباد,False,https://cdn.snapp.express/media/cache/vendor_item_cover/uploads/images/vendors/covers/61fe2f26cdd3b.jpg,1177,70000,0nvm22,ACTIVE,نازی آباد,106,False,https://cdn.snapp.express/media/cache/vendor_logo/uploads/images/vendors/logos/64342e475771d.png,True,False,45,,8.4,VendorListItem
113614,فروشگاه آسمان(شوینده بهداشتی),False,,0,180000,p4z77n,ACTIVE,خزانه,1,False,https://cdn.snapp.express/media/cache/vendor_logo/uploads/images/vendors/logos/65edc80aabb8d.jpg,True,False,45,,8.0,VendorListItem
110936,دیلی مارکت کیانشهر (همواره تخفیف),False,https://cdn.snapp.express/media/cache/vendor_item_cover/uploads/images/vendors/covers/63170904edf59.jpg,349,100000,pojq7j,ACTIVE,كيان شهر جنوبی,18,False,https://cdn.snapp.express/media/cache/vendor_logo/uploads/images/vendors/logos/65b60ed603126.jpg,True,False,45,,6.2,VendorListItem
112353,گندم مسعودیه(همواره تخفیف),False,https://cdn.snapp.express/media/cache/vendor_item_cover/uploads/images/vendors/covers/649949b133f9d.png,0,80000,pvqgx5,ACTIVE,مسعوديه,5,False,https://cdn.snapp.express/media/cache/vendor_logo/uploads/images/vendors/logos/649949b12b8cf.png,True,False,45,,7.6,VendorListItem
56248,سوپرمارکت علیزاده (سهیل شمالی),False,https://cdn.snapp.express/media/cache/vendor_item_cover/uploads/images/vendors/covers/60a63e3e70101.jpg,14285,70000,0wzdmv,ACTIVE,نعمت آباد,1019,False,https://cdn.snapp.express/media/cache/vendor_logo/uploads/images/vendors/logos/default.png,True,False,45,,7.6,VendorListItem
113472,مینو مارت خانی آباد (همواره تخفیف),False,https://cdn.snapp.express/media/cache/vendor_item_cover/uploads/images/vendors/covers/65d2215e907e4.jpg,0,80000,0wq155,ACTIVE,شریعتی جنوبی,1,False,https://cdn.snapp.express/media/cache/vendor_logo/uploads/images/vendors/logos/65d2215e522c2.jpg,True,False,45,,8.8,VendorListItem
111133,فروشگاه هفت شهرک بعثت خزانه (همواره تخفیف),False,https://cdn.snapp.express/media/cache/vendor_item_cover/uploads/images/vendors/covers/63f22a5b761a4.png,211,80000,0q1oz9,ACTIVE,شهرک بعثت,20,False,https://cdn.snapp.express/media/cache/vendor_logo/uploads/images/vendors/logos/64342a4c8225c.png,True,False,45,,8.4,VendorListItem
113664,فروشگاه هفت فلاح خانی آباد (همواره تخفیف),False,https://cdn.snapp.express/media/cache/vendor_item_cover/uploads/images/vendors/covers/65f7f7afa16da.jpeg,0,85000,3xwrwy,ACTIVE,خانی آباد شمالی,3,False,https://cdn.snapp.express/media/cache/vendor_logo/uploads/images/vendors/logos/65f7f7af79e68.jfif,True,False,45,,8.2,VendorListItem
69386,هایپراستار مشیریه (همواره تخفیف),False,https://cdn.snapp.express/media/cache/vendor_item_cover/uploads/images/vendors/covers/604dddfd2fdc2.jpg,9550,85000,p47ler,ACTIVE,مشيريه,603,False,https://cdn.snapp.express/media/cache/vendor_logo/uploads/images/vendors/logos/64342c5ac47df.png,True,False,45,,8.2,VendorListItem
110797,سوپرمارکت داریوش (علی آباد),False,https://cdn.snapp.express/media/cache/vendor_item_cover/uploads/images/vendors/covers/62b97c74e3129.jpg,842,70000,0gklkx,ACTIVE,تختی,106,False,https://cdn.snapp.express/media/cache/vendor_logo/uploads/images/vendors/logos/default.png,True,False,45,,8.4,VendorListItem
113026,فروشگاه هفت مسعودیه (همواره تخفیف),False,https://cdn.snapp.express/media/cache/vendor_item_cover/uploads/images/vendors/covers/656436c745495.png,0,80000,09e79q,ACTIVE,مسعوديه,8,False,https://cdn.snapp.express/media/cache/vendor_logo/uploads/images/vendors/logos/656436c73a65e.png,True,False,45,,8.6,VendorListItem
112405,سوپرمارکت برزگر (یاخچی آباد),False,https://cdn.snapp.express/media/cache/vendor_item_cover/uploads/images/vendors/covers/64a40d668486c.jpg,0,70000,pvqggm,ACTIVE,ياخچی آباد,12,False,https://cdn.snapp.express/media/cache/vendor_logo/uploads/images/vendors/logos/None,True,False,45,,9.0,VendorListItem
109735,جانبو مهرگان (همواره تخفیف),False,https://cdn.snapp.express/media/cache/vendor_item_cover/uploads/images/vendors/covers/61f2a1404d142.png,0,80000,0ror2o,ACTIVE,دولت آباد,1,False,https://cdn.snapp.express/media/cache/vendor_logo/uploads/images/vendors/logos/66a0fbadd6951.jpg,True,False,45,,0.0,VendorListItem
111770,سوپرمارکت لبخند مارکت (دولت آباد),False,https://cdn.snapp.express/media/cache/vendor_item_cover/uploads/images/vendors/covers/6378920daed07.jpg,450,70000,p5zjoj,ACTIVE,دولت آباد,83,False,https://cdn.snapp.express/media/cache/vendor_logo/uploads/images/vendors/logos/6378920daa399.jpg,True,False,45,,9.0,VendorListItem
111121,فروشگاه هفت دولت اباد (همواره تخفیف),False,https://cdn.snapp.express/media/cache/vendor_item_cover/uploads/images/vendors/covers/63f22aafd4b91.png,424,80000,31zvo2,ACTIVE,دولت آباد,46,False,https://cdn.snapp.express/media/cache/vendor_logo/uploads/images/vendors/logos/64342a4c8225c.png,True,False,45,,9.0,VendorListItem
113459,سوپرمارکت کاکتوس (شهر ری),False,https://cdn.snapp.express/media/cache/vendor_item_cover/uploads/images/vendors/covers/65d1df14c4e4f.jpg,0,70000,0rqx18,ACTIVE,دولت آباد,2,False,https://cdn.snapp.express/media/cache/vendor_logo/uploads/images/vendors/logos/65d1df1496999.png,True,False,45,,7.8,VendorListItem
110931,دیلی مارکت خیابان میعاد (همواره تخفیف),False,https://cdn.snapp.express/media/cache/vendor_item_cover/uploads/images/vendors/covers/63170886a4312.jpg,325,90000,0mjl7z,ACTIVE,خانی آباد جنوبی,32,False,https://cdn.snapp.express/media/cache/vendor_logo/uploads/images/vendors/logos/65b62336e402c.jpg,True,False,45,,8.01,VendorListItem
113423,فروشگاه هفت صالحی مشیریه( همواره تخفیف),False,https://cdn.snapp.express/media/cache/vendor_item_cover/uploads/images/vendors/covers/65cc8c79bbf3e.jpeg,0,80000,32zrjl,ACTIVE,مشيريه,6,False,https://cdn.snapp.express/media/cache/vendor_logo/uploads/images/vendors/logos/65cc8c79b89a4.jfif,True,False,45,,9.0,VendorListItem
112818,دیلی مارکت چهاردانگه گلشهر (همواره تخفیف),False,https://cdn.snapp.express/media/cache/vendor_item_cover/uploads/images/vendors/covers/653515fee0049.jpg,0,100000,37ryqg,ACTIVE,قاسم آباد خشک,0,False,https://cdn.snapp.express/media/cache/vendor_logo/uploads/images/vendors/logos/653515feda7ec.jpg,True,False,45,,7.2,VendorListItem
112599,گندم دولت اباد تهران (همواره تخفیف),False,https://cdn.snapp.express/media/cache/vendor_item_cover/uploads/images/vendors/covers/64ef2777c69a4.jpg,0,80000,3degwd,ACTIVE,شهادت,4,False,https://cdn.snapp.express/media/cache/vendor_logo/uploads/images/vendors/logos/64ef2777bc641.png,True,False,45,,8.2,VendorListItem
113027,فروشگاه هفت غیوری شهرری (همواره تخفیف),False,https://cdn.snapp.express/media/cache/vendor_item_cover/uploads/images/vendors/covers/65643f34e0a8e.png,0,80000,3demrw,ACTIVE,صفاییه,8,False,https://cdn.snapp.express/media/cache/vendor_logo/uploads/images/vendors/logos/65643f34da4a2.png,True,False,45,,9.0,VendorListItem
109792,جانبو غیوری (همواره تخفیف),False,https://cdn.snapp.express/media/cache/vendor_item_cover/uploads/images/vendors/covers/64342aba3b5f9.png,2095,80000,3k9y1q,ACTIVE,منصوریه منگل,143,False,https://cdn.snapp.express/media/cache/vendor_logo/uploads/images/vendors/logos/64342aba32ce7.png,True,False,45,,8.6,VendorListItem
112817,دیلی مارکت بلوار فارسیان چهاردانگه (همواره تخفیف),False,https://cdn.snapp.express/media/cache/vendor_item_cover/uploads/images/vendors/covers/653511bda9534.jpg,0,100000,3ee9nv,ACTIVE,چهاردانگه,0,False,https://cdn.snapp.express/media/cache/vendor_logo/uploads/images/vendors/logos/653511bda2a66.jpg,True,False,45,,9.0,VendorListItem
113635,فروشگاه قارونی (شوینده بهداشتی),False,,0,180000,0rqyez,ACTIVE,ديلمان,0,False,https://cdn.snapp.express/media/cache/vendor_logo/uploads/images/vendors/logos/65f1936ebee83.jpg,True,False,30,,9.4,VendorListItem
73135,سوپرمارکت ام بی (شهرری),False,https://cdn.snapp.express/media/cache/vendor_item_cover/uploads/images/vendors/covers/60a608168d122.jpg,5949,70000,0rye1o,ACTIVE,فيروز آبادی,445,False,https://cdn.snapp.express/media/cache/vendor_logo/uploads/images/vendors/logos/default.png,True,False,45,,9.2,VendorListItem
55712,سوپرمارکت سورنا 408 (شهرری),False,https://cdn.snapp.express/media/cache/vendor_item_cover/uploads/images/vendors/covers/6226066648486.jpg,23260,70000,pooq2j,ACTIVE,اقدسيه,1216,False,https://cdn.snapp.express/media/cache/vendor_logo/uploads/images/vendors/logos/default.png,True,False,45,,8.8,VendorListItem
109714,سوپرمارکت مهدی (میدان شاه عبدالعظیم),False,https://cdn.snapp.express/media/cache/vendor_item_cover/uploads/images/vendors/covers/61efd7d28dda2.jpg,5889,70000,p4qney,ACTIVE,اقدسيه,315,False,https://cdn.snapp.express/media/cache/vendor_logo/uploads/images/vendors/logos/default.png,True,False,45,,9.4,VendorListItem
112311,سوپرمارکت مهران مارکت (شهر ری),False,https://cdn.snapp.express/media/cache/vendor_item_cover/uploads/images/vendors/covers/648d9c1c9906d.jpg,0,70000,0rqj19,ACTIVE,فيروز آبادی,103,False,https://cdn.snapp.express/media/cache/vendor_logo/uploads/images/vendors/logos/648d9c1c91790.png,True,False,30,,9.0,VendorListItem
113637,فروشگاه هفت رازی شهر ری (همواره تخفیف),False,https://cdn.snapp.express/media/cache/vendor_item_cover/uploads/images/vendors/covers/65f54c81bf752.png,0,80000,p8egdy,ACTIVE,اقدسيه,4,False,https://cdn.snapp.express/media/cache/vendor_logo/uploads/images/vendors/logos/65f54c81928cd.png,True,False,45,,8.6,VendorListItem
109941,فروشگاه هفت شهرری 2 (همواره تخفیف),False,https://cdn.snapp.express/media/cache/vendor_item_cover/uploads/images/vendors/covers/63f22e67495b8.png,1460,80000,3ezknm,ACTIVE,اقدسيه,102,False,https://cdn.snapp.express/media/cache/vendor_logo/uploads/images/vendors/logos/64342a4c8225c.png,True,False,45,,8.8,VendorListItem
113792,سوپرمارکت سورنا 61,False,,0,70000,3kj7xj,ACTIVE,نفر آباد-هاشم آباد,3,False,https://cdn.snapp.express/media/cache/vendor_logo/uploads/images/vendors/logos/662fad1934f19.png,True,False,45,,7.6,VendorListItem
