id,title,isMarketParty,backgroundImage,commentCount,minimumOrderValue,code,status,area,countReview,isExpressPin,logo,isOpen,preOrderEnabled,deliveryTime,discountValueForView,rating,__typename
112369,دیلی مارکت نارنجستان اهواز (همواره تخفیف),False,https://cdn.snapp.express/media/cache/vendor_item_cover/uploads/images/vendors/covers/64b8ecfb3c1a6.jpg,0,90000,31zlm2,ACTIVE,بهارستان,13,False,https://cdn.snapp.express/media/cache/vendor_logo/uploads/images/vendors/logos/64b8ecfb36703.jpg,True,False,30,,8.8,VendorListItem
66310,سوپرمارکت نارنج,False,https://cdn.snapp.express/media/cache/vendor_item_cover/uploads/images/vendors/covers/60a8eb77847dd.jpg,4164,70000,pz87ej,ACTIVE,بهارستان,369,False,https://cdn.snapp.express/media/cache/vendor_logo/uploads/images/vendors/logos/default.png,True,False,30,,9.2,VendorListItem
114116,جانبو اهواز کارگر (همواره تخفیف),False,https://cdn.snapp.express/media/cache/vendor_item_cover/uploads/images/vendors/covers/66a0d373a3f44.png,0,80000,3xw5j4,ACTIVE,شهرک برق,0,False,https://cdn.snapp.express/media/cache/vendor_logo/uploads/images/vendors/logos/66a0d373a0207.jpg,True,False,30,,0.0,VendorListItem
56024,سوپرمارکت هایپر گلها,False,https://cdn.snapp.express/media/cache/vendor_item_cover/uploads/images/vendors/covers/60a6156cae315.jpg,30372,70000,0wzd4q,ACTIVE,پردیس,2046,False,https://cdn.snapp.express/media/cache/vendor_logo/uploads/images/vendors/logos/default.png,True,False,30,,9.0,VendorListItem
113018,سوپرمارکت دی مارکت,False,https://cdn.snapp.express/media/cache/vendor_item_cover/uploads/images/vendors/covers/6561ab8b312ce.jpg,0,70000,37r5wx,ACTIVE,شهرک برق,4,False,https://cdn.snapp.express/media/cache/vendor_logo/uploads/images/vendors/logos/6561ab8b29a9a.png,True,False,30,,7.8,VendorListItem
111796,دیلی مارکت خیابان جنت اهواز (همواره تخفیف),False,https://cdn.snapp.express/media/cache/vendor_item_cover/uploads/images/vendors/covers/6384a9d118203.jpg,23,90000,0wqeez,ACTIVE,شریعتی جنوبی,28,False,https://cdn.snapp.express/media/cache/vendor_logo/uploads/images/vendors/logos/65b60a1a8316d.jpg,True,False,30,,9.0,VendorListItem
113822,سوپرمارکت خوش اخلاق,False,,0,70000,p5z5nn,ACTIVE,فاز دو پاداد,3,False,https://cdn.snapp.express/media/cache/vendor_logo/uploads/images/vendors/logos/663f5f066557d.png,True,False,30,,0.0,VendorListItem
111795,دیلی مارکت بلوار گلشن اهواز (همواره تخفیف),False,https://cdn.snapp.express/media/cache/vendor_item_cover/uploads/images/vendors/covers/6384a8bb821c0.jpg,69,90000,32zmm2,ACTIVE,پردیس,22,False,https://cdn.snapp.express/media/cache/vendor_logo/uploads/images/vendors/logos/65b60b6370ded.jpg,True,False,30,,9.2,VendorListItem
113903,جانبو گلشن اهواز(همواره تخفیف),False,https://cdn.snapp.express/media/cache/vendor_item_cover/uploads/images/vendors/covers/6664259346adb.png,0,80000,3deryx,ACTIVE,پردیس,1,False,https://cdn.snapp.express/media/cache/vendor_logo/uploads/images/vendors/logos/6664259341acb.jpg,True,False,30,,0.0,VendorListItem
113507,سوپرمارکت نگین جنوب,False,https://cdn.snapp.express/media/cache/vendor_item_cover/uploads/images/vendors/covers/65d5bd8d298b6.jpg,0,70000,0mjmeq,ACTIVE,شهرک دانشگاه,2,False,https://cdn.snapp.express/media/cache/vendor_logo/uploads/images/vendors/logos/65d5bd8d0bcb6.png,True,False,30,,7.4,VendorListItem
112371,دیلی مارکت کوی سعدی اهواز (همواره تخفیف),False,https://cdn.snapp.express/media/cache/vendor_item_cover/uploads/images/vendors/covers/64b8ec641f0b8.jpg,0,90000,32z2m2,ACTIVE,کوی سعدی,10,False,https://cdn.snapp.express/media/cache/vendor_logo/uploads/images/vendors/logos/64b8ec6419e75.jpg,True,False,30,,8.8,VendorListItem
113537,دیلی مارکت خیابان مخصوص اهواز (همواره تخفیف),False,https://cdn.snapp.express/media/cache/vendor_item_cover/uploads/images/vendors/covers/65df01154c1f2.jpg,0,90000,p8egvr,ACTIVE,شهرک برق,4,False,https://cdn.snapp.express/media/cache/vendor_logo/uploads/images/vendors/logos/65df0115194bb.jpg,True,False,30,,9.2,VendorListItem
111794,دیلی مارکت پادادشهر اهواز(همواره تخفیف),False,https://cdn.snapp.express/media/cache/vendor_item_cover/uploads/images/vendors/covers/63849abb9e9f1.jpg,81,90000,p5zjjj,ACTIVE,فاز دو پاداد,19,False,https://cdn.snapp.express/media/cache/vendor_logo/uploads/images/vendors/logos/65b60a4f47b8f.jpg,True,False,30,,9.2,VendorListItem
94180,جانبو پادادشهر اهواز (همواره تخفیف),False,https://cdn.snapp.express/media/cache/vendor_item_cover/uploads/images/vendors/covers/615590558784e.png,3885,80000,0lgyke,ACTIVE,فاز دو پاداد,297,False,https://cdn.snapp.express/media/cache/vendor_logo/uploads/images/vendors/logos/64342aba32ce7.png,True,False,30,,9.0,VendorListItem
112801,سوپرمارکت محمد مارکت,False,https://cdn.snapp.express/media/cache/vendor_item_cover/uploads/images/vendors/covers/652e83fc2cb6e.jpg,0,70000,0gkyen,ACTIVE,فاز دو پاداد,6,False,https://cdn.snapp.express/media/cache/vendor_logo/uploads/images/vendors/logos/652e83fc25e61.png,True,False,30,,8.4,VendorListItem
114120,جانبو اهواز فرهنگ شهر (همواره تخفیف),False,https://cdn.snapp.express/media/cache/vendor_item_cover/uploads/images/vendors/covers/66a0df882af14.png,0,80000,3kjwvn,ACTIVE,فرهنگ شهر,1,False,https://cdn.snapp.express/media/cache/vendor_logo/uploads/images/vendors/logos/66a0df8826ce2.jpg,True,False,30,,0.0,VendorListItem
112125,سوپرمارکت هایپر آنلاین 14,False,https://cdn.snapp.express/media/cache/vendor_item_cover/uploads/images/vendors/covers/643e7325b845a.jpg,0,85000,0gko6q,ACTIVE,کوی سعدی,40,False,https://cdn.snapp.express/media/cache/vendor_logo/uploads/images/vendors/logos/default.png,True,False,30,,8.2,VendorListItem
113567,سوپرمارکت 10Q,False,https://cdn.snapp.express/media/cache/vendor_item_cover/uploads/images/vendors/covers/65e485b6ef762.jpg,0,85000,0jjmrv,ACTIVE,کوی سعدی,0,False,https://cdn.snapp.express/media/cache/vendor_logo/uploads/images/vendors/logos/65e485b6cc3d4.png,True,False,30,,0.0,VendorListItem
112392,سوپرمارکت هانی,False,https://cdn.snapp.express/media/cache/vendor_item_cover/uploads/images/vendors/covers/64a27545d2cb0.jpg,0,70000,3kjvvn,ACTIVE,FIXME,7,False,https://cdn.snapp.express/media/cache/vendor_logo/uploads/images/vendors/logos/64a27545c9a86.png,True,False,30,,0.0,VendorListItem
113849,سوپرمارکت بوف,False,,0,70000,0gkr6m,ACTIVE,شهرک برق,0,False,https://cdn.snapp.express/media/cache/vendor_logo/uploads/images/vendors/logos/66448c5590f10.png,True,False,30,,0.0,VendorListItem
114118,جانبو معلم 2 (همواره تخفیف),False,https://cdn.snapp.express/media/cache/vendor_item_cover/uploads/images/vendors/covers/66a0d4aa82718.png,0,80000,37r9x2,ACTIVE,کوی شهروند,0,False,https://cdn.snapp.express/media/cache/vendor_logo/uploads/images/vendors/logos/66a0d4aa7f3f6.jpg,True,False,30,,0.0,VendorListItem
112365,دیلی مارکت فرهنگشهر اهواز (همواره تخفیف),False,https://cdn.snapp.express/media/cache/vendor_item_cover/uploads/images/vendors/covers/64ae7ed951483.jpg,0,75000,3ee95m,ACTIVE,فرهنگ شهر,7,False,https://cdn.snapp.express/media/cache/vendor_logo/uploads/images/vendors/logos/64ae7ed94b9c0.jpg,True,False,30,,8.8,VendorListItem
111937,گندم سعدی اهواز(همواره تخفیف),False,https://cdn.snapp.express/media/cache/vendor_item_cover/uploads/images/vendors/covers/63b3f171de618.jpg,0,80000,p8eve5,ACTIVE,کوی سعدی,15,False,https://cdn.snapp.express/media/cache/vendor_logo/uploads/images/vendors/logos/64342b3a8d27d.png,True,False,30,,7.4,VendorListItem
113536,دیلی مارکت بوستان اهواز (همواره تخفیف),False,https://cdn.snapp.express/media/cache/vendor_item_cover/uploads/images/vendors/covers/65deff3ca4f5a.jpg,0,90000,pojgz8,ACTIVE,FIXME,2,False,https://cdn.snapp.express/media/cache/vendor_logo/uploads/images/vendors/logos/65deff3c7622d.jpg,True,False,30,,9.0,VendorListItem
112366,دیلی مارکت خیابان فروردین اهواز (همواره تخفیف),False,https://cdn.snapp.express/media/cache/vendor_item_cover/uploads/images/vendors/covers/64ae8597e7a42.jpg,0,90000,37ryj2,ACTIVE,شهرک برق,17,False,https://cdn.snapp.express/media/cache/vendor_logo/uploads/images/vendors/logos/64ae8597e2274.jpg,True,False,30,,9.0,VendorListItem
110635,دیلی مارکت فروردین اهواز(همواره تخفیف),False,https://cdn.snapp.express/media/cache/vendor_item_cover/uploads/images/vendors/covers/629da83cc2537.jpg,2453,90000,0rqm5z,ACTIVE,بلوار دانشگاه,174,False,https://cdn.snapp.express/media/cache/vendor_logo/uploads/images/vendors/logos/65b60c6f9fc2f.jpg,True,False,30,,9.2,VendorListItem
110723,دیلی مارکت اقبال اهواز (همواره تخفیف),False,https://cdn.snapp.express/media/cache/vendor_item_cover/uploads/images/vendors/covers/62b07b8a0ed67.jpg,900,90000,32z6xe,ACTIVE,بلوار دانشگاه,87,False,https://cdn.snapp.express/media/cache/vendor_logo/uploads/images/vendors/logos/65b60c7d71979.jpg,True,False,30,,9.0,VendorListItem
113477,مینو مارت گلستان اهواز (همواره تخفیف),False,https://cdn.snapp.express/media/cache/vendor_item_cover/uploads/images/vendors/covers/65d258f697969.jpg,0,80000,pvq191,ACTIVE,FIXME,1,False,https://cdn.snapp.express/media/cache/vendor_logo/uploads/images/vendors/logos/65d258f693a91.jpg,True,False,30,,8.2,VendorListItem
94197,جانبو گلستان آبان اهواز(همواره تخفیف),False,https://cdn.snapp.express/media/cache/vendor_item_cover/uploads/images/vendors/covers/6155a0b4b5d2f.png,4588,80000,0g974q,ACTIVE,FIXME,275,False,https://cdn.snapp.express/media/cache/vendor_logo/uploads/images/vendors/logos/64342aba32ce7.png,True,False,30,,8.6,VendorListItem
113401,سوپرمارکت نارسیس,False,https://cdn.snapp.express/media/cache/vendor_item_cover/uploads/images/vendors/covers/65c7260dd11aa.jpg,0,70000,0gkgqn,ACTIVE,شریعتی جنوبی,5,False,https://cdn.snapp.express/media/cache/vendor_logo/uploads/images/vendors/logos/65c7260da9c83.png,True,False,30,,7.8,VendorListItem
111815,دیلی مارکت فاز یک اهواز(همواره تخفیف),False,https://cdn.snapp.express/media/cache/vendor_item_cover/uploads/images/vendors/covers/6385cb3093e0e.jpg,173,90000,0njgg8,ACTIVE,فاز یک پادادشهر,19,False,https://cdn.snapp.express/media/cache/vendor_logo/uploads/images/vendors/logos/65b60a6e0d5bf.jpg,True,False,30,,9.4,VendorListItem
111812,دیلی مارکت منازل کربن اهواز (همواره تخفیف),False,https://cdn.snapp.express/media/cache/vendor_item_cover/uploads/images/vendors/covers/63851eea1ed1f.jpg,88,90000,pojzzv,ACTIVE,FIXME,19,False,https://cdn.snapp.express/media/cache/vendor_logo/uploads/images/vendors/logos/65b60a357ce3b.jpg,True,False,30,,8.6,VendorListItem
113303,سوپرمارکت طاهری,False,https://cdn.snapp.express/media/cache/vendor_item_cover/uploads/images/vendors/covers/65abaa429e1c6.jpg,0,80000,3dem9x,ACTIVE,فاز یک پادادشهر,8,False,https://cdn.snapp.express/media/cache/vendor_logo/uploads/images/vendors/logos/65abaa427c930.png,True,False,30,,9.0,VendorListItem
112262,دیلی مارکت فاز 2 پادادشهر اهواز(همواره تخفیف),False,https://cdn.snapp.express/media/cache/vendor_item_cover/uploads/images/vendors/covers/64a023c3c4567.jpg,0,90000,p4zrw5,ACTIVE,فاز یک پادادشهر,4,False,https://cdn.snapp.express/media/cache/vendor_logo/uploads/images/vendors/logos/65b60a7bc0aa6.jpg,True,False,30,,9.2,VendorListItem
114119,جانبو صنایع فولاد معلم1 (همواره تخفیف),False,https://cdn.snapp.express/media/cache/vendor_item_cover/uploads/images/vendors/covers/66a0d53e9d93a.png,0,80000,0jj2nv,ACTIVE,کوی باهنر,0,False,https://cdn.snapp.express/media/cache/vendor_logo/uploads/images/vendors/logos/66a0d53e9a1a3.jpg,True,False,30,,0.0,VendorListItem
112271,دیلی مارکت کوی نبوت اهواز (همواره تخفیف),False,https://cdn.snapp.express/media/cache/vendor_item_cover/uploads/images/vendors/covers/65195bb111f40.jpg,0,90000,32zmjl,ACTIVE,کوی نبوت,3,False,https://cdn.snapp.express/media/cache/vendor_logo/uploads/images/vendors/logos/65195bb104f2e.jpg,True,False,30,,8.8,VendorListItem
112265,دیلی مارکت منازل توسعه مسکن اهواز (همواره تخفیف),False,https://cdn.snapp.express/media/cache/vendor_item_cover/uploads/images/vendors/covers/64a0269af174d.jpg,0,90000,3ee6mv,ACTIVE,رسالت,1,False,https://cdn.snapp.express/media/cache/vendor_logo/uploads/images/vendors/logos/65b60a426e920.jpg,True,False,30,,8.6,VendorListItem
113217,سوپرمارکت ایران زمین,False,https://cdn.snapp.express/media/cache/vendor_item_cover/uploads/images/vendors/covers/6593bf59b2098.jpg,0,70000,3eeqjo,ACTIVE,FIXME,3,False,https://cdn.snapp.express/media/cache/vendor_logo/uploads/images/vendors/logos/6593bf59ac944.png,True,False,30,,9.0,VendorListItem
112269,دیلی مارکت خیابان جواد الایمه اهواز (همواره تخفیف),False,https://cdn.snapp.express/media/cache/vendor_item_cover/uploads/images/vendors/covers/64a27417c5090.jpg,0,90000,31zm77,ACTIVE,دستغیب,10,False,https://cdn.snapp.express/media/cache/vendor_logo/uploads/images/vendors/logos/65b60aad8b749.jpg,True,False,30,,9.4,VendorListItem
112978,سوپرمارکت حسین مارکت (جمهوری),False,https://cdn.snapp.express/media/cache/vendor_item_cover/uploads/images/vendors/covers/65532758ca49c.jpg,0,70000,p6z7j6,ACTIVE,شریعتی,1,False,https://cdn.snapp.express/media/cache/vendor_logo/uploads/images/vendors/logos/65532758c4e3e.png,True,False,30,,0.0,VendorListItem
112720,دیلی مارکت سپیدار اهواز (همواره تخفیف),False,https://cdn.snapp.express/media/cache/vendor_item_cover/uploads/images/vendors/covers/651d4cfb069d5.jpg,0,90000,3kjvqq,ACTIVE,سپیدار,0,False,https://cdn.snapp.express/media/cache/vendor_logo/uploads/images/vendors/logos/651d4cfaf3c35.jpg,True,False,30,,8.8,VendorListItem
111814,دیلی مارکت خیابان شریعتی اهواز(همواره تخفیف),False,https://cdn.snapp.express/media/cache/vendor_item_cover/uploads/images/vendors/covers/6385c5767c3e2.jpg,115,90000,p4zrrn,ACTIVE,شریعتی,17,False,https://cdn.snapp.express/media/cache/vendor_logo/uploads/images/vendors/logos/65b60a2b0f672.jpg,True,False,30,,9.2,VendorListItem
110712,سوپرمارکت هیراد,False,https://cdn.snapp.express/media/cache/vendor_item_cover/uploads/images/vendors/covers/62adb0b809b89.jpg,371,70000,pojqgq,ACTIVE,پادادشهر,33,False,https://cdn.snapp.express/media/cache/vendor_logo/uploads/images/vendors/logos/665b063f2a848.jpg,True,False,30,,7.2,VendorListItem
112363,دیلی مارکت آریاشهر اهواز (همواره تخفیف),False,https://cdn.snapp.express/media/cache/vendor_item_cover/uploads/images/vendors/covers/65144388f08c9.jpg,0,90000,0njrn6,ACTIVE,یوسفی,7,False,https://cdn.snapp.express/media/cache/vendor_logo/uploads/images/vendors/logos/65144388e993e.jpg,True,False,30,,9.6,VendorListItem
114114,جانبو پادادشهر 1 اهواز (همواره تخفیف),False,https://cdn.snapp.express/media/cache/vendor_item_cover/uploads/images/vendors/covers/66a0d13550750.png,0,80000,p4zjrx,ACTIVE,پادادشهر,1,False,https://cdn.snapp.express/media/cache/vendor_logo/uploads/images/vendors/logos/66a0d1354d9a1.jpg,True,False,30,,0.0,VendorListItem
114115,جانبو شریعتی 2 اهواز (همواره تخفیف),False,https://cdn.snapp.express/media/cache/vendor_item_cover/uploads/images/vendors/covers/66a0d29853bd3.png,0,80000,0njdg6,ACTIVE,شریعتی,0,False,https://cdn.snapp.express/media/cache/vendor_logo/uploads/images/vendors/logos/66a0d29850039.jpg,True,False,30,,0.0,VendorListItem
112762,سوپرمارکت الرحمن مارکت,False,https://cdn.snapp.express/media/cache/vendor_item_cover/uploads/images/vendors/covers/6522710288a31.jpg,0,85000,p4zgxy,ACTIVE,کوی انقلاب,6,False,https://cdn.snapp.express/media/cache/vendor_logo/uploads/images/vendors/logos/6522710281f1c.png,True,False,30,,8.6,VendorListItem
109368,هایپراستار خلیج فارس اهواز (همواره تخفیف),False,https://cdn.snapp.express/media/cache/vendor_item_cover/uploads/images/vendors/covers/61a5d50dd57e7.jpg,13934,150000,3k988n,ACTIVE,کیان آباد,725,False,https://cdn.snapp.express/media/cache/vendor_logo/uploads/images/vendors/logos/64342c5ac47df.png,True,False,30,,8.2,VendorListItem
112124,سوپرمارکت پوریا مارکت,False,https://cdn.snapp.express/media/cache/vendor_item_cover/uploads/images/vendors/covers/643e6791a8815.jpg,0,70000,0wqem8,ACTIVE,شریعتی,45,False,https://cdn.snapp.express/media/cache/vendor_logo/uploads/images/vendors/logos/default.png,True,False,30,,8.8,VendorListItem
111813,دیلی مارکت خیابان یوسفی اهواز (همواره تخفیف),False,https://cdn.snapp.express/media/cache/vendor_item_cover/uploads/images/vendors/covers/6385c45777f7f.jpg,107,90000,p8evvy,ACTIVE,FIXME,18,False,https://cdn.snapp.express/media/cache/vendor_logo/uploads/images/vendors/logos/65b60a5fdae74.jpg,True,False,30,,9.0,VendorListItem
113802,سوپرمارکت عمو علی,False,,0,70000,09e92d,ACTIVE,شهرک آغاجاری,1,False,https://cdn.snapp.express/media/cache/vendor_logo/uploads/images/vendors/logos/66378be09f13b.png,True,False,30,,0.0,VendorListItem
113578,سوپرمارکت 11-7,False,,0,70000,p6z276,ACTIVE,کوی انقلاب,2,False,https://cdn.snapp.express/media/cache/vendor_logo/uploads/images/vendors/logos/65e729f3e10d0.png,True,False,30,,7.4,VendorListItem
94188,جانبو شریعتی اهواز (همواره تخفیف),False,https://cdn.snapp.express/media/cache/vendor_item_cover/uploads/images/vendors/covers/615594f0211ee.png,2777,80000,3x5x99,ACTIVE,شریعتی,146,False,https://cdn.snapp.express/media/cache/vendor_logo/uploads/images/vendors/logos/64342aba32ce7.png,True,False,30,,8.8,VendorListItem
112272,دیلی مارکت فاطمیه اهواز (همواره تخفیف),False,https://cdn.snapp.express/media/cache/vendor_item_cover/uploads/images/vendors/covers/64a2746686eb5.jpg,0,100000,0wqex5,ACTIVE,یوسفی,1,False,https://cdn.snapp.express/media/cache/vendor_logo/uploads/images/vendors/logos/65b60ac5a3a93.jpg,True,False,30,,8.6,VendorListItem
111816,دیلی مارکت کوی رمضان اهواز(همواره تخفیف),False,https://cdn.snapp.express/media/cache/vendor_item_cover/uploads/images/vendors/covers/6385cbf4ee551.jpg,54,90000,3xwj1y,ACTIVE,کوی رمضان,16,False,https://cdn.snapp.express/media/cache/vendor_logo/uploads/images/vendors/logos/65b60cd794a60.jpg,True,False,30,,9.0,VendorListItem
111927,دیلی مارکت کوی انقلاب اهواز 2 (همواره تخفیف),False,https://cdn.snapp.express/media/cache/vendor_item_cover/uploads/images/vendors/covers/63b2cf8f4c4b2.jpg,0,90000,3de57d,ACTIVE,کوی انقلاب,9,False,https://cdn.snapp.express/media/cache/vendor_logo/uploads/images/vendors/logos/65b60bb005ad8.jpg,True,False,30,,8.8,VendorListItem
112372,دیلی مارکت کوی آغاجاری اهواز (همواره تخفیف),False,https://cdn.snapp.express/media/cache/vendor_item_cover/uploads/images/vendors/covers/64b8ec119bdd9.jpg,0,90000,0wq9ez,ACTIVE,شهرک ملی حفاری,3,False,https://cdn.snapp.express/media/cache/vendor_logo/uploads/images/vendors/logos/64b8ec1192c47.jpg,True,False,30,,8.8,VendorListItem
112373,دیلی مارکت شهرک ملی حفاری اهواز (همواره تخفیف),False,https://cdn.snapp.express/media/cache/vendor_item_cover/uploads/images/vendors/covers/64b8ebbf1bf32.jpg,0,90000,0gkyor,ACTIVE,شهرک ملی حفاری,14,False,https://cdn.snapp.express/media/cache/vendor_logo/uploads/images/vendors/logos/64b8ebbf16987.jpg,True,False,30,,8.8,VendorListItem
112558,دیلی مارکت خیابان شهید رجبی اهواز(همواره تخفیف),False,https://cdn.snapp.express/media/cache/vendor_item_cover/uploads/images/vendors/covers/64e1d11cc72ed.jpg,0,90000,pz9vgj,ACTIVE,کوی انقلاب,0,False,https://cdn.snapp.express/media/cache/vendor_logo/uploads/images/vendors/logos/65b60bcbd0e32.jpg,True,False,30,,8.6,VendorListItem
94196,جانبو بنی هاشم اهواز (همواره تخفیف),False,https://cdn.snapp.express/media/cache/vendor_item_cover/uploads/images/vendors/covers/6155a04a86b9e.png,2760,80000,0w4ng8,ACTIVE,کوی انقلاب,236,False,https://cdn.snapp.express/media/cache/vendor_logo/uploads/images/vendors/logos/64342aba32ce7.png,True,False,30,,9.2,VendorListItem
111817,دیلی مارکت کوی انقلاب اهواز (همواره تخفیف),False,https://cdn.snapp.express/media/cache/vendor_item_cover/uploads/images/vendors/covers/6385cda87efe4.jpg,145,70000,3ee695,ACTIVE,کوی انقلاب,24,False,https://cdn.snapp.express/media/cache/vendor_logo/uploads/images/vendors/logos/65b60b8e67a63.jpg,True,False,30,,9.0,VendorListItem
112025,دیلی مارکت خشایار اهواز(همواره تخفیف),False,https://cdn.snapp.express/media/cache/vendor_item_cover/uploads/images/vendors/covers/63da3675709e0.jpg,0,90000,0gkodm,ACTIVE,کوی انقلاب,10,False,https://cdn.snapp.express/media/cache/vendor_logo/uploads/images/vendors/logos/65b60ca0aea57.jpg,True,False,30,,9.2,VendorListItem
112261,دیلی مارکت خیابان لشگر اهواز (همواره تخفیف),False,https://cdn.snapp.express/media/cache/vendor_item_cover/uploads/images/vendors/covers/6514446f9dd87.jpg,0,90000,p8evy2,ACTIVE,کوی انقلاب,3,False,https://cdn.snapp.express/media/cache/vendor_logo/uploads/images/vendors/logos/6514446f9175d.jpg,True,False,30,,8.8,VendorListItem
113905,جانبو شیخ بها اهواز(همواره تخفیف),False,https://cdn.snapp.express/media/cache/vendor_item_cover/uploads/images/vendors/covers/666429e36e274.png,0,80000,pvq1zx,ACTIVE,کوی انقلاب,0,False,https://cdn.snapp.express/media/cache/vendor_logo/uploads/images/vendors/logos/666429e36a9de.jpg,True,False,30,,0.0,VendorListItem
111926,دیلی مارکت خیابان کارون حصیر آباد(همواره تخفیف),False,https://cdn.snapp.express/media/cache/vendor_item_cover/uploads/images/vendors/covers/63b2cc5925b66.jpg,0,90000,09e6jn,ACTIVE,آسیه آباد,11,False,https://cdn.snapp.express/media/cache/vendor_logo/uploads/images/vendors/logos/65b60ce715983.jpg,True,False,30,,9.0,VendorListItem
110958,دیلی مارکت سی متری اهواز(همواره تخفیف),False,https://cdn.snapp.express/media/cache/vendor_item_cover/uploads/images/vendors/covers/62cd5081ae7b7.jpg,492,90000,pz96z1,ACTIVE,خرمکوشک,62,False,https://cdn.snapp.express/media/cache/vendor_logo/uploads/images/vendors/logos/65b60cc900bc3.jpg,True,False,30,,8.8,VendorListItem
112266,دیلی مارکت خیابان علامه اهواز (همواره تخفیف),False,https://cdn.snapp.express/media/cache/vendor_item_cover/uploads/images/vendors/covers/64a0274301168.jpg,0,90000,37rxdg,ACTIVE,چهارصد دستگاه,6,False,https://cdn.snapp.express/media/cache/vendor_logo/uploads/images/vendors/logos/65b60cf559614.jpg,True,False,30,,8.8,VendorListItem
113904,جانبو بهبهانی اهواز(همواره تخفیف),False,https://cdn.snapp.express/media/cache/vendor_item_cover/uploads/images/vendors/covers/6664287841276.png,0,80000,0ygj8y,ACTIVE,آسیه آباد,0,False,https://cdn.snapp.express/media/cache/vendor_logo/uploads/images/vendors/logos/666428783d4dd.jpg,True,False,30,,0.0,VendorListItem
112568,سوپرمارکت برج مارکت,False,https://cdn.snapp.express/media/cache/vendor_item_cover/uploads/images/vendors/covers/64e1f198ab3de.jpg,0,70000,3kjv4j,ACTIVE,کیانپارس,1,False,https://cdn.snapp.express/media/cache/vendor_logo/uploads/images/vendors/logos/64e1f1989fe0a.png,True,False,30,,8.8,VendorListItem
111292,سوپرمارکت کاج,False,https://cdn.snapp.express/media/cache/vendor_item_cover/uploads/images/vendors/covers/62e775da4efb3.jpg,1383,70000,3kjl7o,ACTIVE,کیان آباد,111,False,https://cdn.snapp.express/media/cache/vendor_logo/uploads/images/vendors/logos/default.png,True,False,30,,8.2,VendorListItem
112396,سوپرمارکت ماریو مارکت,False,https://cdn.snapp.express/media/cache/vendor_item_cover/uploads/images/vendors/covers/64a2a39fa2ddd.jpg,0,70000,0wq99z,ACTIVE,کیانپارس,36,False,https://cdn.snapp.express/media/cache/vendor_logo/uploads/images/vendors/logos/64a2a39f9acf0.png,True,False,30,,9.0,VendorListItem
113417,سوپرمارکت مارکتو,False,https://cdn.snapp.express/media/cache/vendor_item_cover/uploads/images/vendors/covers/65cb52830134d.jpg,0,70000,3eeqmv,ACTIVE,کیانپارس,2,False,https://cdn.snapp.express/media/cache/vendor_logo/uploads/images/vendors/logos/65cb5282d3b25.png,True,False,30,,7.4,VendorListItem
109371,هایپراستار پارک سنتر اهواز (همواره تخفیف),False,https://cdn.snapp.express/media/cache/vendor_item_cover/uploads/images/vendors/covers/61a5e4c373378.jpg,0,150000,32qjj2,ACTIVE,زاویه ملی راه,8,False,https://cdn.snapp.express/media/cache/vendor_logo/uploads/images/vendors/logos/64342c5ac47df.png,True,False,120,,8.4,VendorListItem
113400,سوپرمارکت استقلال,False,https://cdn.snapp.express/media/cache/vendor_item_cover/uploads/images/vendors/covers/65c7234492eb5.jpg,0,70000,0wqzy5,ACTIVE,کوی سپاه,0,False,https://cdn.snapp.express/media/cache/vendor_logo/uploads/images/vendors/logos/65c723447fe66.png,True,False,30,,7.8,VendorListItem
112571,سوپرمارکت لوکا مارکت,False,https://cdn.snapp.express/media/cache/vendor_item_cover/uploads/images/vendors/covers/64e2212715fd9.jpg,0,70000,32z29e,ACTIVE,کیان آباد,26,False,https://cdn.snapp.express/media/cache/vendor_logo/uploads/images/vendors/logos/64e2212710b01.png,True,False,30,,8.4,VendorListItem
112399,سوپرمارکت مگامارکت,False,https://cdn.snapp.express/media/cache/vendor_item_cover/uploads/images/vendors/covers/64a2cae42e74f.jpg,0,70000,3degg7,ACTIVE,کیان آباد,10,False,https://cdn.snapp.express/media/cache/vendor_logo/uploads/images/vendors/logos/64a2cae426064.png,True,False,30,,9.0,VendorListItem
111811,دیلی مارکت کیان آباد اهواز(همواره تخفیف),False,https://cdn.snapp.express/media/cache/vendor_item_cover/uploads/images/vendors/covers/63851d60b654f.jpg,0,90000,0rqjjz,ACTIVE,کیان آباد,15,False,https://cdn.snapp.express/media/cache/vendor_logo/uploads/images/vendors/logos/65b60c286c820.jpg,True,False,30,,9.0,VendorListItem
110809,سوپرمارکت هوراد,False,https://cdn.snapp.express/media/cache/vendor_item_cover/uploads/images/vendors/covers/62c17396454a1.jpg,973,70000,0q1oxy,ACTIVE,کیانپارس,108,False,https://cdn.snapp.express/media/cache/vendor_logo/uploads/images/vendors/logos/default.png,True,False,30,,8.8,VendorListItem
58459,سوپرمارکت رامین (کیانپارس),False,https://cdn.snapp.express/media/cache/vendor_item_cover/uploads/images/vendors/covers/60a64b30ae1ec.jpg,28384,70000,0rxy8z,ACTIVE,کیان آباد,1518,False,https://cdn.snapp.express/media/cache/vendor_logo/uploads/images/vendors/logos/665ad34c32c23.jpg,True,False,30,,8.4,VendorListItem
113991,سوپرمارکت اروند,False,,0,70000,0jjmoq,ACTIVE,کیان آباد,1,False,https://cdn.snapp.express/media/cache/vendor_logo/uploads/images/vendors/logos/6682b8d010111.jpg,True,False,30,,0.0,VendorListItem
55816,سوپرمارکت هایپر راد,False,https://cdn.snapp.express/media/cache/vendor_item_cover/uploads/images/vendors/covers/60a51162cb152.jpg,24229,70000,3x2yv6,ACTIVE,زیتون کارمندی,1317,False,https://cdn.snapp.express/media/cache/vendor_logo/uploads/images/vendors/logos/default.png,True,False,30,,9.0,VendorListItem
111808,دیلی مارکت زیتون کارمندی اهواز(همواره تخفیف),False,https://cdn.snapp.express/media/cache/vendor_item_cover/uploads/images/vendors/covers/63851095e2d37.jpg,132,90000,0lj66z,ACTIVE,زیتون کارمندی,21,False,https://cdn.snapp.express/media/cache/vendor_logo/uploads/images/vendors/logos/65b60afa3b189.jpg,True,False,30,,9.0,VendorListItem
113837,سوپرمارکت زیتون مارکت,False,,0,70000,p8eg1g,ACTIVE,زیتون کارمندی,3,False,https://cdn.snapp.express/media/cache/vendor_logo/uploads/images/vendors/logos/6641d02fe17f9.png,True,False,30,,0.0,VendorListItem
94191,جانبو وهابی اهواز (همواره تخفیف),False,https://cdn.snapp.express/media/cache/vendor_item_cover/uploads/images/vendors/covers/615599d51a43b.png,2741,80000,0j29kq,ACTIVE,کیان آباد,131,False,https://cdn.snapp.express/media/cache/vendor_logo/uploads/images/vendors/logos/64342aba32ce7.png,True,False,30,,8.6,VendorListItem
112270,دیلی مارکت مرو کیانپارس اهواز (همواره تخفیف),False,https://cdn.snapp.express/media/cache/vendor_item_cover/uploads/images/vendors/covers/65b60c4240982.jpg,0,90000,p5zjgx,ACTIVE,کیانپارس,14,False,https://cdn.snapp.express/media/cache/vendor_logo/uploads/images/vendors/logos/65b60c4226c4b.jpg,True,False,30,,9.0,VendorListItem
56594,سوپرمارکت سلطانی,False,https://cdn.snapp.express/media/cache/vendor_item_cover/uploads/images/vendors/covers/60a768f340f4e.jpg,31821,70000,p5rjwj,ACTIVE,زیتون کارمندی,1705,False,https://cdn.snapp.express/media/cache/vendor_logo/uploads/images/vendors/logos/default.png,True,False,30,,8.8,VendorListItem
112367,دیلی مارکت فاطمی اهواز (همواره تخفیف),False,https://cdn.snapp.express/media/cache/vendor_item_cover/uploads/images/vendors/covers/64ae856102d83.jpg,0,90000,0jjryv,ACTIVE,زیتون کارمندی,6,False,https://cdn.snapp.express/media/cache/vendor_logo/uploads/images/vendors/logos/64ae8560f0bde.jpg,True,False,30,,9.2,VendorListItem
114117,جانبو زیتون پارک اهواز (همواره تخفیف),False,https://cdn.snapp.express/media/cache/vendor_item_cover/uploads/images/vendors/covers/66a0d40d21511.png,0,80000,3eew6m,ACTIVE,زیتون کارمندی,0,False,https://cdn.snapp.express/media/cache/vendor_logo/uploads/images/vendors/logos/66a0d40d1d8c1.jpg,True,False,30,,0.0,VendorListItem
114035,سوپرمارکت جمشیدی,False,,0,70000,0rqy18,ACTIVE,زیتون کارمندی,2,False,https://cdn.snapp.express/media/cache/vendor_logo/uploads/images/vendors/logos/669b63bc968f2.jpg,True,False,30,,0.0,VendorListItem
113474,مینو مارت زیتون اهواز (همواره تخفیف),False,https://cdn.snapp.express/media/cache/vendor_item_cover/uploads/images/vendors/covers/65d228587c2d4.jpg,0,80000,09e9x6,ACTIVE,زیتون کارمندی,0,False,https://cdn.snapp.express/media/cache/vendor_logo/uploads/images/vendors/logos/65d2285855c9f.jpg,True,False,30,,8.6,VendorListItem
112364,دیلی مارکت کمیل اهواز (همواره تخفیف),False,https://cdn.snapp.express/media/cache/vendor_item_cover/uploads/images/vendors/covers/65144203ee469.jpg,0,90000,3xw1d4,ACTIVE,زیتون کارمندی,3,False,https://cdn.snapp.express/media/cache/vendor_logo/uploads/images/vendors/logos/65144203e4e30.jpg,True,False,30,,8.8,VendorListItem
111809,دیلی مارکت ملی راه خیابان زاویه اهواز(همواره تخفیف),False,https://cdn.snapp.express/media/cache/vendor_item_cover/uploads/images/vendors/covers/638514093f22c.jpg,154,90000,0q166w,ACTIVE,ملی راه,18,False,https://cdn.snapp.express/media/cache/vendor_logo/uploads/images/vendors/logos/65b60b0fcf673.jpg,True,False,30,,8.8,VendorListItem
113902,جانبو انوشه اهواز(همواره تخفیف),False,https://cdn.snapp.express/media/cache/vendor_item_cover/uploads/images/vendors/covers/66642399ae3b8.png,0,80000,09e9ok,ACTIVE,زیتون کارمندی,0,False,https://cdn.snapp.express/media/cache/vendor_logo/uploads/images/vendors/logos/66642399aa0e4.jpg,True,False,30,,0.0,VendorListItem
112370,دیلی مارکت خیابان اقبال اهواز (همواره تخفیف),False,https://cdn.snapp.express/media/cache/vendor_item_cover/uploads/images/vendors/covers/64b8eca925a36.jpg,0,90000,p5z9jj,ACTIVE,کوروش,2,False,https://cdn.snapp.express/media/cache/vendor_logo/uploads/images/vendors/logos/64b8eca91dcb6.jpg,True,False,30,,9.0,VendorListItem
111810,دیلی مارکت خیابان لطفی اهواز (همواره تخفیف),False,https://cdn.snapp.express/media/cache/vendor_item_cover/uploads/images/vendors/covers/638515ad30c08.jpg,67,90000,pz9ee2,ACTIVE,کیان آباد,21,False,https://cdn.snapp.express/media/cache/vendor_logo/uploads/images/vendors/logos/65b60c163fc6e.jpg,True,False,30,,8.4,VendorListItem
113476,مینو مارت اقبال اهواز (همواره تخفیف),False,https://cdn.snapp.express/media/cache/vendor_item_cover/uploads/images/vendors/covers/65d2551fb6c68.jpg,0,80000,0ygjyr,ACTIVE,کوروش,0,False,https://cdn.snapp.express/media/cache/vendor_logo/uploads/images/vendors/logos/65d2551e9a3e3.jpg,True,False,30,,8.6,VendorListItem
87704,سوپرمارکت هایپرمارکت رویال,False,https://cdn.snapp.express/media/cache/vendor_item_cover/uploads/images/vendors/covers/612d3126ae9f6.jpg,6000,70000,0yxgxg,ACTIVE,کوروش,323,False,https://cdn.snapp.express/media/cache/vendor_logo/uploads/images/vendors/logos/default.png,True,False,30,,9.2,VendorListItem
112374,دیلی مارکت خیابان دانیال اهواز (همواره تخفیف),False,https://cdn.snapp.express/media/cache/vendor_item_cover/uploads/images/vendors/covers/64b8eb1441965.jpg,0,90000,09ew6y,ACTIVE,کوروش,0,False,https://cdn.snapp.express/media/cache/vendor_logo/uploads/images/vendors/logos/64b8eb142aaaf.jpg,True,False,30,,0.0,VendorListItem
111806,دیلی مارکت کوی ملت اهواز (همواره تخفیف),False,https://cdn.snapp.express/media/cache/vendor_item_cover/uploads/images/vendors/covers/6385012511e91.jpg,154,90000,p6zoon,ACTIVE,کوروش,17,False,https://cdn.snapp.express/media/cache/vendor_logo/uploads/images/vendors/logos/65b60bdf5faa4.jpg,True,False,30,,9.0,VendorListItem
112264,دیلی مارکت خیابان ژاله اهواز (همواره تخفیف),False,https://cdn.snapp.express/media/cache/vendor_item_cover/uploads/images/vendors/covers/64a025c85f770.jpg,0,90000,3xwjv6,ACTIVE,کیانشهر,3,False,https://cdn.snapp.express/media/cache/vendor_logo/uploads/images/vendors/logos/65b60c55bd6d1.jpg,True,False,30,,7.4,VendorListItem
112268,دیلی مارکت بلوار ارتش اهواز (همواره تخفیف),False,https://cdn.snapp.express/media/cache/vendor_item_cover/uploads/images/vendors/covers/64a27304904cc.jpg,0,90000,3kj68g,ACTIVE,کیانشهر,3,False,https://cdn.snapp.express/media/cache/vendor_logo/uploads/images/vendors/logos/65b60c62ab1ea.jpg,True,False,30,,8.2,VendorListItem
112631,سوپرمارکت هایپر بامو مارکت,False,https://cdn.snapp.express/media/cache/vendor_item_cover/uploads/images/vendors/covers/65000c89ae7d6.jpg,0,70000,0mjzkr,ACTIVE,گلزار,18,False,https://cdn.snapp.express/media/cache/vendor_logo/uploads/images/vendors/logos/661fb96b5a735.jpg,True,False,30,,9.2,VendorListItem
110075,جانبو شعبان اراک (همواره تخفیف),False,https://cdn.snapp.express/media/cache/vendor_item_cover/uploads/images/vendors/covers/621394c25d5ae.png,199,80000,3d7x5w,ACTIVE,طالقانی,23,False,https://cdn.snapp.express/media/cache/vendor_logo/uploads/images/vendors/logos/66432577ece4a.jpg,True,False,30,,7.74,VendorListItem
112132,فروشگاه هفت عضد اراک (همواره تخفیف),False,https://cdn.snapp.express/media/cache/vendor_item_cover/uploads/images/vendors/covers/64464c7231b8f.png,0,80000,0lj6ze,ACTIVE,لقمان,83,False,https://cdn.snapp.express/media/cache/vendor_logo/uploads/images/vendors/logos/64464c722c3e1.png,True,False,30,,8.4,VendorListItem
113132,سوپرمارکت تاپ ناچ,False,https://cdn.snapp.express/media/cache/vendor_item_cover/uploads/images/vendors/covers/658681af96e96.jpg,0,70000,0lje59,ACTIVE,FIXME,7,False,https://cdn.snapp.express/media/cache/vendor_logo/uploads/images/vendors/logos/658681af8e947.png,True,False,30,,9.2,VendorListItem
112690,سوپرمارکت هایپر تجریش,False,https://cdn.snapp.express/media/cache/vendor_item_cover/uploads/images/vendors/covers/6517ee779c73a.jpg,0,70000,37ry1m,ACTIVE,بهشتی,5,False,https://cdn.snapp.express/media/cache/vendor_logo/uploads/images/vendors/logos/6517ee7796557.png,True,False,30,,7.4,VendorListItem
111792,فروشگاه هفت محسنی اراک(همواره تخفیف),False,https://cdn.snapp.express/media/cache/vendor_item_cover/uploads/images/vendors/covers/63f2306301741.png,242,80000,3kj66n,ACTIVE,بازار,32,False,https://cdn.snapp.express/media/cache/vendor_logo/uploads/images/vendors/logos/64342a4c8225c.png,True,False,30,,8.27,VendorListItem
114027,فروشگاه هفت هپکو اراک (همواره تخفیف),False,https://cdn.snapp.express/media/cache/vendor_item_cover/uploads/images/vendors/covers/6692450b57997.jpeg,0,85000,3derxg,ACTIVE,گلزار,1,False,https://cdn.snapp.express/media/cache/vendor_logo/uploads/images/vendors/logos/6692450b532a7.jfif,True,False,30,,0.0,VendorListItem
112637,فروشگاه هفت قایم مقام اراک(همواره تخفیف),False,https://cdn.snapp.express/media/cache/vendor_item_cover/uploads/images/vendors/covers/6512c42dd8f32.png,0,80000,p8e42g,ACTIVE,بازار,8,False,https://cdn.snapp.express/media/cache/vendor_logo/uploads/images/vendors/logos/6512c42dd29a9.png,True,False,30,,0.0,VendorListItem
112636,فروشگاه هفت بلوار شهدا اراک(همواره تخفیف),False,https://cdn.snapp.express/media/cache/vendor_item_cover/uploads/images/vendors/covers/6512c39fc4896.png,0,80000,pojrwo,ACTIVE,شهدا,2,False,https://cdn.snapp.express/media/cache/vendor_logo/uploads/images/vendors/logos/6512c39fbf252.png,True,False,30,,0.0,VendorListItem
110629,دیلی مارکت میثم اراک(همواره تخفیف),False,https://cdn.snapp.express/media/cache/vendor_item_cover/uploads/images/vendors/covers/629da64cf1f7b.jpg,0,90000,pvq9xm,ACTIVE,صنایع,9,False,https://cdn.snapp.express/media/cache/vendor_logo/uploads/images/vendors/logos/65b75a8394e92.jpg,True,False,30,,9.2,VendorListItem
113851,دیلی مارکت خیابان ادبجو اراک (همواره تخفیف),False,https://cdn.snapp.express/media/cache/vendor_item_cover/uploads/images/vendors/covers/6644bbcf35a2e.jpg,0,110000,3derdn,ACTIVE,بازار,3,False,https://cdn.snapp.express/media/cache/vendor_logo/uploads/images/vendors/logos/6644bbcf30706.jpg,True,False,30,,0.0,VendorListItem
110074,جانبو فاطمیه اراک (همواره تخفیف),False,https://cdn.snapp.express/media/cache/vendor_item_cover/uploads/images/vendors/covers/6213922f396f7.png,240,80000,09j56q,ACTIVE,حافظیه,17,False,https://cdn.snapp.express/media/cache/vendor_logo/uploads/images/vendors/logos/664326605963f.jpg,True,False,30,,9.18,VendorListItem
113863,مینو مارت غفاری اراک(همواره تخفیف),False,https://cdn.snapp.express/media/cache/vendor_item_cover/uploads/images/vendors/covers/664b5cadba795.jpg,0,80000,0njwov,ACTIVE,چهارصد دستگاه,0,False,https://cdn.snapp.express/media/cache/vendor_logo/uploads/images/vendors/logos/664b5cadb6422.jpg,True,False,30,,0.0,VendorListItem
113205,فروشگاه هفت شهرک قایم اراک (همواره تخفیف),False,https://cdn.snapp.express/media/cache/vendor_item_cover/uploads/images/vendors/covers/65916689d2a1e.png,0,80000,pvqjwd,ACTIVE,پژوهش,0,False,https://cdn.snapp.express/media/cache/vendor_logo/uploads/images/vendors/logos/65916689cb404.png,True,False,30,,0.0,VendorListItem
111790,فروشگاه هفت فلسطین اردبیل (همواره تخفیف),False,https://cdn.snapp.express/media/cache/vendor_item_cover/uploads/images/vendors/covers/63f23068f284f.png,99,80000,37rxj2,ACTIVE,فاز دو شهرک سبلان,81,False,https://cdn.snapp.express/media/cache/vendor_logo/uploads/images/vendors/logos/64342a4c8225c.png,True,False,30,,7.6,VendorListItem
110806,وال مارکت اردبیل (همواره تخفیف),False,https://cdn.snapp.express/media/cache/vendor_item_cover/uploads/images/vendors/covers/6321c81a0e1fd.jpg,6921,90000,p6z4ze,ACTIVE,كارشناسان فاز 1,423,False,https://cdn.snapp.express/media/cache/vendor_logo/uploads/images/vendors/logos/64342de96b47f.png,True,False,30,,8.4,VendorListItem
113731,سوپرمارکت هایپر همشهری,False,,0,70000,0mjm4v,ACTIVE,امام خمینی,2,False,https://cdn.snapp.express/media/cache/vendor_logo/uploads/images/vendors/logos/661bacb77ea91.png,True,False,30,,8.4,VendorListItem
109987,جانبو دانش اردبیل (همواره تخفیف),False,https://cdn.snapp.express/media/cache/vendor_item_cover/uploads/images/vendors/covers/620e1fc5c1136.png,0,80000,0nvmm6,ACTIVE,امام خمینی,4,False,https://cdn.snapp.express/media/cache/vendor_logo/uploads/images/vendors/logos/66796dfd35684.jpg,True,False,30,,0.0,VendorListItem
113358,فروشگاه هفت شاهد اردبیل (همواره تخفیف),False,https://cdn.snapp.express/media/cache/vendor_item_cover/uploads/images/vendors/covers/65bd2899b844a.png,0,80000,pz9871,ACTIVE,شهدا,0,False,https://cdn.snapp.express/media/cache/vendor_logo/uploads/images/vendors/logos/65bd2899a2425.png,True,False,30,,8.4,VendorListItem
113258,دیلی مارکت سعدی اردبیل (همواره تخفیف),False,https://cdn.snapp.express/media/cache/vendor_item_cover/uploads/images/vendors/covers/659c02991d4ce.jpg,0,90000,pz98ze,ACTIVE,FIXME,4,False,https://cdn.snapp.express/media/cache/vendor_logo/uploads/images/vendors/logos/659c0298f337a.jpg,True,False,30,,0.0,VendorListItem
113360,فروشگاه هفت شیخ صفی اردبیل (همواره تخفیف),False,https://cdn.snapp.express/media/cache/vendor_item_cover/uploads/images/vendors/covers/65bd2e7397176.png,0,80000,pojomj,ACTIVE,امام خمینی,2,False,https://cdn.snapp.express/media/cache/vendor_logo/uploads/images/vendors/logos/65bd2e7371015.png,True,False,30,,8.4,VendorListItem
111789,فروشگاه هفت شهدا اردبیل (همواره تخفیف),False,https://cdn.snapp.express/media/cache/vendor_item_cover/uploads/images/vendors/covers/63847899a2a8a.jpeg,106,80000,3ee65m,ACTIVE,شهرک طالقانی,55,False,https://cdn.snapp.express/media/cache/vendor_logo/uploads/images/vendors/logos/64342a4c8225c.png,True,False,30,,7.2,VendorListItem
113259,دیلی مارکت قیام اردبیل (همواره تخفیف),False,https://cdn.snapp.express/media/cache/vendor_item_cover/uploads/images/vendors/covers/659c05fcd5e34.jpg,0,90000,0rqx9v,ACTIVE,دکتر بهشتی,0,False,https://cdn.snapp.express/media/cache/vendor_logo/uploads/images/vendors/logos/659c05fcb52c8.jpg,True,False,30,,0.0,VendorListItem
112404,سوپرمارکت آتابابا,False,https://cdn.snapp.express/media/cache/vendor_item_cover/uploads/images/vendors/covers/64a4046cc0e2d.jpg,0,70000,0ygvvd,ACTIVE,امام خمینی,3,False,https://cdn.snapp.express/media/cache/vendor_logo/uploads/images/vendors/logos/64a4046cba749.png,True,False,30,,6.4,VendorListItem
112985,سوپرمارکت آتابابا (حقیقت),False,https://cdn.snapp.express/media/cache/vendor_item_cover/uploads/images/vendors/covers/65535c898e522.jpg,0,70000,p8e74r,ACTIVE,دانش نو,0,False,https://cdn.snapp.express/media/cache/vendor_logo/uploads/images/vendors/logos/65535c8988c7a.png,True,False,30,,6.4,VendorListItem
98859,سوپرمارکت شعبان پور,False,https://cdn.snapp.express/media/cache/vendor_item_cover/uploads/images/vendors/covers/617129384417a.jpg,4357,80000,0rov9v,ACTIVE,شهرک چمران,333,False,https://cdn.snapp.express/media/cache/vendor_logo/uploads/images/vendors/logos/default.png,False,True,30,,8.6,VendorListItem
112061,سوپرمارکت هایپر 24,False,https://cdn.snapp.express/media/cache/vendor_item_cover/uploads/images/vendors/covers/63fb1de4c8936.jpg,0,70000,p8ev2g,ACTIVE,بهشتی,7,False,https://cdn.snapp.express/media/cache/vendor_logo/uploads/images/vendors/logos/65a3f7958ef1b.jpeg,False,True,30,,7.6,VendorListItem
113502,فروشگاه هفت رجایی بابلسر (همواره تخفیف),False,https://cdn.snapp.express/media/cache/vendor_item_cover/uploads/images/vendors/covers/65d595892fbad.png,0,80000,09e94y,ACTIVE,طالقانی,2,False,https://cdn.snapp.express/media/cache/vendor_logo/uploads/images/vendors/logos/65d595892b337.png,False,True,30,,0.0,VendorListItem
113107,سوپرمارکت هایپر نیک,False,https://cdn.snapp.express/media/cache/vendor_item_cover/uploads/images/vendors/covers/65802e73c0e67.jpg,0,70000,0mj1jv,ACTIVE,ششصد دستگاه,4,False,https://cdn.snapp.express/media/cache/vendor_logo/uploads/images/vendors/logos/65802e73b8755.png,True,False,30,,7.6,VendorListItem
112560,دیلی مارکت پاسداران بندر عباس (همواره تخفیف),False,https://cdn.snapp.express/media/cache/vendor_item_cover/uploads/images/vendors/covers/64e1d36e602da.jpg,0,90000,pojr1q,ACTIVE,جهان باز,6,False,https://cdn.snapp.express/media/cache/vendor_logo/uploads/images/vendors/logos/65b60dae4aef7.jpg,True,False,30,,8.8,VendorListItem
93408,سوپرمارکت اورما مارکت,False,https://cdn.snapp.express/media/cache/vendor_item_cover/uploads/images/vendors/covers/615084d17d68c.jpg,2538,70000,0lgwen,ACTIVE,سیدکامل,192,False,https://cdn.snapp.express/media/cache/vendor_logo/uploads/images/vendors/logos/default.png,True,False,30,,9.2,VendorListItem
111961,وال مارکت بندر عباس (همواره تخفیف),False,https://cdn.snapp.express/media/cache/vendor_item_cover/uploads/images/vendors/covers/63b04333e17d2.jpg,41,90000,p8evm5,ACTIVE,نایبند,50,False,https://cdn.snapp.express/media/cache/vendor_logo/uploads/images/vendors/logos/64342de96b47f.png,True,False,30,,8.2,VendorListItem
112564,دیلی مارکت ملت بندر عباس (همواره تخفیف),False,https://cdn.snapp.express/media/cache/vendor_item_cover/uploads/images/vendors/covers/64e1d559b605b.jpg,0,90000,3xw1k2,ACTIVE,ملت,9,False,https://cdn.snapp.express/media/cache/vendor_logo/uploads/images/vendors/logos/65b6203b26e1e.jpg,True,False,30,,8.8,VendorListItem
114102,سوپرمارکت هایپر مارکت فرهنگیان,False,,0,70000,09ey6y,ACTIVE,کنسولگری,0,False,https://cdn.snapp.express/media/cache/vendor_logo/uploads/images/vendors/logos/669f8a33857aa.jpg,True,False,30,,0.0,VendorListItem
112562,دیلی مارکت شهید بهشتی بندر عباس(همواره تخفیف),False,https://cdn.snapp.express/media/cache/vendor_item_cover/uploads/images/vendors/covers/64e1d41b42b2f.jpg,0,90000,p4zgyr,ACTIVE,کنسولگری,13,False,https://cdn.snapp.express/media/cache/vendor_logo/uploads/images/vendors/logos/65b60d8dadc98.jpg,True,False,30,,8.6,VendorListItem
112834,سوپرمارکت دریا شهر,False,https://cdn.snapp.express/media/cache/vendor_item_cover/uploads/images/vendors/covers/653f4cff9c265.jpg,0,70000,pz9vmo,ACTIVE,امام حسین,4,False,https://cdn.snapp.express/media/cache/vendor_logo/uploads/images/vendors/logos/653f4cff97522.png,True,False,30,,7.8,VendorListItem
113004,هایپراستار بندرعباس (همواره تخفیف),False,https://cdn.snapp.express/media/cache/vendor_item_cover/uploads/images/vendors/covers/655b485db236a.jpg,0,80000,0ygrrd,ACTIVE,گلشهر,35,False,https://cdn.snapp.express/media/cache/vendor_logo/uploads/images/vendors/logos/655b485da9a90.png,True,False,30,,8.0,VendorListItem
112565,دیلی مارکت میدان شاهد بندر عباس(همواره تخفیف),False,https://cdn.snapp.express/media/cache/vendor_item_cover/uploads/images/vendors/covers/64e1d60c309a7.jpg,0,90000,3ee982,ACTIVE,امام حسین,0,False,https://cdn.snapp.express/media/cache/vendor_logo/uploads/images/vendors/logos/65b60d9de4f50.jpg,True,False,30,,8.8,VendorListItem
112561,دیلی مارکت زیباشهر بندر عباس(همواره تخفیف),False,https://cdn.snapp.express/media/cache/vendor_item_cover/uploads/images/vendors/covers/64fd80b50aa3d.jpg,0,90000,p8e4l5,ACTIVE,زیباشهر,4,False,https://cdn.snapp.express/media/cache/vendor_logo/uploads/images/vendors/logos/65b60d7a754e7.jpg,True,False,30,,8.8,VendorListItem
112246,دیلی مارکت بلوار امام حسین بندرعباس(همواره تخفیف),False,https://cdn.snapp.express/media/cache/vendor_item_cover/uploads/images/vendors/covers/6476e8e541676.jpg,0,90000,p5zjmx,ACTIVE,امام حسین,8,False,https://cdn.snapp.express/media/cache/vendor_logo/uploads/images/vendors/logos/6476e8e5390ad.jpg,True,False,30,,9.0,VendorListItem
93665,سوپرمارکت طاها,False,https://cdn.snapp.express/media/cache/vendor_item_cover/uploads/images/vendors/covers/6152b6e3aea16.jpg,3643,70000,3ewr1v,ACTIVE,انصارالمهدی,151,False,https://cdn.snapp.express/media/cache/vendor_logo/uploads/images/vendors/logos/default.png,True,False,30,,9.0,VendorListItem
112247,دیلی مارکت چهارراه ولیعصر بندرعباس(همواره تخفیف),False,https://cdn.snapp.express/media/cache/vendor_item_cover/uploads/images/vendors/covers/6476e9956dc57.jpg,0,90000,32zmyl,ACTIVE,بروجردی,8,False,https://cdn.snapp.express/media/cache/vendor_logo/uploads/images/vendors/logos/6476e99568cd1.jpg,True,False,30,,9.6,VendorListItem
113900,سوپرمارکت ایران مارکت,False,,0,70000,0wq168,ACTIVE,گلشهر,1,False,https://cdn.snapp.express/media/cache/vendor_logo/uploads/images/vendors/logos/66641c7f41684.jpg,True,False,30,,0.0,VendorListItem
112563,دیلی مارکت نیایش بندر عباس(همواره تخفیف),False,https://cdn.snapp.express/media/cache/vendor_item_cover/uploads/images/vendors/covers/64e1d4bcd97b9.jpg,0,90000,0njrer,ACTIVE,بروجردی,2,False,https://cdn.snapp.express/media/cache/vendor_logo/uploads/images/vendors/logos/65b60d64ec116.jpg,True,False,30,,8.4,VendorListItem
113984,سوپرمارکت نیایش مرکزی,False,,0,70000,pojgej,ACTIVE,بروجردی,0,False,https://cdn.snapp.express/media/cache/vendor_logo/uploads/images/vendors/logos/6680086592f03.jpg,True,False,30,,0.0,VendorListItem
112078,وال مارکت بندرعباس2 (همواره تخفیف),False,https://cdn.snapp.express/media/cache/vendor_item_cover/uploads/images/vendors/covers/640c9f75b7953.jpg,0,90000,p6zoke,ACTIVE,FIXME,25,False,https://cdn.snapp.express/media/cache/vendor_logo/uploads/images/vendors/logos/64342de96b47f.png,True,False,30,,8.6,VendorListItem
112248,دیلی مارکت بلوار دانشگاه بندرعباس (همواره تخفیف),False,https://cdn.snapp.express/media/cache/vendor_item_cover/uploads/images/vendors/covers/6479896dde03d.jpg,0,90000,0wqey5,ACTIVE,گاز,14,False,https://cdn.snapp.express/media/cache/vendor_logo/uploads/images/vendors/logos/6479896dd594a.jpg,True,False,30,,9.4,VendorListItem
112765,سوپرمارکت پرلا مارکت,False,https://cdn.snapp.express/media/cache/vendor_item_cover/uploads/images/vendors/covers/6522c0fd1ff65.jpg,0,70000,3ee9rj,ACTIVE,گلشهر,3,False,https://cdn.snapp.express/media/cache/vendor_logo/uploads/images/vendors/logos/6522c0fd1509a.png,True,False,30,,8.2,VendorListItem
112101,فروشگاه هفت هفده شهریور شمالی بجنورد(همواره تخفیف),False,https://cdn.snapp.express/media/cache/vendor_item_cover/uploads/images/vendors/covers/64340fc533078.png,0,85000,0gko1q,ACTIVE,طالقانی,49,False,https://cdn.snapp.express/media/cache/vendor_logo/uploads/images/vendors/logos/64342a4c8225c.png,True,False,30,,8.6,VendorListItem
112983,سوپرمارکت جنوب,False,https://cdn.snapp.express/media/cache/vendor_item_cover/uploads/images/vendors/covers/655357dfa9cfd.jpg,0,70000,0rqxv9,ACTIVE,ماهینی,2,False,https://cdn.snapp.express/media/cache/vendor_logo/uploads/images/vendors/logos/655357df9e47b.png,True,False,30,,8.8,VendorListItem
111750,سوپرمارکت امایس عاشوری,False,https://cdn.snapp.express/media/cache/vendor_item_cover/uploads/images/vendors/covers/63736b00bc47e.jpg,389,70000,09e6xy,ACTIVE,کوتی,56,False,https://cdn.snapp.express/media/cache/vendor_logo/uploads/images/vendors/logos/63736b00b409a.jpg,True,False,30,,8.6,VendorListItem
113405,سوپرمارکت هایپر طلایی,False,https://cdn.snapp.express/media/cache/vendor_item_cover/uploads/images/vendors/covers/65c74130757c1.jpg,0,70000,pvqjd1,ACTIVE,FIXME,4,False,https://cdn.snapp.express/media/cache/vendor_logo/uploads/images/vendors/logos/65c741305b2d9.png,True,False,30,,6.6,VendorListItem
109499,جانبو شقایق بوشهر (همواره تخفیف),False,https://cdn.snapp.express/media/cache/vendor_item_cover/uploads/images/vendors/covers/61c9d5fe2a59a.png,1684,100000,3d7j5w,ACTIVE,سنگی,76,False,https://cdn.snapp.express/media/cache/vendor_logo/uploads/images/vendors/logos/6603e38b9fa20.jpg,True,False,30,,8.6,VendorListItem
110639,دیلی مارکت هلالی بوشهر(همواره تخفیف),False,https://cdn.snapp.express/media/cache/vendor_item_cover/uploads/images/vendors/covers/629dc71a22d45.jpg,1777,90000,0njln8,ACTIVE,سنگی,90,False,https://cdn.snapp.express/media/cache/vendor_logo/uploads/images/vendors/logos/65b60dbf80fbe.jpg,True,False,30,,9.0,VendorListItem
93122,سوپرمارکت فندوق,False,https://cdn.snapp.express/media/cache/vendor_item_cover/uploads/images/vendors/covers/614ee982411a9.jpg,2138,70000,p5wldj,ACTIVE,سنگی,136,False,https://cdn.snapp.express/media/cache/vendor_logo/uploads/images/vendors/logos/668e806dabb47.jpg,True,False,30,,8.6,VendorListItem
110908,دیلی مارکت یادگار بوشهر (همواره تخفیف),False,https://cdn.snapp.express/media/cache/vendor_item_cover/uploads/images/vendors/covers/62cd5bc7d043f.jpg,886,90000,0ljnxe,ACTIVE,سنگی,88,False,https://cdn.snapp.express/media/cache/vendor_logo/uploads/images/vendors/logos/65b60dd065581.jpg,True,False,30,,9.4,VendorListItem
111326,سوپرمارکت ماهان,False,https://cdn.snapp.express/media/cache/vendor_item_cover/uploads/images/vendors/covers/62f733416fd82.jpg,328,70000,09e4yn,ACTIVE,سنگی,55,False,https://cdn.snapp.express/media/cache/vendor_logo/uploads/images/vendors/logos/default.png,True,False,30,,9.4,VendorListItem
109497,جانبو طالقانی بوشهر (همواره تخفیف),False,https://cdn.snapp.express/media/cache/vendor_item_cover/uploads/images/vendors/covers/61c9ce85e43c8.png,2158,110000,0gzwo2,ACTIVE,شکری,69,False,https://cdn.snapp.express/media/cache/vendor_logo/uploads/images/vendors/logos/66431b2a81041.jpg,True,False,30,,8.46,VendorListItem
113030,سوپرمارکت هایپر رویا,False,https://cdn.snapp.express/media/cache/vendor_item_cover/uploads/images/vendors/covers/6565be122e2e6.jpg,0,70000,p6z72n,ACTIVE,سنگی,7,False,https://cdn.snapp.express/media/cache/vendor_logo/uploads/images/vendors/logos/6565be12290f9.png,True,False,30,,7.6,VendorListItem
112947,سوپرمارکت مارکتین,False,https://cdn.snapp.express/media/cache/vendor_item_cover/uploads/images/vendors/covers/654a26af00eb8.jpg,0,70000,32zrm2,ACTIVE,جبری,3,False,https://cdn.snapp.express/media/cache/vendor_logo/uploads/images/vendors/logos/654a26aeee6ce.png,True,False,30,,9.0,VendorListItem
113939,هایپراستار سیتی سنتر اصفهان (همواره تخفیف),False,https://cdn.snapp.express/media/cache/vendor_item_cover/uploads/images/vendors/covers/6672a70be214f.jpg,0,80000,0njw6z,ACTIVE,سپاهان شهر,1,False,https://cdn.snapp.express/media/cache/vendor_logo/uploads/images/vendors/logos/6672a70bdea83.png,False,True,30,,0.0,VendorListItem
112283,سوپرمارکت ترنج,False,https://cdn.snapp.express/media/cache/vendor_item_cover/uploads/images/vendors/covers/64747b659a39a.jpg,0,70000,0rqjr8,ACTIVE,سپاهان شهر,38,False,https://cdn.snapp.express/media/cache/vendor_logo/uploads/images/vendors/logos/64747b6593dc9.png,True,False,30,,9.4,VendorListItem
110711,سوپرمارکت فرید,False,https://cdn.snapp.express/media/cache/vendor_item_cover/uploads/images/vendors/covers/62a9d01fa196d.jpg,1385,70000,0rqmx1,ACTIVE,سپاهان شهر,159,False,https://cdn.snapp.express/media/cache/vendor_logo/uploads/images/vendors/logos/669bd457ecaa5.jpg,True,False,30,,9.6,VendorListItem
113555,سوپرمارکت هایپر سان,False,,0,75000,0mjmzq,ACTIVE,سپاهان شهر,4,False,https://cdn.snapp.express/media/cache/vendor_logo/uploads/images/vendors/logos/65e426bcb84ca.png,True,False,30,,4.8,VendorListItem
114195,سوپر مارکت اردونانس,False,,0,70000,32z112,ACTIVE,مرداویچ,0,False,https://cdn.snapp.express/media/cache/vendor_logo/uploads/images/vendors/logos/default.png,True,False,30,,0.0,VendorListItem
103413,سوپرمارکت پاریس,False,https://cdn.snapp.express/media/cache/vendor_item_cover/uploads/images/vendors/covers/6187b2657774e.jpg,5517,70000,p8ow8y,ACTIVE,مرداویچ,376,False,https://cdn.snapp.express/media/cache/vendor_logo/uploads/images/vendors/logos/default.png,True,False,30,,8.8,VendorListItem
111526,دیلی مارکت امیریه اصفهان 2 (همواره تخفیف),False,https://cdn.snapp.express/media/cache/vendor_item_cover/uploads/images/vendors/covers/631f04bb084eb.jpg,391,90000,09e4nk,ACTIVE,کوی امیریه,26,False,https://cdn.snapp.express/media/cache/vendor_logo/uploads/images/vendors/logos/65b62046b7f18.jpg,True,False,30,,8.6,VendorListItem
112583,سوپرمارکت تک,False,https://cdn.snapp.express/media/cache/vendor_item_cover/uploads/images/vendors/covers/64e5dd3c0ad56.jpg,0,70000,0rqv41,ACTIVE,کوی امیریه,20,False,https://cdn.snapp.express/media/cache/vendor_logo/uploads/images/vendors/logos/64e5dd3c03504.png,True,False,30,,8.6,VendorListItem
112116,دیلی مارکت امیریه اصفهان (همواره تخفیف),False,https://cdn.snapp.express/media/cache/vendor_item_cover/uploads/images/vendors/covers/643cf6109ab8e.jpg,0,90000,3xwjl9,ACTIVE,کوی امیریه,17,False,https://cdn.snapp.express/media/cache/vendor_logo/uploads/images/vendors/logos/643cf61094f61.jpg,True,False,30,,9.2,VendorListItem
113020,سوپرمارکت جووانی,False,https://cdn.snapp.express/media/cache/vendor_item_cover/uploads/images/vendors/covers/6561e606cedfe.jpg,0,70000,3kjo7o,ACTIVE,ولی عصر,14,False,https://cdn.snapp.express/media/cache/vendor_logo/uploads/images/vendors/logos/6561e606c635c.png,True,False,30,,9.0,VendorListItem
112946,سوپرمارکت مرداویج,False,https://cdn.snapp.express/media/cache/vendor_item_cover/uploads/images/vendors/covers/6548f09e48071.jpg,0,70000,p5zrjj,ACTIVE,مرداویچ,14,False,https://cdn.snapp.express/media/cache/vendor_logo/uploads/images/vendors/logos/6548f09e431aa.png,True,False,30,,8.8,VendorListItem
109550,جانبو قایمیه (همواره تخفیف),False,https://cdn.snapp.express/media/cache/vendor_item_cover/uploads/images/vendors/covers/65e712003a5f4.png,1665,80000,09jk7n,ACTIVE,کوی امیریه,52,False,https://cdn.snapp.express/media/cache/vendor_logo/uploads/images/vendors/logos/65e7120005de3.jpg,True,False,30,,8.4,VendorListItem
111050,سوپرمارکت آریا,False,https://cdn.snapp.express/media/cache/vendor_item_cover/uploads/images/vendors/covers/62d29b4ee0df1.jpg,2474,70000,09exz6,ACTIVE,ولی عصر,212,False,https://cdn.snapp.express/media/cache/vendor_logo/uploads/images/vendors/logos/668bddd90098d.jpg,True,False,30,,8.8,VendorListItem
113279,سوپرمارکت ایلی رز,False,https://cdn.snapp.express/media/cache/vendor_item_cover/uploads/images/vendors/covers/65a29a80f129a.jpg,0,70000,0mj1or,ACTIVE,ولی عصر,3,False,https://cdn.snapp.express/media/cache/vendor_logo/uploads/images/vendors/logos/65a29a80db2e6.png,True,False,30,,8.6,VendorListItem
93813,جانبو جانبازان اصفهان (همواره تخفیف),False,https://cdn.snapp.express/media/cache/vendor_item_cover/uploads/images/vendors/covers/6603dddd40b17.png,3326,110000,p8d9zy,ACTIVE,ولی عصر,163,False,https://cdn.snapp.express/media/cache/vendor_logo/uploads/images/vendors/logos/6603dddd267ac.jpg,True,False,30,,9.0,VendorListItem
113838,سوپرمارکت احسان,False,,0,70000,p4z71j,ACTIVE,مرداویچ,3,False,https://cdn.snapp.express/media/cache/vendor_logo/uploads/images/vendors/logos/6641d2c2062d6.png,True,False,30,,0.0,VendorListItem
111836,دیلی مارکت بلوار کشاورز اصفهان(همواره تخفیف),False,https://cdn.snapp.express/media/cache/vendor_item_cover/uploads/images/vendors/covers/63861690a5028.jpg,270,90000,pojzrv,ACTIVE,کوی امیریه,33,False,https://cdn.snapp.express/media/cache/vendor_logo/uploads/images/vendors/logos/65b60de65b9e4.jpg,True,False,30,,8.6,VendorListItem
113076,سوپرمارکت مستر مارکت(سعادت آباد),False,https://cdn.snapp.express/media/cache/vendor_item_cover/uploads/images/vendors/covers/657964c2aa4fd.jpg,0,70000,0ygr9d,ACTIVE,شیخ صدوق,6,False,https://cdn.snapp.express/media/cache/vendor_logo/uploads/images/vendors/logos/657964c2a06c3.png,True,False,30,,8.0,VendorListItem
109921,گندم سیمین (همواره تخفیف),False,https://cdn.snapp.express/media/cache/vendor_item_cover/uploads/images/vendors/covers/620919cef1bfb.jpg,1531,80000,31qod2,ACTIVE,باغ زیار,95,False,https://cdn.snapp.express/media/cache/vendor_logo/uploads/images/vendors/logos/64342b3a8d27d.png,True,False,30,,7.87,VendorListItem
112935,دیلی مارکت باغ زیار اصفهان (همواره تخفیف),False,https://cdn.snapp.express/media/cache/vendor_item_cover/uploads/images/vendors/covers/656c692d5630b.jpg,0,90000,0rqx59,ACTIVE,باغ زیار,10,False,https://cdn.snapp.express/media/cache/vendor_logo/uploads/images/vendors/logos/656c692d4b310.jpg,True,False,30,,8.6,VendorListItem
109549,جانبو حکیم نظامی (همواره تخفیف),False,https://cdn.snapp.express/media/cache/vendor_item_cover/uploads/images/vendors/covers/61cddf21b944f.png,748,100000,0gzwgx,ACTIVE,دانشگاه,36,False,https://cdn.snapp.express/media/cache/vendor_logo/uploads/images/vendors/logos/66796f7f43dce.jpg,True,False,30,,8.16,VendorListItem
112050,سوپرمارکت ایهام,False,https://cdn.snapp.express/media/cache/vendor_item_cover/uploads/images/vendors/covers/63f2151ada1c3.jpg,0,70000,09e68d,ACTIVE,سیچان,99,False,https://cdn.snapp.express/media/cache/vendor_logo/uploads/images/vendors/logos/default.png,True,False,30,,8.2,VendorListItem
111527,دیلی مارکت سپه سالار اصفهان(همواره تخفیف),False,https://cdn.snapp.express/media/cache/vendor_item_cover/uploads/images/vendors/covers/631f00555a1a2.jpg,116,90000,3deq1x,ACTIVE,فرهانی,22,False,https://cdn.snapp.express/media/cache/vendor_logo/uploads/images/vendors/logos/65b620883f2a0.jpg,True,False,30,,8.2,VendorListItem
113452,سوپرمارکت رضایی,False,https://cdn.snapp.express/media/cache/vendor_item_cover/uploads/images/vendors/covers/65d1b18204b00.jpg,0,70000,0ygror,ACTIVE,فرهانی,5,False,https://cdn.snapp.express/media/cache/vendor_logo/uploads/images/vendors/logos/65d1b181a17e9.png,True,False,30,,9.2,VendorListItem
109547,جانبو رودکی اصفهان (همواره تخفیف),False,https://cdn.snapp.express/media/cache/vendor_item_cover/uploads/images/vendors/covers/61cdd146c6c0f.png,899,80000,32q8re,ACTIVE,باغ دریاچه,27,False,https://cdn.snapp.express/media/cache/vendor_logo/uploads/images/vendors/logos/664325efe357d.jpg,True,False,30,,8.37,VendorListItem
113655,سوپرمارکت یانا,False,,0,70000,0mjmyo,ACTIVE,شیخ صدوق,1,False,https://cdn.snapp.express/media/cache/vendor_logo/uploads/images/vendors/logos/65f699993a098.png,True,False,30,,7.4,VendorListItem
111513,سوپرمارکت ارشیا,False,https://cdn.snapp.express/media/cache/vendor_item_cover/uploads/images/vendors/covers/631c4088b5341.jpg,869,70000,p8e5nm,ACTIVE,شیخ صدوق,99,False,https://cdn.snapp.express/media/cache/vendor_logo/uploads/images/vendors/logos/default.png,True,False,30,,8.6,VendorListItem
56070,سوپرمارکت کاج (شیخ صدوق شمالی),False,https://cdn.snapp.express/media/cache/vendor_item_cover/uploads/images/vendors/covers/60a616ae75d53.jpg,4265,70000,p5rozw,ACTIVE,شیخ صدوق,244,False,https://cdn.snapp.express/media/cache/vendor_logo/uploads/images/vendors/logos/default.png,True,False,30,,8.4,VendorListItem
110902,دیلی مارکت سجاد اصفهان (همواره تخفیف),False,https://cdn.snapp.express/media/cache/vendor_item_cover/uploads/images/vendors/covers/62cd43ee9225c.jpg,377,90000,09ex8k,ACTIVE,تخت فولاد,22,False,https://cdn.snapp.express/media/cache/vendor_logo/uploads/images/vendors/logos/65b60ef95bef4.jpg,True,False,30,,8.4,VendorListItem
113678,سوپرمارکت سون,False,,0,70000,p6z2zn,ACTIVE,کوله پارچه,3,False,https://cdn.snapp.express/media/cache/vendor_logo/uploads/images/vendors/logos/6608194754955.png,True,False,30,,9.0,VendorListItem
113379,دیلی مارکت خیابان مصلی اصفهان (همواره تخفیف),False,https://cdn.snapp.express/media/cache/vendor_item_cover/uploads/images/vendors/covers/65c0d6908a4e1.jpg,0,90000,0mj1dz,ACTIVE,تخت فولاد,1,False,https://cdn.snapp.express/media/cache/vendor_logo/uploads/images/vendors/logos/65c0d69063fcc.jpg,True,False,30,,8.0,VendorListItem
79864,سوپرمارکت پرک,False,https://cdn.snapp.express/media/cache/vendor_item_cover/uploads/images/vendors/covers/60eaaee41b11e.jpg,9754,70000,3xrol6,ACTIVE,باغ دریاچه,594,False,https://cdn.snapp.express/media/cache/vendor_logo/uploads/images/vendors/logos/default.png,True,False,30,,8.6,VendorListItem
111700,سوپرمارکت ستاره (وحید),False,https://cdn.snapp.express/media/cache/vendor_item_cover/uploads/images/vendors/covers/636239847612f.jpg,154,70000,0wqdxz,ACTIVE,مارنان,19,False,https://cdn.snapp.express/media/cache/vendor_logo/uploads/images/vendors/logos/6681716733a3f.jpg,True,False,30,,8.4,VendorListItem
79877,سوپرمارکت بابامیلک (شعبه آپادانا),False,https://cdn.snapp.express/media/cache/vendor_item_cover/uploads/images/vendors/covers/63620e91b16a7.jpg,5018,70000,pv1zy1,ACTIVE,گبرآباد,344,False,https://cdn.snapp.express/media/cache/vendor_logo/uploads/images/vendors/logos/default.png,True,False,30,,8.8,VendorListItem
112566,سوپرمارکت پارسیان,False,https://cdn.snapp.express/media/cache/vendor_item_cover/uploads/images/vendors/covers/64e09531df8c7.jpg,0,70000,37rym9,ACTIVE,مارنان,16,False,https://cdn.snapp.express/media/cache/vendor_logo/uploads/images/vendors/logos/64e09531d9e80.png,True,False,30,,7.4,VendorListItem
109545,جانبو مصلی اصفهان (همواره تخفیف),False,https://cdn.snapp.express/media/cache/vendor_item_cover/uploads/images/vendors/covers/61cdc6f4b18bc.png,2423,80000,31qoxw,ACTIVE,شیخ صدوق,176,False,https://cdn.snapp.express/media/cache/vendor_logo/uploads/images/vendors/logos/6603dd7a156b8.jpg,True,False,30,,9.0,VendorListItem
113539,سوپرمارکت گل گندم,False,https://cdn.snapp.express/media/cache/vendor_item_cover/uploads/images/vendors/covers/65df2056c0b0d.jpg,0,70000,0njwg6,ACTIVE,مهرآباد,1,False,https://cdn.snapp.express/media/cache/vendor_logo/uploads/images/vendors/logos/65df20566b910.png,True,False,30,,8.4,VendorListItem
113460,سوپرمارکت مشتاق,False,https://cdn.snapp.express/media/cache/vendor_item_cover/uploads/images/vendors/covers/65d1e5ae7b782.jpg,0,70000,pojonk,ACTIVE,جی شیر,1,False,https://cdn.snapp.express/media/cache/vendor_logo/uploads/images/vendors/logos/65d1e5ae56442.png,True,False,30,,7.6,VendorListItem
55469,سوپرمارکت باران,False,https://cdn.snapp.express/media/cache/vendor_item_cover/uploads/images/vendors/covers/60a5029886f0a.jpg,68936,70000,31xvq4,ACTIVE,مارنان,2618,False,https://cdn.snapp.express/media/cache/vendor_logo/uploads/images/vendors/logos/6680f6b68949c.jpg,True,False,30,,9.2,VendorListItem
101264,سوپرمارکت ایران زمین,False,https://cdn.snapp.express/media/cache/vendor_item_cover/uploads/images/vendors/covers/61f3bf4a7be26.jpg,2694,70000,3xggxw,ACTIVE,FIXME,207,False,https://cdn.snapp.express/media/cache/vendor_logo/uploads/images/vendors/logos/65006fad24afb.png,True,False,30,,7.8,VendorListItem
82737,سوپرمارکت افق شهر,False,https://cdn.snapp.express/media/cache/vendor_item_cover/uploads/images/vendors/covers/610537cab2b00.jpg,8060,70000,p8gk1m,ACTIVE,فتح آباد,490,False,https://cdn.snapp.express/media/cache/vendor_logo/uploads/images/vendors/logos/default.png,True,False,30,,8.6,VendorListItem
110484,سوپرمارکت قایم,False,https://cdn.snapp.express/media/cache/vendor_item_cover/uploads/images/vendors/covers/626d223578741.jpg,1668,70000,po6nmk,ACTIVE,خواجو,125,False,https://cdn.snapp.express/media/cache/vendor_logo/uploads/images/vendors/logos/default.png,True,False,30,,8.4,VendorListItem
112188,دیلی مارکت چهارباغ اصفهان (همواره تخفیف),False,https://cdn.snapp.express/media/cache/vendor_item_cover/uploads/images/vendors/covers/64a27c4619e31.jpg,0,90000,3xwjo9,ACTIVE,خواجو,6,False,https://cdn.snapp.express/media/cache/vendor_logo/uploads/images/vendors/logos/65b60e5779f92.jpg,True,False,30,,8.4,VendorListItem
113691,سوپرمارکت سیلور (خواجو),False,,0,70000,0jjm5r,ACTIVE,خواجو,0,False,https://cdn.snapp.express/media/cache/vendor_logo/uploads/images/vendors/logos/66123f18d22e3.png,True,False,30,,7.0,VendorListItem
85881,سوپرمارکت شباهنگ,False,https://cdn.snapp.express/media/cache/vendor_item_cover/uploads/images/vendors/covers/6122060964fe8.jpg,14089,70000,0qed6x,ACTIVE,پارک غدیر,924,False,https://cdn.snapp.express/media/cache/vendor_logo/uploads/images/vendors/logos/default.png,True,False,30,,9.0,VendorListItem
114110,جانبو اصفهان رکن الدوله (همواره تخفیف),False,https://cdn.snapp.express/media/cache/vendor_item_cover/uploads/images/vendors/covers/66a0cd44019b7.png,0,80000,pz91ew,ACTIVE,رکن الدوله,0,False,https://cdn.snapp.express/media/cache/vendor_logo/uploads/images/vendors/logos/66a0cd43f205e.jpg,True,False,30,,0.0,VendorListItem
113695,سوپرمارکت کینگ,False,,0,70000,32zxgq,ACTIVE,همدانیان,7,False,https://cdn.snapp.express/media/cache/vendor_logo/uploads/images/vendors/logos/6613b75457445.png,True,False,30,,8.6,VendorListItem
113169,سوپرمارکت سام,False,https://cdn.snapp.express/media/cache/vendor_item_cover/uploads/images/vendors/covers/658bcb0a423ba.jpg,0,70000,31zxew,ACTIVE,آتشگاه,22,False,https://cdn.snapp.express/media/cache/vendor_logo/uploads/images/vendors/logos/658bcb0a3b2c4.png,True,False,30,,9.0,VendorListItem
112937,دیلی مارکت خیابان میرزا طاهر اصفهان (همواره تخفیف),False,https://cdn.snapp.express/media/cache/vendor_item_cover/uploads/images/vendors/covers/656c6c6524b0e.jpg,0,90000,p8e75r,ACTIVE,آتشگاه,4,False,https://cdn.snapp.express/media/cache/vendor_logo/uploads/images/vendors/logos/656c6c651e06b.jpg,True,False,30,,8.0,VendorListItem
113455,سوپرمارکت ایلیا,False,https://cdn.snapp.express/media/cache/vendor_item_cover/uploads/images/vendors/covers/65d1bf935e8b4.jpg,0,70000,0mj1ry,ACTIVE,آتشگاه,33,False,https://cdn.snapp.express/media/cache/vendor_logo/uploads/images/vendors/logos/65d1bf930be25.png,True,False,30,,8.4,VendorListItem
114049,جانبو صایب(همواره تخفیف),False,,0,80000,0gk9ln,ACTIVE,لنبان,0,False,https://cdn.snapp.express/media/cache/vendor_logo/uploads/images/vendors/logos/default.png,True,False,30,,0.0,VendorListItem
55664,سوپرمارکت دماوند,False,https://cdn.snapp.express/media/cache/vendor_item_cover/uploads/images/vendors/covers/650afb0e8c0e7.jpg,8977,70000,3x2ylw,ACTIVE,مستهلک,503,False,https://cdn.snapp.express/media/cache/vendor_logo/uploads/images/vendors/logos/650afb0e84d0b.png,True,False,30,,8.6,VendorListItem
102431,گندم رکن الدوله (همواره تخفیف),False,https://cdn.snapp.express/media/cache/vendor_item_cover/uploads/images/vendors/covers/618275c0836b2.jpg,3621,80000,0my5vr,ACTIVE,رکن الدوله,195,False,https://cdn.snapp.express/media/cache/vendor_logo/uploads/images/vendors/logos/64342b3a8d27d.png,True,False,30,,8.4,VendorListItem
60374,سوپرمارکت سورنا اسکندری,False,https://cdn.snapp.express/media/cache/vendor_item_cover/uploads/images/vendors/covers/64e4715084658.jpg,14865,70000,097ezn,ACTIVE,FIXME,930,False,https://cdn.snapp.express/media/cache/vendor_logo/uploads/images/vendors/logos/64e36a4fe8c97.png,True,False,30,,8.2,VendorListItem
109559,جانبو هشت بهشت اصفهان (همواره تخفیف),False,https://cdn.snapp.express/media/cache/vendor_item_cover/uploads/images/vendors/covers/61cefc8384d55.png,1038,80000,0rorx1,ACTIVE,شاهزید,41,False,https://cdn.snapp.express/media/cache/vendor_logo/uploads/images/vendors/logos/64342aba32ce7.png,True,False,30,,9.0,VendorListItem
114105,سوپرمارکت لایت,False,,0,70000,pvqer5,ACTIVE,شیخ یوسف,0,False,https://cdn.snapp.express/media/cache/vendor_logo/uploads/images/vendors/logos/669ff1a44a04d.jpg,True,False,30,,0.0,VendorListItem
113686,سوپرمارکت خان مارکت,False,,0,70000,p4z7zn,ACTIVE,شیخ یوسف,6,False,https://cdn.snapp.express/media/cache/vendor_logo/uploads/images/vendors/logos/660d53761f2eb.png,True,False,30,,9.4,VendorListItem
111332,سوپرمارکت فدک,False,https://cdn.snapp.express/media/cache/vendor_item_cover/uploads/images/vendors/covers/62f9e1adecbb1.jpg,1737,85000,0lj2g9,ACTIVE,بهاران,171,False,https://cdn.snapp.express/media/cache/vendor_logo/uploads/images/vendors/logos/668e958b33906.jpg,True,False,30,,7.6,VendorListItem
93820,جانبو میرزا طاهر اصفهان (همواره تخفیف),False,https://cdn.snapp.express/media/cache/vendor_item_cover/uploads/images/vendors/covers/66796aca18c24.png,2912,110000,3kwe8o,ACTIVE,آتشگاه,145,False,https://cdn.snapp.express/media/cache/vendor_logo/uploads/images/vendors/logos/66796aca12251.jpg,True,False,30,,8.26,VendorListItem
109551,جانبو آذر اصفهان (همواره تخفیف),False,https://cdn.snapp.express/media/cache/vendor_item_cover/uploads/images/vendors/covers/61ceb525ba84b.png,1690,80000,3d7jmd,ACTIVE,مستهلک,135,False,https://cdn.snapp.express/media/cache/vendor_logo/uploads/images/vendors/logos/6603de397ceb6.jpg,True,False,30,,9.0,VendorListItem
113168,سوپرمارکت رز مارکت(لاهور),False,https://cdn.snapp.express/media/cache/vendor_item_cover/uploads/images/vendors/covers/658bc8efac09d.jpg,0,70000,3kjo2j,ACTIVE,شاهزید,3,False,https://cdn.snapp.express/media/cache/vendor_logo/uploads/images/vendors/logos/658bc8efa6bc5.png,True,False,30,,8.4,VendorListItem
113835,سوپرمارکت نارسیس,False,,0,70000,0rqy9v,ACTIVE,FIXME,7,False,https://cdn.snapp.express/media/cache/vendor_logo/uploads/images/vendors/logos/6641cce2580c2.png,True,False,30,,0.0,VendorListItem
93760,جانبو رجایی اصفهان (همواره تخفیف),False,https://cdn.snapp.express/media/cache/vendor_item_cover/uploads/images/vendors/covers/66714ce5e31d9.png,5198,80000,poydd8,ACTIVE,جی,328,False,https://cdn.snapp.express/media/cache/vendor_logo/uploads/images/vendors/logos/66714ce5de245.jpg,True,False,30,,8.42,VendorListItem
67141,سوپرمارکت محسن,False,https://cdn.snapp.express/media/cache/vendor_item_cover/uploads/images/vendors/covers/60ab4fdd9a0af.jpg,3077,85000,3eqnjj,ACTIVE,اریسون,251,False,https://cdn.snapp.express/media/cache/vendor_logo/uploads/images/vendors/logos/default.png,True,False,30,,8.2,VendorListItem
112682,دیلی مارکت نبوی منش اصفهان (همواره تخفیف ),False,https://cdn.snapp.express/media/cache/vendor_item_cover/uploads/images/vendors/covers/6516839e37691.jpg,0,90000,pz9vze,ACTIVE,آتشگاه,0,False,https://cdn.snapp.express/media/cache/vendor_logo/uploads/images/vendors/logos/6516839e3135a.jpg,True,False,30,,8.0,VendorListItem
112450,سوپرمارکت پدر سالار,False,https://cdn.snapp.express/media/cache/vendor_item_cover/uploads/images/vendors/covers/64b4f9731fc46.jpg,0,75000,09ew9q,ACTIVE,آتشگاه,39,False,https://cdn.snapp.express/media/cache/vendor_logo/uploads/images/vendors/logos/64b4f97319a83.png,True,False,30,,8.4,VendorListItem
112185,دیلی مارکت خیابان طالقانی اصفهان (همواره تخفیف),False,https://cdn.snapp.express/media/cache/vendor_item_cover/uploads/images/vendors/covers/649aec169780e.jpg,0,90000,p8ev9m,ACTIVE,FIXME,21,False,https://cdn.snapp.express/media/cache/vendor_logo/uploads/images/vendors/logos/65b60f2d50ca2.jpg,True,False,30,,9.0,VendorListItem
113457,سوپرمارکت سفیر,False,https://cdn.snapp.express/media/cache/vendor_item_cover/uploads/images/vendors/covers/65d1c56eac097.jpg,0,70000,0q15jx,ACTIVE,الیادران,2,False,https://cdn.snapp.express/media/cache/vendor_logo/uploads/images/vendors/logos/65d1c56e8d840.png,True,False,30,,8.4,VendorListItem
110900,دیلی مارکت بزرگمهر اصفهان (همواره تخفیف),False,https://cdn.snapp.express/media/cache/vendor_item_cover/uploads/images/vendors/covers/62cd3f0a15270.jpg,433,90000,0wq5g8,ACTIVE,مفتح,53,False,https://cdn.snapp.express/media/cache/vendor_logo/uploads/images/vendors/logos/65b60e2a8fd7e.jpg,True,False,30,,8.8,VendorListItem
52127,سوپرمارکت وزرا,False,https://cdn.snapp.express/media/cache/vendor_item_cover/uploads/images/vendors/covers/60a4f7db7ffb3.jpg,57088,70000,3dgzwx,ACTIVE,مفتح,2630,False,https://cdn.snapp.express/media/cache/vendor_logo/uploads/images/vendors/logos/default.png,True,False,30,,9.0,VendorListItem
112933,دیلی مارکت خیابان جی غربی اصفهان (همواره تخفیف),False,https://cdn.snapp.express/media/cache/vendor_item_cover/uploads/images/vendors/covers/656c676f2946d.jpg,0,90000,0q15y9,ACTIVE,FIXME,11,False,https://cdn.snapp.express/media/cache/vendor_logo/uploads/images/vendors/logos/656c676f1ce76.jpg,True,False,30,,8.2,VendorListItem
109522,سوپرمارکت توت فرنگی,False,https://cdn.snapp.express/media/cache/vendor_item_cover/uploads/images/vendors/covers/61cc0672d3cde.jpg,4095,70000,p5qx9v,ACTIVE,ناربند,324,False,https://cdn.snapp.express/media/cache/vendor_logo/uploads/images/vendors/logos/default.png,True,False,30,,9.0,VendorListItem
72108,سوپرمارکت سپاسگزار,False,https://cdn.snapp.express/media/cache/vendor_item_cover/uploads/images/vendors/covers/60ab44b825c18.jpg,14755,70000,0lmmek,ACTIVE,طوقچی,1350,False,https://cdn.snapp.express/media/cache/vendor_logo/uploads/images/vendors/logos/default.png,True,False,30,,8.6,VendorListItem
113378,دیلی مارکت خیابان پروین اصفهان (همواره تخفیف),False,https://cdn.snapp.express/media/cache/vendor_item_cover/uploads/images/vendors/covers/65c0d34850d4a.jpg,0,90000,p6z7lo,ACTIVE,پروین,6,False,https://cdn.snapp.express/media/cache/vendor_logo/uploads/images/vendors/logos/65c0d34838124.jpg,True,False,30,,8.8,VendorListItem
110645,دیلی مارکت جی اصفهان(همواره تخفیف),False,https://cdn.snapp.express/media/cache/vendor_item_cover/uploads/images/vendors/covers/62a8628c69507.jpg,1979,90000,31zvm4,ACTIVE,اریسون,149,False,https://cdn.snapp.express/media/cache/vendor_logo/uploads/images/vendors/logos/65b60e03be712.jpg,True,False,30,,9.0,VendorListItem
112184,دیلی مارکت خیابان ولیعصر اصفهان (همواره تخفیف),False,https://cdn.snapp.express/media/cache/vendor_item_cover/uploads/images/vendors/covers/649ae4140060f.jpg,0,90000,pojzdj,ACTIVE,FIXME,9,False,https://cdn.snapp.express/media/cache/vendor_logo/uploads/images/vendors/logos/65b60e3a8dda0.jpg,True,False,30,,8.4,VendorListItem
114113,جانبو اصفهان تالار (همواره تخفیف),False,https://cdn.snapp.express/media/cache/vendor_item_cover/uploads/images/vendors/covers/66a0d08bcbba4.png,0,80000,p8edvr,ACTIVE,پروین,0,False,https://cdn.snapp.express/media/cache/vendor_logo/uploads/images/vendors/logos/66a0d08bc91fe.jpg,True,False,30,,0.0,VendorListItem
110903,دیلی مارکت میدان قدسی اصفهان (همواره تخفیف),False,https://cdn.snapp.express/media/cache/vendor_item_cover/uploads/images/vendors/covers/62cd44f1a89b9.jpg,267,90000,3delkx,ACTIVE,پروین,38,False,https://cdn.snapp.express/media/cache/vendor_logo/uploads/images/vendors/logos/65b60ea8d5960.jpg,True,False,30,,8.2,VendorListItem
110907,دیلی مارکت شهیدان اصفهان (همواره تخفیف),False,https://cdn.snapp.express/media/cache/vendor_item_cover/uploads/images/vendors/covers/62cd4ca71cacc.jpg,263,90000,0mjlxz,ACTIVE,بید آباد,31,False,https://cdn.snapp.express/media/cache/vendor_logo/uploads/images/vendors/logos/65b6205a59cf6.jpg,True,False,30,,9.0,VendorListItem
113013,سوپرمارکت رضا,False,https://cdn.snapp.express/media/cache/vendor_item_cover/uploads/images/vendors/covers/655dfc6d9476a.jpg,0,70000,p8e77y,ACTIVE,شهیش آباد,3,False,https://cdn.snapp.express/media/cache/vendor_logo/uploads/images/vendors/logos/655dfc6d8d097.png,True,False,30,,8.8,VendorListItem
110906,دیلی مارکت فروغی اصفهان (همواره تخفیف),False,https://cdn.snapp.express/media/cache/vendor_item_cover/uploads/images/vendors/covers/62cd4a1371558.jpg,508,90000,p6z4ko,ACTIVE,بید آباد,40,False,https://cdn.snapp.express/media/cache/vendor_logo/uploads/images/vendors/logos/65b60e7fe5ee6.jpg,True,False,30,,8.6,VendorListItem
111310,سوپرمارکت هیراد,False,https://cdn.snapp.express/media/cache/vendor_item_cover/uploads/images/vendors/covers/62f2034240f8e.jpg,578,70000,pz9nkj,ACTIVE,پروین,111,False,https://cdn.snapp.express/media/cache/vendor_logo/uploads/images/vendors/logos/default.png,True,False,30,,8.0,VendorListItem
113775,مینو مارت دشتستان اصفهان (همواره تخفیف),False,https://cdn.snapp.express/media/cache/vendor_item_cover/uploads/images/vendors/covers/662e40ff38bac.jpg,0,80000,3derkd,ACTIVE,پروین,0,False,https://cdn.snapp.express/media/cache/vendor_logo/uploads/images/vendors/logos/662e40ff33206.jpg,True,False,30,,0.0,VendorListItem
114104,سوپرمارکت جردن,False,,0,70000,0ygxkg,ACTIVE,FIXME,0,False,https://cdn.snapp.express/media/cache/vendor_logo/uploads/images/vendors/logos/669fe5b1eba1e.jpg,True,False,30,,0.0,VendorListItem
53613,سوپرمارکت ونوس,False,https://cdn.snapp.express/media/cache/vendor_item_cover/uploads/images/vendors/covers/60a4fc912ea22.jpg,36638,70000,p84y5y,ACTIVE,پروین,2005,False,https://cdn.snapp.express/media/cache/vendor_logo/uploads/images/vendors/logos/6682a9c32d0e0.jpg,True,False,30,,9.0,VendorListItem
109560,جانبو سپیده کاشانی اصفهان(همواره تخفیف),False,https://cdn.snapp.express/media/cache/vendor_item_cover/uploads/images/vendors/covers/61cf0539769d5.png,1242,80000,po6lgq,ACTIVE,پروین,77,False,https://cdn.snapp.express/media/cache/vendor_logo/uploads/images/vendors/logos/64342aba32ce7.png,True,False,30,,8.8,VendorListItem
112381,سوپرمارکت هاپیرمارکت باران,False,https://cdn.snapp.express/media/cache/vendor_item_cover/uploads/images/vendors/covers/649fe5b993824.jpg,0,70000,0q1r69,ACTIVE,پروین,63,False,https://cdn.snapp.express/media/cache/vendor_logo/uploads/images/vendors/logos/649fe5b98d97a.png,True,False,30,,9.0,VendorListItem
112187,دیلی مارکت کهندژ اصفهان (همواره تخفیف),False,https://cdn.snapp.express/media/cache/vendor_item_cover/uploads/images/vendors/covers/649aeea3b72fb.jpg,0,90000,0njg9z,ACTIVE,جوی آباد,3,False,https://cdn.snapp.express/media/cache/vendor_logo/uploads/images/vendors/logos/65b60e4bd14b2.jpg,True,False,30,,7.0,VendorListItem
93854,جانبو مولوی اصفهان (همواره تخفیف),False,https://cdn.snapp.express/media/cache/vendor_item_cover/uploads/images/vendors/covers/66431731662ff.png,2667,80000,p6gwen,ACTIVE,مولوی,159,False,https://cdn.snapp.express/media/cache/vendor_logo/uploads/images/vendors/logos/66431731624e2.jpg,True,False,30,,8.91,VendorListItem
73210,سوپرمارکت مارال مارکت,False,https://cdn.snapp.express/media/cache/vendor_item_cover/uploads/images/vendors/covers/60a8a7ece3783.jpg,6176,70000,pzkdeo,ACTIVE,FIXME,410,False,https://cdn.snapp.express/media/cache/vendor_logo/uploads/images/vendors/logos/default.png,True,False,30,,8.8,VendorListItem
112186,دیلی مارکت بلوار مولوی اصفهان (همواره تخفیف),False,https://cdn.snapp.express/media/cache/vendor_item_cover/uploads/images/vendors/covers/64a27cb1bbb3e.jpg,0,90000,p4zrxy,ACTIVE,مولوی,15,False,https://cdn.snapp.express/media/cache/vendor_logo/uploads/images/vendors/logos/65b60e998314c.jpg,True,False,30,,8.4,VendorListItem
113376,سوپرمارکت مارکت لند,False,https://cdn.snapp.express/media/cache/vendor_item_cover/uploads/images/vendors/covers/65c07f4cd2e4c.jpg,0,70000,0ygrny,ACTIVE,تیران,4,False,https://cdn.snapp.express/media/cache/vendor_logo/uploads/images/vendors/logos/65c07f4cc66c5.png,True,False,30,,8.4,VendorListItem
114111,جانبو اصفهان شیخ طوسی 2 (همواره تخفیف),False,https://cdn.snapp.express/media/cache/vendor_item_cover/uploads/images/vendors/covers/66a0cdfbc2b4e.png,0,80000,0rqej9,ACTIVE,بیست و چهار متری,1,False,https://cdn.snapp.express/media/cache/vendor_logo/uploads/images/vendors/logos/66a0cdfbbe5fc.jpg,True,False,30,,0.0,VendorListItem
113540,سوپرمارکت حمید,False,https://cdn.snapp.express/media/cache/vendor_item_cover/uploads/images/vendors/covers/65df25a00d3d3.jpg,0,70000,3xwrj4,ACTIVE,پروین,2,False,https://cdn.snapp.express/media/cache/vendor_logo/uploads/images/vendors/logos/65df259fdb5e2.png,True,False,30,,8.4,VendorListItem
113895,سوپرمارکت لبخند فرووردین,False,,0,70000,32zxv5,ACTIVE,FIXME,0,False,https://cdn.snapp.express/media/cache/vendor_logo/uploads/images/vendors/logos/66602c20e3919.jpg,True,False,30,,0.0,VendorListItem
59974,سوپرمارکت پدرخوانده,False,https://cdn.snapp.express/media/cache/vendor_item_cover/uploads/images/vendors/covers/60a762d595133.jpg,12536,85000,097e6k,ACTIVE,مولوی,744,False,https://cdn.snapp.express/media/cache/vendor_logo/uploads/images/vendors/logos/default.png,True,False,30,,8.4,VendorListItem
113565,سوپرمارکت تاک,False,https://cdn.snapp.express/media/cache/vendor_item_cover/uploads/images/vendors/covers/65e46470089fa.jpg,0,70000,3ee29m,ACTIVE,رباط,7,False,https://cdn.snapp.express/media/cache/vendor_logo/uploads/images/vendors/logos/65e4646fd00cc.png,True,False,30,,7.8,VendorListItem
110644,دیلی مارکت ملت اصفهان(همواره تخفیف),False,https://cdn.snapp.express/media/cache/vendor_item_cover/uploads/images/vendors/covers/629ddaf28b536.jpg,2839,90000,3kjn6o,ACTIVE,کوجان,200,False,https://cdn.snapp.express/media/cache/vendor_logo/uploads/images/vendors/logos/65b60f1b09554.jpg,True,False,30,,8.6,VendorListItem
110901,دیلی مارکت اشراق اصفهان (همواره تخفیف),False,https://cdn.snapp.express/media/cache/vendor_item_cover/uploads/images/vendors/covers/62cd42e1cf6fd.jpg,720,90000,0gkl4q,ACTIVE,اشراق,86,False,https://cdn.snapp.express/media/cache/vendor_logo/uploads/images/vendors/logos/65b60eba56c7e.jpg,True,False,30,,8.4,VendorListItem
113017,سوپرمارکت بیس,False,https://cdn.snapp.express/media/cache/vendor_item_cover/uploads/images/vendors/covers/655e0993d4339.jpg,0,70000,3eeq25,ACTIVE,اشراق,4,False,https://cdn.snapp.express/media/cache/vendor_logo/uploads/images/vendors/logos/655e0993cdf3a.png,True,False,30,,8.2,VendorListItem
113693,سوپرمارکت نیاوران,False,,0,70000,31z4w4,ACTIVE,خانه اصفهان,4,False,https://cdn.snapp.express/media/cache/vendor_logo/uploads/images/vendors/logos/66138f736ac33.png,True,False,30,,8.2,VendorListItem
114048,جانبو تیموری(همواره تخفیف),False,,0,80000,0wq455,ACTIVE,رباط,1,False,https://cdn.snapp.express/media/cache/vendor_logo/uploads/images/vendors/logos/default.png,True,False,30,,0.0,VendorListItem
112542,سوپرمارکت رز مارکت,False,https://cdn.snapp.express/media/cache/vendor_item_cover/uploads/images/vendors/covers/64db187b5207c.jpg,0,70000,37ry69,ACTIVE,جابرانصاری,25,False,https://cdn.snapp.express/media/cache/vendor_logo/uploads/images/vendors/logos/64db187b4849f.png,True,False,30,,8.4,VendorListItem
110641,دیلی مارکت کاوه اصفهان (همواره تخفیف),False,https://cdn.snapp.express/media/cache/vendor_item_cover/uploads/images/vendors/covers/629dd2beb23fc.jpg,2879,90000,3eel65,ACTIVE,FIXME,191,False,https://cdn.snapp.express/media/cache/vendor_logo/uploads/images/vendors/logos/65b6209a317c3.jpg,True,False,30,,8.0,VendorListItem
109544,جانبو اشراق اصفهان (همواره تخفیف),False,https://cdn.snapp.express/media/cache/vendor_item_cover/uploads/images/vendors/covers/61cdc5e20f94d.png,1518,80000,3k9yoj,ACTIVE,اشراق,88,False,https://cdn.snapp.express/media/cache/vendor_logo/uploads/images/vendors/logos/66a0fd2751b3c.jpg,True,False,30,,8.74,VendorListItem
112797,هایپراستار فدک مال اصفهان(همواره تخفیف),False,https://cdn.snapp.express/media/cache/vendor_item_cover/uploads/images/vendors/covers/652e3ebf02c51.jpg,0,80000,0gky7q,ACTIVE,غرضی,28,False,https://cdn.snapp.express/media/cache/vendor_logo/uploads/images/vendors/logos/652e3ebeefddd.png,False,True,30,,8.6,VendorListItem
112629,گندم فلاطوری اصفهان(همواره تخفیف),False,https://cdn.snapp.express/media/cache/vendor_item_cover/uploads/images/vendors/covers/64febd08b745f.png,0,80000,pvqgwd,ACTIVE,برازنده,2,False,https://cdn.snapp.express/media/cache/vendor_logo/uploads/images/vendors/logos/64febde031843.png,True,False,30,,8.0,VendorListItem
112136,گندم برازنده اصفهان (همواره تخفیف),False,https://cdn.snapp.express/media/cache/vendor_item_cover/uploads/images/vendors/covers/64478f9cbc7cb.jpg,0,80000,pojz8j,ACTIVE,برازنده,9,False,https://cdn.snapp.express/media/cache/vendor_logo/uploads/images/vendors/logos/64478f9cb66d5.png,True,False,30,,8.2,VendorListItem
109679,سوپرمارکت توسکا,False,https://cdn.snapp.express/media/cache/vendor_item_cover/uploads/images/vendors/covers/61e576b33682e.jpg,1481,70000,0my65r,ACTIVE,سودان,117,False,https://cdn.snapp.express/media/cache/vendor_logo/uploads/images/vendors/logos/default.png,True,False,30,,8.0,VendorListItem
113467,مینو مارت سیدرضی اصفهان(همواره تخفیف),False,https://cdn.snapp.express/media/cache/vendor_item_cover/uploads/images/vendors/covers/65d20246ac58b.jpg,0,80000,0jj4v9,ACTIVE,FIXME,3,False,https://cdn.snapp.express/media/cache/vendor_logo/uploads/images/vendors/logos/65d202468cca5.jpg,True,False,30,,9.2,VendorListItem
113558,سوپرمارکت دام دوشان,False,,0,70000,pz9kvw,ACTIVE,خانه اصفهان,4,False,https://cdn.snapp.express/media/cache/vendor_logo/uploads/images/vendors/logos/65e438cd91ba7.png,True,False,30,,7.4,VendorListItem
113893,دیلی مارکت بهارستان ملک شهر اصفهان(همواره تخفیف),False,https://cdn.snapp.express/media/cache/vendor_item_cover/uploads/images/vendors/covers/666017098f900.jpg,0,90000,31z4yk,ACTIVE,مارچین,0,False,https://cdn.snapp.express/media/cache/vendor_logo/uploads/images/vendors/logos/6660170989c4b.jpg,True,False,30,,0.0,VendorListItem
110691,سوپرمارکت سروش,False,https://cdn.snapp.express/media/cache/vendor_item_cover/uploads/images/vendors/covers/62a0642a94e26.jpg,2032,70000,0jje4r,ACTIVE,خانه اصفهان,274,False,https://cdn.snapp.express/media/cache/vendor_logo/uploads/images/vendors/logos/default.png,True,False,30,,8.6,VendorListItem
112939,سوپرمارکت رز (خانه اصفهان),False,https://cdn.snapp.express/media/cache/vendor_item_cover/uploads/images/vendors/covers/6547654c3835b.jpg,0,70000,0njqn6,ACTIVE,خانه اصفهان,7,False,https://cdn.snapp.express/media/cache/vendor_logo/uploads/images/vendors/logos/6547654c32a2c.png,True,False,30,,8.2,VendorListItem
111475,وال مارکت بهارستان اصفهان (همواره تخفیف),False,https://cdn.snapp.express/media/cache/vendor_item_cover/uploads/images/vendors/covers/6321c9d83ab0b.jpg,2348,90000,3deqkn,ACTIVE,نگارستان,193,False,https://cdn.snapp.express/media/cache/vendor_logo/uploads/images/vendors/logos/64342de96b47f.png,True,False,30,,9.0,VendorListItem
112936,دیلی مارکت خیابان برازنده اصفهان (همواره تخفیف),False,https://cdn.snapp.express/media/cache/vendor_item_cover/uploads/images/vendors/covers/654649e418533.jpg,0,90000,pojo98,ACTIVE,برازنده,4,False,https://cdn.snapp.express/media/cache/vendor_logo/uploads/images/vendors/logos/654649e4130ec.jpg,True,False,30,,8.6,VendorListItem
61018,سوپرمارکت ایران 13,False,https://cdn.snapp.express/media/cache/vendor_item_cover/uploads/images/vendors/covers/60a77506df23e.jpg,44840,70000,37562m,ACTIVE,نگارستان,2461,False,https://cdn.snapp.express/media/cache/vendor_logo/uploads/images/vendors/logos/default.png,True,False,30,,8.4,VendorListItem
93848,جانبو گلستان اصفهان (همواره تخفیف),False,https://cdn.snapp.express/media/cache/vendor_item_cover/uploads/images/vendors/covers/61534bf8b84a1.png,5776,80000,0w4rxq,ACTIVE,FIXME,380,False,https://cdn.snapp.express/media/cache/vendor_logo/uploads/images/vendors/logos/64342aba32ce7.png,True,False,30,,8.6,VendorListItem
113694,سوپرمارکت آتش,False,,0,70000,p5z5yw,ACTIVE,غرضی,3,False,https://cdn.snapp.express/media/cache/vendor_logo/uploads/images/vendors/logos/661392763b555.png,True,False,30,,7.8,VendorListItem
112454,سوپرمارکت پریا,False,https://cdn.snapp.express/media/cache/vendor_item_cover/uploads/images/vendors/covers/64b525b7e9b59.jpg,0,70000,p6zj2n,ACTIVE,نگارستان,82,False,https://cdn.snapp.express/media/cache/vendor_logo/uploads/images/vendors/logos/64b525b7e42df.png,True,False,30,,9.2,VendorListItem
110642,دیلی مارکت پرستار اصفهان(همواره تخفیف),False,https://cdn.snapp.express/media/cache/vendor_item_cover/uploads/images/vendors/covers/629dd57487204.jpg,1241,90000,37r4xx,ACTIVE,غرضی,114,False,https://cdn.snapp.express/media/cache/vendor_logo/uploads/images/vendors/logos/65b60ee74f224.jpg,True,False,30,,8.6,VendorListItem
114107,جانبو اصفهان پرستار (همواره تخفیف),False,https://cdn.snapp.express/media/cache/vendor_item_cover/uploads/images/vendors/covers/66a0c97fbfc1c.png,0,80000,0mj9wq,ACTIVE,غرضی,0,False,https://cdn.snapp.express/media/cache/vendor_logo/uploads/images/vendors/logos/66a0c97fbcafd.jpg,True,False,30,,0.0,VendorListItem
113711,سوپرمارکت ارزان سرای پارسیان,False,,0,70000,0rqyn1,ACTIVE,ملک شهر,6,False,https://cdn.snapp.express/media/cache/vendor_logo/uploads/images/vendors/logos/66152b6720189.png,True,False,30,,8.8,VendorListItem
114112,جانبو اصفهان رباط3 (همواره تخفیف),False,https://cdn.snapp.express/media/cache/vendor_item_cover/uploads/images/vendors/covers/66a0cf4481c1d.png,0,80000,pojyz8,ACTIVE,نگارستان,0,False,https://cdn.snapp.express/media/cache/vendor_logo/uploads/images/vendors/logos/66a0cf447f29f.jpg,True,False,30,,0.0,VendorListItem
112593,سوپرمارکت عسکری,False,https://cdn.snapp.express/media/cache/vendor_item_cover/uploads/images/vendors/covers/64edaf63aa016.jpg,0,70000,31zlew,ACTIVE,FIXME,7,False,https://cdn.snapp.express/media/cache/vendor_logo/uploads/images/vendors/logos/64edaf63a1d88.png,True,False,30,,8.8,VendorListItem
113500,سوپرمارکت رامتین,False,https://cdn.snapp.express/media/cache/vendor_item_cover/uploads/images/vendors/covers/65d4732d0ce31.jpg,0,70000,0wq1dz,ACTIVE,غرضی,2,False,https://cdn.snapp.express/media/cache/vendor_logo/uploads/images/vendors/logos/65d4732cec0b5.png,True,False,30,,9.0,VendorListItem
114013,سوپرمارکت آروین,False,,0,70000,p8egj2,ACTIVE,غرضی,1,False,https://cdn.snapp.express/media/cache/vendor_logo/uploads/images/vendors/logos/668d1af614fcd.jpg,True,False,30,,0.0,VendorListItem
110725,دیلی مارکت ملک شهر(همواره تخفیف),False,https://cdn.snapp.express/media/cache/vendor_item_cover/uploads/images/vendors/covers/62b09937a5d15.jpg,1092,90000,0gklrx,ACTIVE,ملک شهر,64,False,https://cdn.snapp.express/media/cache/vendor_logo/uploads/images/vendors/logos/65b6207a61dc7.jpg,True,False,30,,8.6,VendorListItem
110643,دیلی مارکت 17شهریور اصفهان(همواره تخفیف),False,https://cdn.snapp.express/media/cache/vendor_item_cover/uploads/images/vendors/covers/629dd678b4dd6.jpg,1338,90000,0jjenr,ACTIVE,ملک شهر,85,False,https://cdn.snapp.express/media/cache/vendor_logo/uploads/images/vendors/logos/65b6206a1efbd.jpg,True,False,30,,8.4,VendorListItem
109543,جانبو باقرحکیم (همواره تخفیف),False,https://cdn.snapp.express/media/cache/vendor_item_cover/uploads/images/vendors/covers/61cdbbf01f276.png,1958,80000,0jgd4g,ACTIVE,نگین,114,False,https://cdn.snapp.express/media/cache/vendor_logo/uploads/images/vendors/logos/65e71256a4b08.jpg,True,False,30,,8.4,VendorListItem
93101,سوپرمارکت شادمهر,False,https://cdn.snapp.express/media/cache/vendor_item_cover/uploads/images/vendors/covers/614ed24f3e0f3.jpg,4993,70000,0g9m6r,ACTIVE,مخابرات,328,False,https://cdn.snapp.express/media/cache/vendor_logo/uploads/images/vendors/logos/default.png,True,False,30,,8.4,VendorListItem
113240,سوپرمارکت هستی,False,https://cdn.snapp.express/media/cache/vendor_item_cover/uploads/images/vendors/covers/659933ddf25cb.jpg,0,70000,3xw27w,ACTIVE,امام علی,10,False,https://cdn.snapp.express/media/cache/vendor_logo/uploads/images/vendors/logos/659933ddebdfe.png,True,False,30,,7.2,VendorListItem
113832,سوپرمارکت ماکان (اسلامشهر),False,,0,70000,0ljmrn,ACTIVE,شهرک قائمیه,0,False,https://cdn.snapp.express/media/cache/vendor_logo/uploads/images/vendors/logos/6640d10523c44.png,True,False,30,,0.0,VendorListItem
111988,دیلی مارکت خیابان مصطفوی (همواره تخفیف),False,https://cdn.snapp.express/media/cache/vendor_item_cover/uploads/images/vendors/covers/63c3fd02b524f.jpg,0,100000,3xwjk2,ACTIVE,کهریزک,0,False,https://cdn.snapp.express/media/cache/vendor_logo/uploads/images/vendors/logos/65b75e6d4b635.jpg,True,False,45,,0.0,VendorListItem
113814,فروشگاه هفت قایمیه اسلامشهر (همواره تخفیف),False,https://cdn.snapp.express/media/cache/vendor_item_cover/uploads/images/vendors/covers/663f23b1e25fc.jpeg,0,80000,p4z75j,ACTIVE,کوی فدک,3,False,https://cdn.snapp.express/media/cache/vendor_logo/uploads/images/vendors/logos/663f23b1de085.jfif,True,False,30,,0.0,VendorListItem
113060,دیلی مارکت میهن اسلامشهر (همواره تخفیف),False,https://cdn.snapp.express/media/cache/vendor_item_cover/uploads/images/vendors/covers/65756bf3aa43c.jpg,0,90000,pojoyv,ACTIVE,سالور,0,False,https://cdn.snapp.express/media/cache/vendor_logo/uploads/images/vendors/logos/65756bf3a4d9d.jpg,True,False,30,,8.8,VendorListItem
111289,سوپرمارکت سورنا 2124 دل مارکت (اسلامشهر),False,https://cdn.snapp.express/media/cache/vendor_item_cover/uploads/images/vendors/covers/62e76519e7165.jpg,0,70000,3ee525,ACTIVE,مهدیه,4,False,https://cdn.snapp.express/media/cache/vendor_logo/uploads/images/vendors/logos/default.png,True,False,30,,0.0,VendorListItem
111084,فروشگاه هفت مطهری اسلامشهر (همواره تخفیف),False,https://cdn.snapp.express/media/cache/vendor_item_cover/uploads/images/vendors/covers/62d7f60a272de.jfif,56,80000,pojqvk,ACTIVE,مطهری,28,False,https://cdn.snapp.express/media/cache/vendor_logo/uploads/images/vendors/logos/64342a4c8225c.png,True,False,30,,8.8,VendorListItem
112828,دیلی مارکت امام خمینی اسلامشهر (همواره تخفیف),False,https://cdn.snapp.express/media/cache/vendor_item_cover/uploads/images/vendors/covers/653cebecd1518.jpg,0,90000,0ygv6r,ACTIVE,امام موسی کاظم ,8,False,https://cdn.snapp.express/media/cache/vendor_logo/uploads/images/vendors/logos/653cebecc9cd3.jpg,True,False,45,,9.4,VendorListItem
113787,دیلی مارکت بهارستان نسیم شهر (همواره تخفیف),False,https://cdn.snapp.express/media/cache/vendor_item_cover/uploads/images/vendors/covers/662f4ec286163.jpg,0,80000,0njw1r,ACTIVE,نسیم شهر,4,False,https://cdn.snapp.express/media/cache/vendor_logo/uploads/images/vendors/logos/662f4ec281fe5.jpg,True,False,30,,0.0,VendorListItem
111528,فروشگاه هفت نسیم شهر(همواره تخفیف),False,https://cdn.snapp.express/media/cache/vendor_item_cover/uploads/images/vendors/covers/631ee65a38c31.jpeg,48,85000,0yg1qy,ACTIVE,نسیم شهر,5,False,https://cdn.snapp.express/media/cache/vendor_logo/uploads/images/vendors/logos/64342a4c8225c.png,True,False,30,,7.8,VendorListItem
112817,دیلی مارکت بلوار فارسیان چهاردانگه (همواره تخفیف),False,https://cdn.snapp.express/media/cache/vendor_item_cover/uploads/images/vendors/covers/653511bda9534.jpg,0,100000,3ee9nv,ACTIVE,چهاردانگه,0,False,https://cdn.snapp.express/media/cache/vendor_logo/uploads/images/vendors/logos/653511bda2a66.jpg,True,False,45,,9.0,VendorListItem
112818,دیلی مارکت چهاردانگه گلشهر (همواره تخفیف),False,https://cdn.snapp.express/media/cache/vendor_item_cover/uploads/images/vendors/covers/653515fee0049.jpg,0,100000,37ryqg,ACTIVE,قاسم آباد خشک,0,False,https://cdn.snapp.express/media/cache/vendor_logo/uploads/images/vendors/logos/653515feda7ec.jpg,True,False,45,,7.2,VendorListItem
112485,گندم یافت آباد2 تهران (همواره تخفیف),False,https://cdn.snapp.express/media/cache/vendor_item_cover/uploads/images/vendors/covers/64bfd68f4b10a.jpg,0,80000,p8e4dy,ACTIVE,يافت آباد جنوبی,8,False,https://cdn.snapp.express/media/cache/vendor_logo/uploads/images/vendors/logos/64bfd68f43bff.png,True,False,45,,6.8,VendorListItem
113482,سوپرمارکت ارزان سرای فضلی (یافت اباد),False,https://cdn.snapp.express/media/cache/vendor_item_cover/uploads/images/vendors/covers/65d307670d035.jpg,0,70000,pz9k6o,ACTIVE,یافت اباد شمالی,0,False,https://cdn.snapp.express/media/cache/vendor_logo/uploads/images/vendors/logos/65d30766f12b3.png,True,False,45,,6.8,VendorListItem
113257,عمده فروشی پکمارت,False,,0,300000,0q15gy,ACTIVE,هاشمی,3,True,https://cdn.snapp.express/media/cache/vendor_logo/uploads/images/vendors/logos/662df1a1cdc32.png,True,False,180,,8.2,VendorListItem
114058,جانبوشمالی الغدیر(همواره تخفیف),False,,0,80000,pz916o,ACTIVE,امام خمینی,1,False,https://cdn.snapp.express/media/cache/vendor_logo/uploads/images/vendors/logos/default.png,True,False,45,,0.0,VendorListItem
109778,سوپرمارکت خانواده (شاد آباد),False,https://cdn.snapp.express/media/cache/vendor_item_cover/uploads/images/vendors/covers/61f9267a4735e.jpg,1818,70000,p6reno,ACTIVE,شمس آباد,208,False,https://cdn.snapp.express/media/cache/vendor_logo/uploads/images/vendors/logos/default.png,True,False,45,,8.0,VendorListItem
110707,سوپرمارکت بهاران (شهرک خلیج فارس),False,https://cdn.snapp.express/media/cache/vendor_item_cover/uploads/images/vendors/covers/62a81dc201f70.jpg,608,75000,0mjl1v,ACTIVE,خلیج فارس جنوبی,52,False,https://cdn.snapp.express/media/cache/vendor_logo/uploads/images/vendors/logos/default.png,True,False,45,,8.2,VendorListItem
112548,دیلی مارکت شادآباد تهران (همواره تخفیف),False,https://cdn.snapp.express/media/cache/vendor_item_cover/uploads/images/vendors/covers/64e1c56f8eea0.jpg,0,100000,0wq9jg,ACTIVE,هفده شهريور,8,False,https://cdn.snapp.express/media/cache/vendor_logo/uploads/images/vendors/logos/65b61dea7773b.jpg,True,False,45,,9.2,VendorListItem
109783,جانبو شادآباد (همواره تخفیف),False,https://cdn.snapp.express/media/cache/vendor_item_cover/uploads/images/vendors/covers/61fa3399e6212.png,0,80000,0ror7o,ACTIVE,هفده شهريور,0,False,https://cdn.snapp.express/media/cache/vendor_logo/uploads/images/vendors/logos/66a0fcb659993.jpg,True,False,45,,0.0,VendorListItem
110808,سوپرمارکت مسعود,False,https://cdn.snapp.express/media/cache/vendor_item_cover/uploads/images/vendors/covers/62c165a6f01e0.jpg,1053,100000,0ljn5n,ACTIVE,کاشانی,104,False,https://cdn.snapp.express/media/cache/vendor_logo/uploads/images/vendors/logos/default.png,True,False,30,,6.2,VendorListItem
112480,سوپرمارکت هایپر ایرانیک,False,https://cdn.snapp.express/media/cache/vendor_item_cover/uploads/images/vendors/covers/64be3948b000c.jpg,0,100000,0lj8gz,ACTIVE,رسالت,21,False,https://cdn.snapp.express/media/cache/vendor_logo/uploads/images/vendors/logos/64be3948a7aae.png,True,False,30,,8.0,VendorListItem
112105,فروشگاه هفت گرگان امام خمینی(همواره تخفیف),False,https://cdn.snapp.express/media/cache/vendor_item_cover/uploads/images/vendors/covers/64e3189c22b1b.png,0,80000,pvqr2x,ACTIVE,جمهوری,2,False,https://cdn.snapp.express/media/cache/vendor_logo/uploads/images/vendors/logos/64e3189c1629c.png,True,False,30,,7.8,VendorListItem
111076,فروشگاه هفت دادگاه انقلاب گرگان(همواره تخفیف ),False,https://cdn.snapp.express/media/cache/vendor_item_cover/uploads/images/vendors/covers/62d7e5fc93071.jfif,99,80000,0ygynr,ACTIVE,امام رضا,17,False,https://cdn.snapp.express/media/cache/vendor_logo/uploads/images/vendors/logos/None,True,False,30,,7.29,VendorListItem
110057,جانبو عمار همدان (همواره تخفیف),False,https://cdn.snapp.express/media/cache/vendor_item_cover/uploads/images/vendors/covers/6212678b9f60a.png,434,150000,0qljyw,ACTIVE,کوچه مشکی,19,False,https://cdn.snapp.express/media/cache/vendor_logo/uploads/images/vendors/logos/64342aba32ce7.png,True,False,30,,8.8,VendorListItem
112414,سوپرمارکت هایپر شهر,False,https://cdn.snapp.express/media/cache/vendor_item_cover/uploads/images/vendors/covers/64a91496a1a62.jpg,0,70000,p4zggn,ACTIVE,اعتمادیه,42,False,https://cdn.snapp.express/media/cache/vendor_logo/uploads/images/vendors/logos/64a914969c306.png,True,False,30,,0.0,VendorListItem
113757,سوپرمارکت هایپر نیلا,False,,0,70000,0q1d82,ACTIVE,استادان,7,False,https://cdn.snapp.express/media/cache/vendor_logo/uploads/images/vendors/logos/662757cddc6fa.png,True,False,30,,0.0,VendorListItem
112949,دیلی مارکت سعیدیه جنوبی همدان (همواره تخفیف),False,https://cdn.snapp.express/media/cache/vendor_item_cover/uploads/images/vendors/covers/65b60fa7744d1.jpg,0,90000,0gkgor,ACTIVE,سعیدیه,12,False,https://cdn.snapp.express/media/cache/vendor_logo/uploads/images/vendors/logos/65b60fa75d748.jpg,True,False,30,,9.0,VendorListItem
110059,جانبو نایب همدان (همواره تخفیف),False,https://cdn.snapp.express/media/cache/vendor_item_cover/uploads/images/vendors/covers/6212719ebc562.png,812,200000,0ro15z,ACTIVE,مزدقینه,47,False,https://cdn.snapp.express/media/cache/vendor_logo/uploads/images/vendors/logos/664323f001878.jpg,True,False,30,,8.0,VendorListItem
110957,دیلی مارکت فرهنگ همدان (همواره تخفیف),False,https://cdn.snapp.express/media/cache/vendor_item_cover/uploads/images/vendors/covers/62cd57e25a74d.jpg,541,100000,0q1ogd,ACTIVE,شهناز,59,False,https://cdn.snapp.express/media/cache/vendor_logo/uploads/images/vendors/logos/65b61002b5794.jpg,True,False,30,,8.2,VendorListItem
110954,دیلی مارکت هنرستان همدان(همواره تخفیف),False,https://cdn.snapp.express/media/cache/vendor_item_cover/uploads/images/vendors/covers/62cd5be1c70a6.jpg,353,90000,p6z41o,ACTIVE,سعیدیه,28,False,https://cdn.snapp.express/media/cache/vendor_logo/uploads/images/vendors/logos/65b620ac306e0.jpg,True,False,30,,8.4,VendorListItem
111157,فروشگاه هفت آزاد غربی همدان (همواره تخفیف),False,https://cdn.snapp.express/media/cache/vendor_item_cover/uploads/images/vendors/covers/62e91a6166deb.jpeg,901,80000,0q1oj9,ACTIVE,شهناز,76,False,https://cdn.snapp.express/media/cache/vendor_logo/uploads/images/vendors/logos/64342a4c8225c.png,True,False,30,,8.8,VendorListItem
110953,دیلی مارکت شکریه همدان(همواره تخفیف),False,https://cdn.snapp.express/media/cache/vendor_item_cover/uploads/images/vendors/covers/62cd5cfc4fc3f.jpg,184,90000,pvq92x,ACTIVE,هنرستان,16,False,https://cdn.snapp.express/media/cache/vendor_logo/uploads/images/vendors/logos/65b60ff355f56.jpg,True,False,30,,8.6,VendorListItem
113804,سوپرمارکت نواب,False,,0,70000,0ygjzn,ACTIVE,شهناز,3,False,https://cdn.snapp.express/media/cache/vendor_logo/uploads/images/vendors/logos/66388995bc8df.png,True,False,30,,0.0,VendorListItem
110058,جانبو الغدیر همدان (همواره تخفیف),False,https://cdn.snapp.express/media/cache/vendor_item_cover/uploads/images/vendors/covers/62126de3d6759.png,1099,200000,pzd4n2,ACTIVE,مزدقینه,59,False,https://cdn.snapp.express/media/cache/vendor_logo/uploads/images/vendors/logos/66432936ef407.jpg,True,False,30,,9.0,VendorListItem
108124,سوپرمارکت بابانظر,False,https://cdn.snapp.express/media/cache/vendor_item_cover/uploads/images/vendors/covers/619a54cfcf6da.jpg,4555,70000,0wwn6z,ACTIVE,FIXME,242,False,https://cdn.snapp.express/media/cache/vendor_logo/uploads/images/vendors/logos/default.png,True,False,30,,8.4,VendorListItem
110627,دیلی مارکت شاهد همدان (همواره تخفیف),False,https://cdn.snapp.express/media/cache/vendor_item_cover/uploads/images/vendors/covers/629da49e6bb13.jpg,1198,100000,3delqw,ACTIVE,شاهد,84,False,https://cdn.snapp.express/media/cache/vendor_logo/uploads/images/vendors/logos/65b6104912b26.jpg,True,False,30,,8.6,VendorListItem
110955,دیلی مارکت مهدیه همدان (همواره تخفیف),False,https://cdn.snapp.express/media/cache/vendor_item_cover/uploads/images/vendors/covers/62cd5b15c5eab.jpg,297,100000,0mjloz,ACTIVE,جوادیه,48,False,https://cdn.snapp.express/media/cache/vendor_logo/uploads/images/vendors/logos/65b6101f488a2.jpg,True,False,30,,8.2,VendorListItem
112059,گندم مزدقینه همدان (همواره تخفیف),False,https://cdn.snapp.express/media/cache/vendor_item_cover/uploads/images/vendors/covers/63fb170be60dd.jpg,0,100000,0rqjdv,ACTIVE,مزدقینه,7,False,https://cdn.snapp.express/media/cache/vendor_logo/uploads/images/vendors/logos/64342b3a8d27d.png,True,False,30,,0.0,VendorListItem
110956,دیلی مارکت حق گویان همدان(همواره تخفیف),False,https://cdn.snapp.express/media/cache/vendor_item_cover/uploads/images/vendors/covers/62cd59cd45d9d.jpg,312,90000,0ljnre,ACTIVE,جوادیه,34,False,https://cdn.snapp.express/media/cache/vendor_logo/uploads/images/vendors/logos/65b6102bad093.jpg,True,False,30,,8.6,VendorListItem
113314,سوپرمارکت آفتاب,False,https://cdn.snapp.express/media/cache/vendor_item_cover/uploads/images/vendors/covers/65af74a734938.jpg,0,70000,p4z2my,ACTIVE,سبدبافان,6,False,https://cdn.snapp.express/media/cache/vendor_logo/uploads/images/vendors/logos/65af74a71ccc2.png,True,False,30,,8.4,VendorListItem
110628,دیلی مارکت تختی همدان (همواره تخفیف),False,https://cdn.snapp.express/media/cache/vendor_item_cover/uploads/images/vendors/covers/629da56847c4c.jpg,1477,90000,0ygy1d,ACTIVE,تپه مصلی,103,False,https://cdn.snapp.express/media/cache/vendor_logo/uploads/images/vendors/logos/65b620b862509.jpg,True,False,30,,8.36,VendorListItem
113172,سوپرمارکت علاالدین یک,False,https://cdn.snapp.express/media/cache/vendor_item_cover/uploads/images/vendors/covers/658ffb4f21593.jpg,0,70000,0wqzkg,ACTIVE,جوادیه,2,False,https://cdn.snapp.express/media/cache/vendor_logo/uploads/images/vendors/logos/658ffb4f1bbda.png,True,False,30,,7.4,VendorListItem
112305,دیلی مارکت خیابان زمانی همدان (همواره تخفیف),False,https://cdn.snapp.express/media/cache/vendor_item_cover/uploads/images/vendors/covers/64857ea5ab510.jpg,0,90000,pvqr65,ACTIVE,جوادیه,10,False,https://cdn.snapp.express/media/cache/vendor_logo/uploads/images/vendors/logos/64857ea5a47d1.jpg,True,False,30,,9.0,VendorListItem
112304,دیلی مارکت بلوار کاشانی همدان (همواره تخفیف),False,https://cdn.snapp.express/media/cache/vendor_item_cover/uploads/images/vendors/covers/64857c90bfda4.jpg,0,100000,0ygkog,ACTIVE,سبدبافان,10,False,https://cdn.snapp.express/media/cache/vendor_logo/uploads/images/vendors/logos/64857c90b86b0.jpg,True,False,30,,8.8,VendorListItem
113251,گندم پاسداران همدان(همواره تخفیف),False,https://cdn.snapp.express/media/cache/vendor_item_cover/uploads/images/vendors/covers/659ab537751e2.png,0,80000,3dem1n,ACTIVE,سبدبافان,0,False,https://cdn.snapp.express/media/cache/vendor_logo/uploads/images/vendors/logos/659ab537700be.png,True,False,30,,0.0,VendorListItem
111154,فروشگاه هفت تختی همدان (همواره تخفیف),False,https://cdn.snapp.express/media/cache/vendor_item_cover/uploads/images/vendors/covers/62e90a743607e.jpeg,655,80000,p6z4x6,ACTIVE,تپه مصلی,57,False,https://cdn.snapp.express/media/cache/vendor_logo/uploads/images/vendors/logos/64342a4c8225c.png,True,False,30,,8.6,VendorListItem
112960,سوپرمارکت خانواده,False,https://cdn.snapp.express/media/cache/vendor_item_cover/uploads/images/vendors/covers/654f2142d279a.jpg,0,70000,pojoz8,ACTIVE,شهرک مدرس,1,False,https://cdn.snapp.express/media/cache/vendor_logo/uploads/images/vendors/logos/654f2142cd1c6.png,True,False,30,,8.2,VendorListItem
112948,دیلی مارکت خیابان پاسداران همدان (همواره تخفیف),False,https://cdn.snapp.express/media/cache/vendor_item_cover/uploads/images/vendors/covers/65b60fb7ecb62.jpg,0,90000,0wqzez,ACTIVE,سبدبافان,3,False,https://cdn.snapp.express/media/cache/vendor_logo/uploads/images/vendors/logos/65b60fb7b9ef8.jpg,True,False,30,,9.0,VendorListItem
94884,جانبو شاه حسینی (همواره تخفیف),False,https://cdn.snapp.express/media/cache/vendor_item_cover/uploads/images/vendors/covers/66714d45ca413.png,3069,150000,poyv2k,ACTIVE,ششصددستگاه,149,False,https://cdn.snapp.express/media/cache/vendor_logo/uploads/images/vendors/logos/66714d45c7673.jpg,True,False,30,,8.91,VendorListItem
110060,جانبو حصار همدان (همواره تخفیف),False,https://cdn.snapp.express/media/cache/vendor_item_cover/uploads/images/vendors/covers/621275521e700.png,1026,200000,po6n9v,ACTIVE,اسلامشهر,46,False,https://cdn.snapp.express/media/cache/vendor_logo/uploads/images/vendors/logos/64342aba32ce7.png,True,False,30,,9.2,VendorListItem
112501,گندم اسلامشهر همدان(همواره تخفیف),False,https://cdn.snapp.express/media/cache/vendor_item_cover/uploads/images/vendors/covers/64c66e212251d.png,0,90000,0gkyzx,ACTIVE,اسلامشهر,7,False,https://cdn.snapp.express/media/cache/vendor_logo/uploads/images/vendors/logos/64c66e211c4a5.png,True,False,30,,0.0,VendorListItem
112022,فروشگاه هفت مدنی همدان (همواره تخفیف),False,https://cdn.snapp.express/media/cache/vendor_item_cover/uploads/images/vendors/covers/63d7b752e7f8c.jfif,0,85000,p5zj7n,ACTIVE,توحید,10,False,https://cdn.snapp.express/media/cache/vendor_logo/uploads/images/vendors/logos/64342a4c8225c.png,True,False,30,,8.4,VendorListItem
111931,فروشگاه هفت فرهنگیان همدان(همواره تخفیف),False,https://cdn.snapp.express/media/cache/vendor_item_cover/uploads/images/vendors/covers/63f2305431153.png,110,85000,0mjwyv,ACTIVE,فرهنگیان,30,False,https://cdn.snapp.express/media/cache/vendor_logo/uploads/images/vendors/logos/64342a4c8225c.png,True,False,30,,9.4,VendorListItem
110256,گندم بهنامجو(همواره تخفیف),False,https://cdn.snapp.express/media/cache/vendor_item_cover/uploads/images/vendors/covers/62246c186aeab.jpg,0,90000,0ldq1n,ACTIVE,فرهنگیان,3,False,https://cdn.snapp.express/media/cache/vendor_logo/uploads/images/vendors/logos/64342b3a8d27d.png,True,False,30,,8.4,VendorListItem
112534,سوپرمارکت حیدری,False,https://cdn.snapp.express/media/cache/vendor_item_cover/uploads/images/vendors/covers/64d34dbb78fb5.jpg,0,70000,pz9v9j,ACTIVE,توحید,1,False,https://cdn.snapp.express/media/cache/vendor_logo/uploads/images/vendors/logos/64d34dbb7262d.png,True,False,30,,0.0,VendorListItem
113801,سوپرمارکت سماواتی,False,,0,70000,0gkrxm,ACTIVE,فرهنگیان,0,False,https://cdn.snapp.express/media/cache/vendor_logo/uploads/images/vendors/logos/663246cb18b9c.png,True,False,30,,0.0,VendorListItem
113910,دیلی مارکت قریشی فردیس کرج(همواره تخفیف),False,https://cdn.snapp.express/media/cache/vendor_item_cover/uploads/images/vendors/covers/6665757330db7.jpg,0,90000,pz9k21,ACTIVE,فردیس,1,False,https://cdn.snapp.express/media/cache/vendor_logo/uploads/images/vendors/logos/666575732ac3b.jpg,True,False,30,,0.0,VendorListItem
55456,سوپرمارکت صالحان (فردیس فلکه سوم),False,https://cdn.snapp.express/media/cache/vendor_item_cover/uploads/images/vendors/covers/60a5011c490b6.jpg,58722,70000,0lengz,ACTIVE,فردیس,3390,False,https://cdn.snapp.express/media/cache/vendor_logo/uploads/images/vendors/logos/default.png,True,False,30,,9.0,VendorListItem
113301,سوپرمارکت پروتیین فردیس,False,,0,70000,0gkgvq,ACTIVE,فردیس,11,False,https://cdn.snapp.express/media/cache/vendor_logo/uploads/images/vendors/logos/default.png,True,False,30,,8.4,VendorListItem
112218,دیلی مارکت خیابان امام حسن فردیس (همواره تخفیف),False,https://cdn.snapp.express/media/cache/vendor_item_cover/uploads/images/vendors/covers/64a99f81ab31c.jpg,0,90000,37rxlg,ACTIVE,فردیس,15,False,https://cdn.snapp.express/media/cache/vendor_logo/uploads/images/vendors/logos/65b611c3719bd.jpg,True,False,30,,8.0,VendorListItem
113995,گندم فردیس بهاران البرز(همواره تخفیف),False,https://cdn.snapp.express/media/cache/vendor_item_cover/uploads/images/vendors/covers/6683c474105f7.png,0,80000,32zxjd,ACTIVE,فردیس,0,False,https://cdn.snapp.express/media/cache/vendor_logo/uploads/images/vendors/logos/6683c4740db14.png,True,False,30,,0.0,VendorListItem
113589,مینو مارت بهاران فردیس (همواره تخفیف),False,https://cdn.snapp.express/media/cache/vendor_item_cover/uploads/images/vendors/covers/65ec25d41ac77.jpg,0,80000,3ee2qm,ACTIVE,فردیس,0,False,https://cdn.snapp.express/media/cache/vendor_logo/uploads/images/vendors/logos/65ec25d3e793a.jpg,True,False,30,,8.4,VendorListItem
72535,سوپرمارکت پارسیان,False,https://cdn.snapp.express/media/cache/vendor_item_cover/uploads/images/vendors/covers/60ab43e8b9f09.jpg,4129,70000,0ryyro,ACTIVE,فردیس,335,False,https://cdn.snapp.express/media/cache/vendor_logo/uploads/images/vendors/logos/default.png,True,False,30,,9.0,VendorListItem
113588,مینو مارت قریشی فردیس (همواره تخفیف),False,https://cdn.snapp.express/media/cache/vendor_item_cover/uploads/images/vendors/covers/65ec1ef522412.jpg,0,80000,3xwr24,ACTIVE,فردیس,2,False,https://cdn.snapp.express/media/cache/vendor_logo/uploads/images/vendors/logos/65ec1ef506b6f.jpg,True,False,30,,8.0,VendorListItem
77132,سوپرمارکت بوستان,False,https://cdn.snapp.express/media/cache/vendor_item_cover/uploads/images/vendors/covers/60d2d05541d20.jpg,5689,70000,0lmx49,ACTIVE,فردیس,359,False,https://cdn.snapp.express/media/cache/vendor_logo/uploads/images/vendors/logos/default.png,True,False,30,,8.8,VendorListItem
112352,گندم فردیس کرج(همواره تخفیف),False,https://cdn.snapp.express/media/cache/vendor_item_cover/uploads/images/vendors/covers/6491aeefd0ec2.png,0,80000,0ygv1g,ACTIVE,فردیس,2,False,https://cdn.snapp.express/media/cache/vendor_logo/uploads/images/vendors/logos/6491aeefcab5b.png,True,False,30,,0.0,VendorListItem
112630,گندم فلکه اول فردیس(همواره تخفیف),False,https://cdn.snapp.express/media/cache/vendor_item_cover/uploads/images/vendors/covers/64fec2803089f.png,0,80000,p6zj8e,ACTIVE,فردیس,4,False,https://cdn.snapp.express/media/cache/vendor_logo/uploads/images/vendors/logos/64fec2802b238.png,True,False,30,,0.0,VendorListItem
114020,سوپرمارکت پدرخوب,False,,0,70000,3kj7yg,ACTIVE,فردیس,2,False,https://cdn.snapp.express/media/cache/vendor_logo/uploads/images/vendors/logos/66922afda6f28.jpg,True,False,30,,0.0,VendorListItem
113778,مینو مارت شهدا فردیس (همواره تخفیف),False,https://cdn.snapp.express/media/cache/vendor_item_cover/uploads/images/vendors/covers/662e471c0b441.jpg,0,80000,p6z28w,ACTIVE,فردیس,1,False,https://cdn.snapp.express/media/cache/vendor_logo/uploads/images/vendors/logos/662e471c06fbc.jpg,True,False,30,,0.0,VendorListItem
112693,سوپرمارکت هایپر کلاسیک,False,https://cdn.snapp.express/media/cache/vendor_item_cover/uploads/images/vendors/covers/651957de0a94e.jpg,0,70000,31zl5k,ACTIVE,فردیس,63,False,https://cdn.snapp.express/media/cache/vendor_logo/uploads/images/vendors/logos/651957de0487c.png,True,False,30,,9.2,VendorListItem
111986,فروشگاه هفت فردیس کرج (همواره تخفیف),False,https://cdn.snapp.express/media/cache/vendor_item_cover/uploads/images/vendors/covers/63f2302ca182a.png,0,80000,p4zryr,ACTIVE,فردیس,17,False,https://cdn.snapp.express/media/cache/vendor_logo/uploads/images/vendors/logos/6649af5fbb24a.png,True,False,30,,8.8,VendorListItem
109865,جانبو قریشی کرج (همواره تخفیف),False,https://cdn.snapp.express/media/cache/vendor_item_cover/uploads/images/vendors/covers/6203dd18f2401.png,1739,80000,3ezkvv,ACTIVE,فردیس,94,False,https://cdn.snapp.express/media/cache/vendor_logo/uploads/images/vendors/logos/64342aba32ce7.png,True,False,30,,9.0,VendorListItem
109956,جانبو حافظیه کرج (همواره تخفیف),False,https://cdn.snapp.express/media/cache/vendor_item_cover/uploads/images/vendors/covers/620b707f27ebc.png,218,80000,0ldv4k,ACTIVE,فردیس,15,False,https://cdn.snapp.express/media/cache/vendor_logo/uploads/images/vendors/logos/6603dc83b99e6.jpg,True,False,30,,8.4,VendorListItem
112354,گندم مسلم ابن عقیل(همواره تخفیف),False,https://cdn.snapp.express/media/cache/vendor_item_cover/uploads/images/vendors/covers/6491b15de426d.png,0,120000,p6zjd6,ACTIVE,فردیس,13,False,https://cdn.snapp.express/media/cache/vendor_logo/uploads/images/vendors/logos/6491b15dd82b0.png,True,False,30,,8.6,VendorListItem
110107,سوپرمارکت هایپر ایران,False,https://cdn.snapp.express/media/cache/vendor_item_cover/uploads/images/vendors/covers/6326b79a04bdd.jpg,5410,80000,0myrzv,ACTIVE,فردیس,519,False,https://cdn.snapp.express/media/cache/vendor_logo/uploads/images/vendors/logos/default.png,True,False,30,,9.6,VendorListItem
114019,سوپرمارکت سورن,False,,0,70000,0jjmd9,ACTIVE,فردیس,1,False,https://cdn.snapp.express/media/cache/vendor_logo/uploads/images/vendors/logos/6692271e266cb.jpg,True,False,30,,0.0,VendorListItem
110618,دیلی مارکت فردیس(همواره تخفیف),False,https://cdn.snapp.express/media/cache/vendor_item_cover/uploads/images/vendors/covers/629d944083b0b.jpg,1722,90000,37r4jx,ACTIVE,مپنا,144,False,https://cdn.snapp.express/media/cache/vendor_logo/uploads/images/vendors/logos/65b6106048f2e.jpg,True,False,30,,8.4,VendorListItem
112220,دیلی مارکت خیابان امام حسین البرز (همواره تخفیف),False,https://cdn.snapp.express/media/cache/vendor_item_cover/uploads/images/vendors/covers/64a6a3f4b010a.jpg,0,90000,3kj6dg,ACTIVE,مپنا,25,False,https://cdn.snapp.express/media/cache/vendor_logo/uploads/images/vendors/logos/65b6109359c08.jpg,True,False,30,,8.4,VendorListItem
113590,مینو مارت اهری (همواره تخفیف),False,https://cdn.snapp.express/media/cache/vendor_item_cover/uploads/images/vendors/covers/65ec2accb6053.jpg,0,80000,37rw52,ACTIVE,مپنا,0,False,https://cdn.snapp.express/media/cache/vendor_logo/uploads/images/vendors/logos/65ec2acc7df62.jpg,True,False,30,,8.6,VendorListItem
114216,سوپرمارکت فرا,False,,0,70000,3xw5gy,ACTIVE,مپنا,0,False,https://cdn.snapp.express/media/cache/vendor_logo/uploads/images/vendors/logos/66bb28e415fc5.png,True,False,30,,0.0,VendorListItem
113777,مینو مارت طالقانی فردیس (همواره تخفیف),False,https://cdn.snapp.express/media/cache/vendor_item_cover/uploads/images/vendors/covers/662e456bbc6ff.jpg,0,80000,pvq1wv,ACTIVE,فردیس,2,False,https://cdn.snapp.express/media/cache/vendor_logo/uploads/images/vendors/logos/662e456bb8a18.jpg,True,False,30,,9.4,VendorListItem
112216,دیلی مارکت هدایتکار مشکین دشت (همواره تخفیف),False,https://cdn.snapp.express/media/cache/vendor_item_cover/uploads/images/vendors/covers/64a99ed25ebb0.jpg,0,90000,3xwjx6,ACTIVE,مشکین دشت,5,False,https://cdn.snapp.express/media/cache/vendor_logo/uploads/images/vendors/logos/65b620ec4b3d7.jpg,True,False,30,,7.6,VendorListItem
109955,جانبو منظریه کرج (همواره تخفیف),False,https://cdn.snapp.express/media/cache/vendor_item_cover/uploads/images/vendors/covers/620b67f4a3066.png,1843,110000,0my6nq,ACTIVE,مپنا,91,False,https://cdn.snapp.express/media/cache/vendor_logo/uploads/images/vendors/logos/6603dc3889ad6.jpg,True,False,30,,8.6,VendorListItem
113220,سوپرمارکت دریانی (منظریه),False,https://cdn.snapp.express/media/cache/vendor_item_cover/uploads/images/vendors/covers/6593c78bb4c87.jpg,0,70000,3kjoxk,ACTIVE,مپنا,12,False,https://cdn.snapp.express/media/cache/vendor_logo/uploads/images/vendors/logos/65b917b95c443.png,True,False,30,,8.8,VendorListItem
112815,سوپرمارکت شهرک,False,https://cdn.snapp.express/media/cache/vendor_item_cover/uploads/images/vendors/covers/6534eb2af3b9c.jpg,0,70000,0njry2,ACTIVE,FIXME,33,False,https://cdn.snapp.express/media/cache/vendor_logo/uploads/images/vendors/logos/6534eb2aeddfd.png,True,False,30,,9.0,VendorListItem
114004,سوپرمارکت تی مارت (یاران دریان),False,,0,70000,0ygj7r,ACTIVE,محمدشهر,2,False,https://cdn.snapp.express/media/cache/vendor_logo/uploads/images/vendors/logos/668a3918da9bb.jpg,True,False,30,,0.0,VendorListItem
113817,دیلی مارکت همایون ویلا کرج (همواره تخفیف),False,https://cdn.snapp.express/media/cache/vendor_item_cover/uploads/images/vendors/covers/663f490bd4b48.jpg,0,90000,3ee21o,ACTIVE,محمدشهر,2,False,https://cdn.snapp.express/media/cache/vendor_logo/uploads/images/vendors/logos/663f490bcde49.jpg,True,False,30,,0.0,VendorListItem
113780,مینو مارت محمدشهر حججی کرج (همواره تخفیف),False,https://cdn.snapp.express/media/cache/vendor_item_cover/uploads/images/vendors/covers/662e4c2e3bc23.jpg,0,80000,0ljmk9,ACTIVE,محمدشهر,0,False,https://cdn.snapp.express/media/cache/vendor_logo/uploads/images/vendors/logos/662e4c2e3828c.jpg,True,False,30,,0.0,VendorListItem
113478,مینو مارت محمد شهر کرج (همواره تخفیف),False,https://cdn.snapp.express/media/cache/vendor_item_cover/uploads/images/vendors/covers/65d25e307d91b.jpg,0,80000,p6z24g,ACTIVE,محمدشهر,0,False,https://cdn.snapp.express/media/cache/vendor_logo/uploads/images/vendors/logos/65d25e3070ccc.jpg,True,False,30,,0.0,VendorListItem
109756,جانبو بعثت کرج (همواره تخفیف),False,https://cdn.snapp.express/media/cache/vendor_item_cover/uploads/images/vendors/covers/61f69172104f2.png,0,80000,0ldvxe,ACTIVE,مشکین دشت,1,False,https://cdn.snapp.express/media/cache/vendor_logo/uploads/images/vendors/logos/64342aba32ce7.png,True,False,30,,0.0,VendorListItem
113409,فروشگاه هفت بعثت کرج(همواره تخفیف ),False,https://cdn.snapp.express/media/cache/vendor_item_cover/uploads/images/vendors/covers/65c764d62b4fe.png,0,80000,0q152x,ACTIVE,مشکین دشت,1,False,https://cdn.snapp.express/media/cache/vendor_logo/uploads/images/vendors/logos/65c764d60abc1.png,True,False,30,,9.6,VendorListItem
110195,سوپرمارکت چارلی,False,https://cdn.snapp.express/media/cache/vendor_item_cover/uploads/images/vendors/covers/6326baf1bef49.jpg,820,70000,32qlqe,ACTIVE,مشکین دشت,91,False,https://cdn.snapp.express/media/cache/vendor_logo/uploads/images/vendors/logos/default.png,True,False,30,,9.4,VendorListItem
114010,سوپرمارکت دریان (گرمدره),False,,0,70000,pz9kjo,ACTIVE,امیرآباد,1,False,https://cdn.snapp.express/media/cache/vendor_logo/uploads/images/vendors/logos/668b8ec281d7d.jpg,True,False,30,,0.0,VendorListItem
114094,جانبوکرج واریان(همواره تخفیف),False,https://cdn.snapp.express/media/cache/vendor_item_cover/uploads/images/vendors/covers/66a0b7c92a58c.png,0,80000,p5zwox,ACTIVE,مشکین دشت,0,False,https://cdn.snapp.express/media/cache/vendor_logo/uploads/images/vendors/logos/66a0b7c9267ba.jpg,True,False,30,,0.0,VendorListItem
113776,مینو مارت رزکان (همواره تخفیف),False,https://cdn.snapp.express/media/cache/vendor_item_cover/uploads/images/vendors/covers/662e43733f728.jpg,0,80000,0ygjdm,ACTIVE,مشکین دشت,1,False,https://cdn.snapp.express/media/cache/vendor_logo/uploads/images/vendors/logos/662e43733bf39.jpg,True,False,30,,9.4,VendorListItem
111557,سوپرمارکت بوفالو,False,https://cdn.snapp.express/media/cache/vendor_item_cover/uploads/images/vendors/covers/6326a67cd872e.jpg,212,70000,0q1ynd,ACTIVE,محمدشهر,39,False,https://cdn.snapp.express/media/cache/vendor_logo/uploads/images/vendors/logos/66926a848daf5.jpg,True,False,30,,7.8,VendorListItem
112081,سوپرمارکت سهند,False,https://cdn.snapp.express/media/cache/vendor_item_cover/uploads/images/vendors/covers/6416c2c728c45.jpg,0,70000,0q167y,ACTIVE,آق تپه,47,False,https://cdn.snapp.express/media/cache/vendor_logo/uploads/images/vendors/logos/default.png,True,False,30,,8.4,VendorListItem
111679,فروشگاه هفت بنفشه البرز (همواره تخفیف),False,https://cdn.snapp.express/media/cache/vendor_item_cover/uploads/images/vendors/covers/635e1eb366055.jpeg,375,80000,0mjeny,ACTIVE,شهرك ذوب آهن,32,False,https://cdn.snapp.express/media/cache/vendor_logo/uploads/images/vendors/logos/6623d3a638a5c.png,True,False,30,,8.6,VendorListItem
55503,سوپرمارکت هایپر بنفشه (شهرک ذوب آهن),False,https://cdn.snapp.express/media/cache/vendor_item_cover/uploads/images/vendors/covers/5e7f32034e13c.jpg,5380,70000,3dmled,ACTIVE,شهرك ذوب آهن,313,False,https://cdn.snapp.express/media/cache/vendor_logo/uploads/images/vendors/logos/66769755438e3.jpg,True,False,30,,9.2,VendorListItem
113749,سوپرمارکت گلستان (شهرک بنفشه),False,,0,70000,0gkrdx,ACTIVE,شهرك ذوب آهن,9,False,https://cdn.snapp.express/media/cache/vendor_logo/uploads/images/vendors/logos/6649f2298ae3d.jpg,True,False,30,,8.8,VendorListItem
113950,دیلی مارکت شهرک جهان نما کرج(همواره تخفیف),False,https://cdn.snapp.express/media/cache/vendor_item_cover/uploads/images/vendors/covers/667682d26f65b.jpg,0,80000,09e9zk,ACTIVE,شهرک جهان نما,4,False,https://cdn.snapp.express/media/cache/vendor_logo/uploads/images/vendors/logos/667682d269c7f.jpg,True,False,30,,0.0,VendorListItem
112426,سوپرمارکت هایپر ستاره,False,https://cdn.snapp.express/media/cache/vendor_item_cover/uploads/images/vendors/covers/64aa8220d2423.jpg,0,70000,09ew7q,ACTIVE,کوی مهر,16,False,https://cdn.snapp.express/media/cache/vendor_logo/uploads/images/vendors/logos/64aa8220c8b93.png,True,False,30,,8.0,VendorListItem
112049,سوپرمارکت درخشان,False,https://cdn.snapp.express/media/cache/vendor_item_cover/uploads/images/vendors/covers/63f1fc4908727.jpg,0,70000,0gko4m,ACTIVE,کوی مهر,41,False,https://cdn.snapp.express/media/cache/vendor_logo/uploads/images/vendors/logos/default.png,True,False,30,,7.8,VendorListItem
111673,وال مارکت کیانمهر (همواره تخفیف),False,https://cdn.snapp.express/media/cache/vendor_item_cover/uploads/images/vendors/covers/635e6adbb7fcf.jpg,1163,90000,0gknqn,ACTIVE,کوی مهر,162,False,https://cdn.snapp.express/media/cache/vendor_logo/uploads/images/vendors/logos/64342de96b47f.png,True,False,30,,6.6,VendorListItem
55614,سوپرمارکت ایفل (کیانمهر),False,https://cdn.snapp.express/media/cache/vendor_item_cover/uploads/images/vendors/covers/60a5073448caf.jpg,17130,70000,p42lkj,ACTIVE,کوی مهر,1103,False,https://cdn.snapp.express/media/cache/vendor_logo/uploads/images/vendors/logos/default.png,True,False,30,,9.2,VendorListItem
113112,سوپرمارکت گادفادر,False,https://cdn.snapp.express/media/cache/vendor_item_cover/uploads/images/vendors/covers/65816deeeb13c.jpg,0,70000,pojo5q,ACTIVE,FIXME,6,False,https://cdn.snapp.express/media/cache/vendor_logo/uploads/images/vendors/logos/65816deee5211.png,True,False,30,,8.6,VendorListItem
113461,سوپرمارکت بوستان (مهرشهر),False,https://cdn.snapp.express/media/cache/vendor_item_cover/uploads/images/vendors/covers/65d1f40123efb.jpg,0,70000,p8e7k2,ACTIVE,FIXME,0,False,https://cdn.snapp.express/media/cache/vendor_logo/uploads/images/vendors/logos/65d1f4010db28.png,True,False,30,,8.0,VendorListItem
113824,سوپرمارکت امیر,False,,0,70000,0wq17v,ACTIVE,کوی مهر,5,False,https://cdn.snapp.express/media/cache/vendor_logo/uploads/images/vendors/logos/6693a68b00b19.jpg,True,False,30,,0.0,VendorListItem
55803,سوپرمارکت برادران (مهرشهر) 1,False,https://cdn.snapp.express/media/cache/vendor_item_cover/uploads/images/vendors/covers/60a510e5bca84.jpg,47175,70000,3dml6g,ACTIVE,مهرشهر - فاز سه,1714,False,https://cdn.snapp.express/media/cache/vendor_logo/uploads/images/vendors/logos/default.png,True,False,30,,7.8,VendorListItem
112424,سوپرمارکت ایران زمین,False,https://cdn.snapp.express/media/cache/vendor_item_cover/uploads/images/vendors/covers/64aa6a398f5ad.jpg,0,70000,0wq9zq,ACTIVE,کوی مهر,53,False,https://cdn.snapp.express/media/cache/vendor_logo/uploads/images/vendors/logos/64aa6a39868a0.png,True,False,30,,8.8,VendorListItem
110700,سوپرمارکت محسف,False,https://cdn.snapp.express/media/cache/vendor_item_cover/uploads/images/vendors/covers/62a5c75c5af65.jpg,2923,70000,0wq5zg,ACTIVE,آق تپه,200,False,https://cdn.snapp.express/media/cache/vendor_logo/uploads/images/vendors/logos/6692749a9fe0a.jpg,True,False,30,,8.8,VendorListItem
114092,جانبوساماندهی کیانمهر(همواره تخفیف),False,https://cdn.snapp.express/media/cache/vendor_item_cover/uploads/images/vendors/covers/66aa308661b20.png,0,80000,3kjwlg,ACTIVE,کوی مهر,0,False,https://cdn.snapp.express/media/cache/vendor_logo/uploads/images/vendors/logos/66aa30865e687.jpg,True,False,30,,0.0,VendorListItem
113408,فروشگاه هفت کیانمهر کرج (همواره تخفیف),False,https://cdn.snapp.express/media/cache/vendor_item_cover/uploads/images/vendors/covers/65c7625b1ea73.png,0,80000,0lje4j,ACTIVE,کیانمهر,0,False,https://cdn.snapp.express/media/cache/vendor_logo/uploads/images/vendors/logos/65c7625b01046.png,True,False,30,,9.2,VendorListItem
85691,سوپرمارکت هایپر شاهان,False,https://cdn.snapp.express/media/cache/vendor_item_cover/uploads/images/vendors/covers/6120b739a710c.jpg,1659,70000,0j24x6,ACTIVE,قلمستان,113,False,https://cdn.snapp.express/media/cache/vendor_logo/uploads/images/vendors/logos/default.png,True,False,30,,8.2,VendorListItem
111300,سوپرمارکت آذربایجان,False,https://cdn.snapp.express/media/cache/vendor_item_cover/uploads/images/vendors/covers/62ead7c6061d8.jpg,1122,70000,0wqd1g,ACTIVE,مهرشهر - فاز یک,83,False,https://cdn.snapp.express/media/cache/vendor_logo/uploads/images/vendors/logos/62ead7c5f1a97.jpg,True,False,30,,8.8,VendorListItem
113896,سوپرمارکت سید,False,,0,70000,0wq16v,ACTIVE,کوی مهر,0,False,https://cdn.snapp.express/media/cache/vendor_logo/uploads/images/vendors/logos/None,True,False,30,,0.0,VendorListItem
113805,سوپرمارکت آس,False,,0,70000,pvq1md,ACTIVE,FIXME,8,False,https://cdn.snapp.express/media/cache/vendor_logo/uploads/images/vendors/logos/6638977710bc0.png,True,False,30,,0.0,VendorListItem
113531,دیلی مارکت بلوار امیرکبیر کیانمهر(همواره تخفیف),False,https://cdn.snapp.express/media/cache/vendor_item_cover/uploads/images/vendors/covers/65dee2e7be3e8.jpg,0,90000,0mjmwq,ACTIVE,کیانمهر,1,False,https://cdn.snapp.express/media/cache/vendor_logo/uploads/images/vendors/logos/65dee2e79e006.jpg,True,False,30,,0.0,VendorListItem
74961,سوپرمارکت تک درخشان,False,https://cdn.snapp.express/media/cache/vendor_item_cover/uploads/images/vendors/covers/60bcc8f1c1f1a.jpg,7313,70000,p8gl4m,ACTIVE,مهرشهر - فاز یک,405,False,https://cdn.snapp.express/media/cache/vendor_logo/uploads/images/vendors/logos/default.png,True,False,30,,8.8,VendorListItem
55454,سوپرمارکت وطن (مهرشهر فاز یک),False,https://cdn.snapp.express/media/cache/vendor_item_cover/uploads/images/vendors/covers/60a5011b7a6a8.jpg,26406,70000,p674gn,ACTIVE,مهرشهر - فاز یک,1240,False,https://cdn.snapp.express/media/cache/vendor_logo/uploads/images/vendors/logos/default.png,True,False,30,,8.2,VendorListItem
111989,سوپرمارکت پرشین,False,https://cdn.snapp.express/media/cache/vendor_item_cover/uploads/images/vendors/covers/63c4f9b7036f9.jpg,18,70000,3ee682,ACTIVE,مهرشهر - فاز یک,29,False,https://cdn.snapp.express/media/cache/vendor_logo/uploads/images/vendors/logos/66926b08ea602.jpg,True,False,30,,8.8,VendorListItem
70880,سوپرمارکت اسپیناس,False,https://cdn.snapp.express/media/cache/vendor_item_cover/uploads/images/vendors/covers/60ab49a13978e.jpg,8773,80000,0lm82j,ACTIVE,مهرشهر - فاز یک,529,False,https://cdn.snapp.express/media/cache/vendor_logo/uploads/images/vendors/logos/66519e3426f62.jpg,True,False,30,,8.0,VendorListItem
111130,فروشگاه هفت قناد کرج (همواره تخفیف),False,https://cdn.snapp.express/media/cache/vendor_item_cover/uploads/images/vendors/covers/62e6396185f88.jpeg,327,80000,p6z4e6,ACTIVE,شهرك فهيمده,36,False,https://cdn.snapp.express/media/cache/vendor_logo/uploads/images/vendors/logos/64342a4c8225c.png,True,False,30,,8.8,VendorListItem
110816,فروشگاه هفت مصباح کرج (همواره تخفیف),False,https://cdn.snapp.express/media/cache/vendor_item_cover/uploads/images/vendors/covers/6649aedf3602a.png,941,80000,3xwynw,ACTIVE,اصفهانيها,71,False,https://cdn.snapp.express/media/cache/vendor_logo/uploads/images/vendors/logos/6649aed720e95.png,True,False,30,,8.8,VendorListItem
109817,وال مارکت توحید (همواره تخفیف),False,https://cdn.snapp.express/media/cache/vendor_item_cover/uploads/images/vendors/covers/6321c66565f0b.jpg,4176,90000,3ezkyv,ACTIVE,اصفهانيها,285,False,https://cdn.snapp.express/media/cache/vendor_logo/uploads/images/vendors/logos/64342de96b47f.png,True,False,30,,7.8,VendorListItem
111841,دیلی مارکت مهرشهر کرج(همواره تخفیف),False,https://cdn.snapp.express/media/cache/vendor_item_cover/uploads/images/vendors/covers/638611cb5b124.jpg,99,90000,3ee6q5,ACTIVE,مهرشهر - فاز چهار,15,False,https://cdn.snapp.express/media/cache/vendor_logo/uploads/images/vendors/logos/65b611ea1cc67.jpg,True,False,30,,8.4,VendorListItem
110286,اسمارت گلشهر (سوپرمارکت زنجیره ای اسنپ),False,https://cdn.snapp.express/media/cache/vendor_item_cover/uploads/images/vendors/covers/65230c9f5dd6c.png,15530,100000,p4qoej,ACTIVE,گلشهر,1328,True,https://cdn.snapp.express/media/cache/vendor_logo/uploads/images/vendors/logos/65230c9f52cab.png,True,False,30,,8.8,VendorListItem
111104,فروشگاه هفت مهرشهر کرج (همواره تخفیف),False,https://cdn.snapp.express/media/cache/vendor_item_cover/uploads/images/vendors/covers/62de9117537e7.jfif,382,80000,0ygy6g,ACTIVE,احد آباد,23,False,https://cdn.snapp.express/media/cache/vendor_logo/uploads/images/vendors/logos/64342a4c8225c.png,True,False,30,,9.2,VendorListItem
112178,گندم بلوار ارم کرج (همواره تخفیف),False,https://cdn.snapp.express/media/cache/vendor_item_cover/uploads/images/vendors/covers/646203566ba72.png,0,80000,p6zowo,ACTIVE,احد آباد,15,False,https://cdn.snapp.express/media/cache/vendor_logo/uploads/images/vendors/logos/646203565be72.png,True,False,30,,8.6,VendorListItem
114097,جانبو مهرشهر عدالت (همواره تخفیف),False,https://cdn.snapp.express/media/cache/vendor_item_cover/uploads/images/vendors/covers/66a0bcffa9b15.png,0,80000,0gk9on,ACTIVE,احد آباد,1,False,https://cdn.snapp.express/media/cache/vendor_logo/uploads/images/vendors/logos/66a0bcffa351e.jpg,True,False,30,,0.0,VendorListItem
114021,سوپرمارکت یاران دریان مرکزی (مهرشهر),False,,0,70000,31z4o7,ACTIVE,حسین آباد,1,False,https://cdn.snapp.express/media/cache/vendor_logo/uploads/images/vendors/logos/66923aed5c0ab.jpg,True,False,30,,0.0,VendorListItem
113714,فروشگاه هفت انوشیروان کرج (همواره تخفیف),False,https://cdn.snapp.express/media/cache/vendor_item_cover/uploads/images/vendors/covers/661a5cfb56fa3.png,0,80000,p4z7yr,ACTIVE,مهرویلا,1,False,https://cdn.snapp.express/media/cache/vendor_logo/uploads/images/vendors/logos/661a5cfb524c4.png,True,False,30,,9.4,VendorListItem
55887,سوپرمارکت خیام,False,https://cdn.snapp.express/media/cache/vendor_item_cover/uploads/images/vendors/covers/61d05be16aff2.jpg,69878,70000,0nqnl2,ACTIVE,گلشهر,3460,False,https://cdn.snapp.express/media/cache/vendor_logo/uploads/images/vendors/logos/default.png,True,False,30,,8.4,VendorListItem
109765,جانبو گلشهر کرج (همواره تخفیف),False,https://cdn.snapp.express/media/cache/vendor_item_cover/uploads/images/vendors/covers/61f7e6a2366d9.png,0,80000,3ezkjj,ACTIVE,گلشهر,0,False,https://cdn.snapp.express/media/cache/vendor_logo/uploads/images/vendors/logos/6643274e6070e.jpg,True,False,30,,0.0,VendorListItem
113741,سوپرمارکت جاده چالوس,False,,0,70000,3ee2g2,ACTIVE,ولیعصر,9,False,https://cdn.snapp.express/media/cache/vendor_logo/uploads/images/vendors/logos/665b28d444195.jpg,True,False,30,,0.0,VendorListItem
113526,فروشگاه هفت 22 بهمن مهرشهر(همواره تخفیف),False,https://cdn.snapp.express/media/cache/vendor_item_cover/uploads/images/vendors/covers/65ddb2d4bc6af.jpeg,0,80000,09e96y,ACTIVE,حسین آباد,2,False,https://cdn.snapp.express/media/cache/vendor_logo/uploads/images/vendors/logos/65ddb2d482616.jfif,True,False,30,,8.8,VendorListItem
109527,جانبو کوکب کرج (همواره تخفیف),False,https://cdn.snapp.express/media/cache/vendor_item_cover/uploads/images/vendors/covers/61cc44c81edf0.png,1230,80000,3d7jgd,ACTIVE,گلشهر,54,False,https://cdn.snapp.express/media/cache/vendor_logo/uploads/images/vendors/logos/64342aba32ce7.png,True,False,30,,8.6,VendorListItem
110817,فروشگاه هفت خیام غربی کرج(همواره تخفیف),False,https://cdn.snapp.express/media/cache/vendor_item_cover/uploads/images/vendors/covers/62c5452ba6f41.jfif,1227,80000,3eeloo,ACTIVE,گلشهر,80,False,https://cdn.snapp.express/media/cache/vendor_logo/uploads/images/vendors/logos/64342a4c8225c.png,True,False,30,,9.0,VendorListItem
110250,گندم طالقانی جنوبی (همواره تخفیف),False,https://cdn.snapp.express/media/cache/vendor_item_cover/uploads/images/vendors/covers/6224607875a67.jpg,1017,80000,09j5ld,ACTIVE,چهارصد دستگاه,68,False,https://cdn.snapp.express/media/cache/vendor_logo/uploads/images/vendors/logos/64342b3a8d27d.png,True,False,30,,7.4,VendorListItem
110561,دیلی مارکت بهار (همواره تخفیف),False,https://cdn.snapp.express/media/cache/vendor_item_cover/uploads/images/vendors/covers/627bb4dc007a8.jpg,973,90000,p8okjr,ACTIVE,اسلام آباد,52,False,https://cdn.snapp.express/media/cache/vendor_logo/uploads/images/vendors/logos/65d59d4a2b21a.jpg,True,False,30,,9.0,VendorListItem
113398,مینو مارت گلشهر (همواره تخفیف),False,https://cdn.snapp.express/media/cache/vendor_item_cover/uploads/images/vendors/covers/65ca132ade598.jpg,0,80000,09e7rk,ACTIVE,گلشهر,0,False,https://cdn.snapp.express/media/cache/vendor_logo/uploads/images/vendors/logos/65ca1323cf9b5.jpg,True,False,30,,8.4,VendorListItem
55542,سوپرمارکت سیانا (جهانشهر),False,https://cdn.snapp.express/media/cache/vendor_item_cover/uploads/images/vendors/covers/65228184d8dd6.jpg,19800,70000,3754m9,ACTIVE,جهانشهر,845,False,https://cdn.snapp.express/media/cache/vendor_logo/uploads/images/vendors/logos/65228184d0052.png,True,False,30,,9.0,VendorListItem
113524,سوپرمارکت شاتوت,False,https://cdn.snapp.express/media/cache/vendor_item_cover/uploads/images/vendors/covers/65dda5fe92bcb.jpg,0,70000,0wq1ez,ACTIVE,جهانشهر,21,False,https://cdn.snapp.express/media/cache/vendor_logo/uploads/images/vendors/logos/65dda5fe5da9f.png,True,False,30,,8.0,VendorListItem
93384,اسمارت عظیمیه (سوپرمارکت زنجیره ای اسنپ),False,https://cdn.snapp.express/media/cache/vendor_item_cover/uploads/images/vendors/covers/6523146d5e44b.png,75621,100000,poydrq,ACTIVE,کوی مدرس,5805,True,https://cdn.snapp.express/media/cache/vendor_logo/uploads/images/vendors/logos/6523146d57e80.png,True,False,30,,9.0,VendorListItem
111116,فروشگاه هفت بهار کرج (همواره تخفیف),False,https://cdn.snapp.express/media/cache/vendor_item_cover/uploads/images/vendors/covers/62dfb284269c0.jfif,417,80000,3xwyv4,ACTIVE,اسلام آباد,34,False,https://cdn.snapp.express/media/cache/vendor_logo/uploads/images/vendors/logos/64342a4c8225c.png,True,False,30,,8.4,VendorListItem
110244,گندم بهار (همواره تخفیف),False,https://cdn.snapp.express/media/cache/vendor_item_cover/uploads/images/vendors/covers/62237c5331386.jpg,1507,80000,3k9m5k,ACTIVE,اسلام آباد,90,False,https://cdn.snapp.express/media/cache/vendor_logo/uploads/images/vendors/logos/64342b3a8d27d.png,True,False,30,,6.4,VendorListItem
114135,سوپرمارکت پاسارگاد,False,,0,70000,0rqev9,ACTIVE,کرج نو,1,False,https://cdn.snapp.express/media/cache/vendor_logo/uploads/images/vendors/logos/default.png,True,False,30,,0.0,VendorListItem
112769,سوپرمارکت گلشهر,False,https://cdn.snapp.express/media/cache/vendor_item_cover/uploads/images/vendors/covers/652503eeaa29b.jpg,0,70000,31zl8y,ACTIVE,حصارک بالا,19,False,https://cdn.snapp.express/media/cache/vendor_logo/uploads/images/vendors/logos/652503eea3ecd.png,True,False,30,,8.6,VendorListItem
110788,سوپرمارکت نوید,False,https://cdn.snapp.express/media/cache/vendor_item_cover/uploads/images/vendors/covers/62b6b3f5b926f.jpg,2194,70000,3xwyw2,ACTIVE,کرج نو,190,False,https://cdn.snapp.express/media/cache/vendor_logo/uploads/images/vendors/logos/default.png,True,False,30,,9.0,VendorListItem
83817,جانبو کرج-گلشهر (همواره تخفیف),False,https://cdn.snapp.express/media/cache/vendor_item_cover/uploads/images/vendors/covers/664326c6ced57.png,3458,80000,3ew54o,ACTIVE,FIXME,208,False,https://cdn.snapp.express/media/cache/vendor_logo/uploads/images/vendors/logos/664326c6cac84.jpg,True,False,30,,8.77,VendorListItem
112771,سوپرمارکت مای,False,https://cdn.snapp.express/media/cache/vendor_item_cover/uploads/images/vendors/covers/6525090a4597f.jpg,0,70000,32z24d,ACTIVE,جهانشهر,14,False,https://cdn.snapp.express/media/cache/vendor_logo/uploads/images/vendors/logos/6525090a40b81.png,True,False,30,,7.6,VendorListItem
113818,سوپرمارکت نیلوفر آبی,False,,0,70000,37rwnm,ACTIVE,حصارک بالا,10,False,https://cdn.snapp.express/media/cache/vendor_logo/uploads/images/vendors/logos/663f4b68a4f30.png,True,False,30,,0.0,VendorListItem
100040,سوپرمارکت ندا,False,https://cdn.snapp.express/media/cache/vendor_item_cover/uploads/images/vendors/covers/6177d8473cbd7.jpg,6548,70000,3xgr6w,ACTIVE,حصارک بالا,413,False,https://cdn.snapp.express/media/cache/vendor_logo/uploads/images/vendors/logos/default.png,True,False,30,,9.2,VendorListItem
59975,سوپرمارکت امام رضا,False,https://cdn.snapp.express/media/cache/vendor_item_cover/uploads/images/vendors/covers/5f7d6614c296f.jpg,14535,70000,3dme5x,ACTIVE,کرج نو,758,False,https://cdn.snapp.express/media/cache/vendor_logo/uploads/images/vendors/logos/668e6f0de9c33.jpg,True,False,30,,9.0,VendorListItem
112103,فروشگاه هفت حدادی (همواره تخفیف),False,https://cdn.snapp.express/media/cache/vendor_item_cover/uploads/images/vendors/covers/643aabc0ad412.png,0,80000,3de51x,ACTIVE,FIXME,21,False,https://cdn.snapp.express/media/cache/vendor_logo/uploads/images/vendors/logos/66543b6bb96f1.png,True,False,30,,9.2,VendorListItem
109501,جانبو دهقان ویلا کرج (همواره تخفیف),False,https://cdn.snapp.express/media/cache/vendor_item_cover/uploads/images/vendors/covers/61ca1fdb16dce.png,405,80000,0gzwox,ACTIVE,دهقان ویلا,24,False,https://cdn.snapp.express/media/cache/vendor_logo/uploads/images/vendors/logos/66796ebbc47b8.jpg,True,False,30,,7.91,VendorListItem
114178,فروشگاه هفت جهانشهر کرج (همواره تخفیف),False,https://cdn.snapp.express/media/cache/vendor_item_cover/uploads/images/vendors/covers/66b0d7272ff18.jpeg,0,80000,p6zg26,ACTIVE,جهانشهر,0,False,https://cdn.snapp.express/media/cache/vendor_logo/uploads/images/vendors/logos/66b0d7272cc72.jfif,True,False,30,,0.0,VendorListItem
109685,دیلی مارکت عظیمیه (همواره تخفیف),False,https://cdn.snapp.express/media/cache/vendor_item_cover/uploads/images/vendors/covers/61e9625132915.jpg,1245,90000,p8ojlg,ACTIVE,اسلام آباد,67,False,https://cdn.snapp.express/media/cache/vendor_logo/uploads/images/vendors/logos/65b610a49f407.jpg,True,False,30,,8.4,VendorListItem
98631,سوپرمارکت بوستان (عظیمیه),False,https://cdn.snapp.express/media/cache/vendor_item_cover/uploads/images/vendors/covers/616ff5ca790bb.jpg,1543,70000,0myzmo,ACTIVE,FIXME,95,False,https://cdn.snapp.express/media/cache/vendor_logo/uploads/images/vendors/logos/default.png,True,False,30,,8.4,VendorListItem
59901,سوپرمارکت پاسداران,False,https://cdn.snapp.express/media/cache/vendor_item_cover/uploads/images/vendors/covers/64fedc7242fe3.jpg,28626,70000,0ggz5q,ACTIVE,عظیمیه,1453,False,https://cdn.snapp.express/media/cache/vendor_logo/uploads/images/vendors/logos/64fec36761900.png,True,False,30,,9.2,VendorListItem
109760,وال مارکت مهراد (همواره تخفیف),False,https://cdn.snapp.express/media/cache/vendor_item_cover/uploads/images/vendors/covers/6321c6190690f.jpg,8243,90000,po6lwj,ACTIVE,عظیمیه,433,False,https://cdn.snapp.express/media/cache/vendor_logo/uploads/images/vendors/logos/64342de96b47f.png,True,False,30,,6.8,VendorListItem
112660,سوپرمارکت مارات,False,https://cdn.snapp.express/media/cache/vendor_item_cover/uploads/images/vendors/covers/650eac2960856.jpg,0,70000,pojr7o,ACTIVE,عظیمیه,21,False,https://cdn.snapp.express/media/cache/vendor_logo/uploads/images/vendors/logos/650eac2955469.png,True,False,30,,9.0,VendorListItem
102338,گندم عظیمیه (همواره تخفیف),False,https://cdn.snapp.express/media/cache/vendor_item_cover/uploads/images/vendors/covers/627f70f9aaf1b.jpg,1823,120000,p4qd9r,ACTIVE,عظیمیه,124,False,https://cdn.snapp.express/media/cache/vendor_logo/uploads/images/vendors/logos/64342b3a8d27d.png,True,False,30,,8.36,VendorListItem
114091,جانبو 45 متری گلشهر(همواره تخفیف),False,https://cdn.snapp.express/media/cache/vendor_item_cover/uploads/images/vendors/covers/66a0b11850c70.png,0,80000,0jj2y9,ACTIVE,حصارک بالا,0,False,https://cdn.snapp.express/media/cache/vendor_logo/uploads/images/vendors/logos/66a0b1184cb46.jpg,True,False,30,,0.0,VendorListItem
113246,فروشگاه امیران بلوار ماهان(همواره تخفیف),False,,0,80000,p5zrnn,ACTIVE,جهانشهر,12,False,https://cdn.snapp.express/media/cache/vendor_logo/uploads/images/vendors/logos/65c9e33c21516.png,True,False,45,,8.2,VendorListItem
113289,سوپرمارکت کسری,False,https://cdn.snapp.express/media/cache/vendor_item_cover/uploads/images/vendors/covers/65a5042088fcb.jpg,0,80000,3eeqdo,ACTIVE,جهانشهر,0,False,https://cdn.snapp.express/media/cache/vendor_logo/uploads/images/vendors/logos/65a504207ba31.png,True,False,30,,8.8,VendorListItem
112928,سوپرمارکت دلفین,False,https://cdn.snapp.express/media/cache/vendor_item_cover/uploads/images/vendors/covers/654208c8e777f.jpg,0,70000,0ygr1g,ACTIVE,جهانشهر,7,False,https://cdn.snapp.express/media/cache/vendor_logo/uploads/images/vendors/logos/654208c8e20aa.png,True,False,30,,9.0,VendorListItem
113322,سوپرمارکت مهران,False,https://cdn.snapp.express/media/cache/vendor_item_cover/uploads/images/vendors/covers/65b0cae5d7235.jpg,0,70000,p5zrle,ACTIVE,عظیمیه,12,False,https://cdn.snapp.express/media/cache/vendor_logo/uploads/images/vendors/logos/66af46ef69863.jpg,True,False,30,,8.4,VendorListItem
111134,فروشگاه هفت حصارک (همواره تخفیف),False,https://cdn.snapp.express/media/cache/vendor_item_cover/uploads/images/vendors/covers/62e63deb68307.jpeg,400,80000,pz96jw,ACTIVE,حصارک بالا,46,False,https://cdn.snapp.express/media/cache/vendor_logo/uploads/images/vendors/logos/64342a4c8225c.png,True,False,30,,8.6,VendorListItem
109935,فروشگاه هفت حیدر آباد (همواره تخفیف),False,https://cdn.snapp.express/media/cache/vendor_item_cover/uploads/images/vendors/covers/620a18d425bf3.jpeg,1202,80000,0rorl9,ACTIVE,گوهردشت,74,False,https://cdn.snapp.express/media/cache/vendor_logo/uploads/images/vendors/logos/662dfa1a29d2e.png,True,False,30,,8.4,VendorListItem
67673,سوپرمارکت پارسه,False,https://cdn.snapp.express/media/cache/vendor_item_cover/uploads/images/vendors/covers/60ab5051a0ef1.jpg,2996,70000,0ggqdm,ACTIVE,کوی مدرس,167,False,https://cdn.snapp.express/media/cache/vendor_logo/uploads/images/vendors/logos/default.png,True,False,30,,8.6,VendorListItem
113779,مینو مارت بنی نجار حیدرآباد (همواره تخفیف),False,https://cdn.snapp.express/media/cache/vendor_item_cover/uploads/images/vendors/covers/662e4a29c2cb6.jpg,0,80000,0mjmkv,ACTIVE,گوهردشت,1,False,https://cdn.snapp.express/media/cache/vendor_logo/uploads/images/vendors/logos/662e4a29bf848.jpg,True,False,30,,0.0,VendorListItem
113587,مینو مارت گوهردشت (همواره تخفیف),False,https://cdn.snapp.express/media/cache/vendor_item_cover/uploads/images/vendors/covers/65ec1cdc6d198.jpg,0,80000,0njwq6,ACTIVE,كوی قائم,1,False,https://cdn.snapp.express/media/cache/vendor_logo/uploads/images/vendors/logos/65ec1cdc3b158.jpg,True,False,30,,8.0,VendorListItem
114218,سوپرمارکت یاران دریان (برادران صحیفه),False,,0,45000,37r9ox,ACTIVE,حسن آباد,0,False,https://cdn.snapp.express/media/cache/vendor_logo/uploads/images/vendors/logos/66c239d293b1c.jpg,True,False,30,,0.0,VendorListItem
113735,سوپرمارکت لوتوس,False,,0,70000,0rqy41,ACTIVE,عظیمیه,8,False,https://cdn.snapp.express/media/cache/vendor_logo/uploads/images/vendors/logos/661d130bf233a.png,True,False,30,,8.6,VendorListItem
113708,سوپرمارکت لیدر,False,,0,70000,0ljm59,ACTIVE,كوی قائم,3,False,https://cdn.snapp.express/media/cache/vendor_logo/uploads/images/vendors/logos/6615148f9c6ff.png,True,False,30,,8.2,VendorListItem
69608,سوپرمارکت بنیتا,False,https://cdn.snapp.express/media/cache/vendor_item_cover/uploads/images/vendors/covers/60ab4e4a34d1b.jpg,13963,70000,0lmn9j,ACTIVE,گوهردشت,602,False,https://cdn.snapp.express/media/cache/vendor_logo/uploads/images/vendors/logos/default.png,True,False,30,,8.8,VendorListItem
109689,دیلی مارکت تربیت مربی (همواره تخفیف),False,https://cdn.snapp.express/media/cache/vendor_item_cover/uploads/images/vendors/covers/620cde9a194ac.jpg,869,90000,3ezk8o,ACTIVE,حسن آباد,41,False,https://cdn.snapp.express/media/cache/vendor_logo/uploads/images/vendors/logos/65b610b492aab.jpg,True,False,30,,8.6,VendorListItem
65815,سوپرمارکت گلستان,False,https://cdn.snapp.express/media/cache/vendor_item_cover/uploads/images/vendors/covers/60a7a4900dafb.jpg,6994,70000,0nq9dv,ACTIVE,حسن آباد,377,False,https://cdn.snapp.express/media/cache/vendor_logo/uploads/images/vendors/logos/default.png,True,False,30,,8.8,VendorListItem
91979,سوپرمارکت جم,False,https://cdn.snapp.express/media/cache/vendor_item_cover/uploads/images/vendors/covers/6147248a39492.jpg,7429,70000,0m9o2q,ACTIVE,FIXME,598,False,https://cdn.snapp.express/media/cache/vendor_logo/uploads/images/vendors/logos/default.png,True,False,30,,8.6,VendorListItem
113529,دیلی مارکت رجایی شهر کرج (همواره تخفیف),False,https://cdn.snapp.express/media/cache/vendor_item_cover/uploads/images/vendors/covers/65dedd8c5e933.jpg,0,90000,pvq1r5,ACTIVE,كوی قائم,7,False,https://cdn.snapp.express/media/cache/vendor_logo/uploads/images/vendors/logos/65dedd8c22a97.jpg,True,False,30,,8.0,VendorListItem
114095,جانبوحصارک(همواره تخفیف),False,https://cdn.snapp.express/media/cache/vendor_item_cover/uploads/images/vendors/covers/66a0bc059334c.png,0,80000,32z17l,ACTIVE,حصارک بالا,0,False,https://cdn.snapp.express/media/cache/vendor_logo/uploads/images/vendors/logos/66a0bc058ebe9.jpg,True,False,30,,0.0,VendorListItem
111842,دیلی مارکت شاهین ویلا کرج (همواره تخفیف),False,https://cdn.snapp.express/media/cache/vendor_item_cover/uploads/images/vendors/covers/63861166e658c.jpg,308,90000,37rx5x,ACTIVE,FIXME,55,False,https://cdn.snapp.express/media/cache/vendor_logo/uploads/images/vendors/logos/65b61191baac7.jpg,True,False,30,,8.4,VendorListItem
109471,سوپرمارکت سعید (گوهردشت),False,https://cdn.snapp.express/media/cache/vendor_item_cover/uploads/images/vendors/covers/61bdc0f041311.jpg,1697,70000,32q87q,ACTIVE,گوهردشت,116,False,https://cdn.snapp.express/media/cache/vendor_logo/uploads/images/vendors/logos/668419f868fab.jpg,True,False,30,,8.4,VendorListItem
60626,سوپرمارکت پسران خوب,False,https://cdn.snapp.express/media/cache/vendor_item_cover/uploads/images/vendors/covers/60a773b6e47ec.jpg,39891,70000,097ly6,ACTIVE,گوهردشت,1649,False,https://cdn.snapp.express/media/cache/vendor_logo/uploads/images/vendors/logos/default.png,True,False,30,,9.0,VendorListItem
113412,سوپرمارکت ارکیده,False,https://cdn.snapp.express/media/cache/vendor_item_cover/uploads/images/vendors/covers/65ca174085528.jpg,0,70000,pojoek,ACTIVE,گوهردشت,1,False,https://cdn.snapp.express/media/cache/vendor_logo/uploads/images/vendors/logos/65ca174067c31.png,True,False,30,,8.2,VendorListItem
55464,سوپرمارکت پینار (گوهردشت),False,https://cdn.snapp.express/media/cache/vendor_item_cover/uploads/images/vendors/covers/60a50125ef4bd.jpg,48510,70000,3x2ygy,ACTIVE,گوهردشت,2223,False,https://cdn.snapp.express/media/cache/vendor_logo/uploads/images/vendors/logos/default.png,True,False,30,,9.0,VendorListItem
111558,سوپرمارکت دوستان,False,https://cdn.snapp.express/media/cache/vendor_item_cover/uploads/images/vendors/covers/6326a96b3948b.jpg,965,70000,pz9nl1,ACTIVE,گوهردشت,89,False,https://cdn.snapp.express/media/cache/vendor_logo/uploads/images/vendors/logos/default.png,True,False,30,,8.6,VendorListItem
114096,جانبوگوهردشت(همواره تخفیف),False,https://cdn.snapp.express/media/cache/vendor_item_cover/uploads/images/vendors/covers/66a0bcb486dd4.png,0,80000,0wq4e5,ACTIVE,گوهردشت,0,False,https://cdn.snapp.express/media/cache/vendor_logo/uploads/images/vendors/logos/66a0bcb47f7df.jpg,True,False,30,,0.0,VendorListItem
66298,سوپرمارکت بابا حیدر,False,https://cdn.snapp.express/media/cache/vendor_item_cover/uploads/images/vendors/covers/60a8eb54b357e.jpg,12709,70000,097z6q,ACTIVE,شاهین ویلا,829,False,https://cdn.snapp.express/media/cache/vendor_logo/uploads/images/vendors/logos/default.png,True,False,30,,8.8,VendorListItem
113874,سوپرمارکت دریانی ( باغستان),False,,0,70000,09e9md,ACTIVE,شاهین ویلا,4,False,https://cdn.snapp.express/media/cache/vendor_logo/uploads/images/vendors/logos/666099fc6bc2d.jpg,True,False,30,,0.0,VendorListItem
85853,جانبو رجایی شهر کرج (همواره تخفیف),False,https://cdn.snapp.express/media/cache/vendor_item_cover/uploads/images/vendors/covers/66936ff850735.jpg,2077,80000,pve1x1,ACTIVE,گوهردشت,122,False,https://cdn.snapp.express/media/cache/vendor_logo/uploads/images/vendors/logos/66936ff84cf97.png,True,False,30,,7.8,VendorListItem
114006,سوپرمارکت یاران دریان بنیاد,False,,0,70000,p6z2eg,ACTIVE,شاهین ویلا,0,False,https://cdn.snapp.express/media/cache/vendor_logo/uploads/images/vendors/logos/668a3ccb52ab0.jpg,True,False,30,,0.0,VendorListItem
112768,فروشگاه هفت شاهین ویلا کرج(همواره تخفیف),False,https://cdn.snapp.express/media/cache/vendor_item_cover/uploads/images/vendors/covers/6524fe9c52a75.png,0,80000,3kjveq,ACTIVE,شاهین ویلا,6,False,https://cdn.snapp.express/media/cache/vendor_logo/uploads/images/vendors/logos/6524fe9c47c51.png,True,False,30,,8.0,VendorListItem
58591,سوپرمارکت دیمو,False,https://cdn.snapp.express/media/cache/vendor_item_cover/uploads/images/vendors/covers/64e9ce00e16a6.jpg,14988,70000,0j4mzg,ACTIVE,شاهین ویلا,1207,False,https://cdn.snapp.express/media/cache/vendor_logo/uploads/images/vendors/logos/64e9ce00db9b3.png,True,False,30,,8.0,VendorListItem
74963,سوپرمارکت رضا کوچولو,False,https://cdn.snapp.express/media/cache/vendor_item_cover/uploads/images/vendors/covers/60bccc0304bb9.jpg,18838,70000,0nwerz,ACTIVE,گوهردشت,813,False,https://cdn.snapp.express/media/cache/vendor_logo/uploads/images/vendors/logos/default.png,True,False,30,,8.8,VendorListItem
112982,فروشگاه هفت رجایی شهر (همواره تخفیف),False,https://cdn.snapp.express/media/cache/vendor_item_cover/uploads/images/vendors/covers/6559d5db6a327.png,0,80000,pz98vw,ACTIVE,گوهردشت,1,False,https://cdn.snapp.express/media/cache/vendor_logo/uploads/images/vendors/logos/6559d5db62e6e.png,True,False,30,,8.4,VendorListItem
112054,سوپرمارکت سورنا,False,https://cdn.snapp.express/media/cache/vendor_item_cover/uploads/images/vendors/covers/63f4781e3db98.jpg,0,70000,p6zo8e,ACTIVE,باغستان,46,False,https://cdn.snapp.express/media/cache/vendor_logo/uploads/images/vendors/logos/668e4026e181f.jpg,True,False,30,,8.4,VendorListItem
112929,سوپرمارکت امید,False,https://cdn.snapp.express/media/cache/vendor_item_cover/uploads/images/vendors/covers/65420c1f3b4e1.jpg,0,70000,pvqjx5,ACTIVE,باغستان,2,False,https://cdn.snapp.express/media/cache/vendor_logo/uploads/images/vendors/logos/65420c1f364d5.png,True,False,30,,8.2,VendorListItem
97983,سوپرمارکت شکرریز,False,https://cdn.snapp.express/media/cache/vendor_item_cover/uploads/images/vendors/covers/616d7b19a980a.jpg,8307,70000,0rojj9,ACTIVE,FIXME,450,False,https://cdn.snapp.express/media/cache/vendor_logo/uploads/images/vendors/logos/default.png,False,True,30,,8.6,VendorListItem
111924,دیلی مارکت نون و القلم (همواره تخفیف),False,https://cdn.snapp.express/media/cache/vendor_item_cover/uploads/images/vendors/covers/63b2c01a9cd3e.jpg,39,90000,0wqewg,ACTIVE,شهرک ن و القلم,7,False,https://cdn.snapp.express/media/cache/vendor_logo/uploads/images/vendors/logos/65b6144e3b7d3.jpg,True,False,30,,8.8,VendorListItem
109542,جانبو مالک اشتر کرمان (همواره تخفیف),False,https://cdn.snapp.express/media/cache/vendor_item_cover/uploads/images/vendors/covers/61cdb0d1bff2a.png,1919,100000,37o259,ACTIVE,ابوذر ,112,False,https://cdn.snapp.express/media/cache/vendor_logo/uploads/images/vendors/logos/66796ee14640b.jpg,True,False,30,,8.4,VendorListItem
112198,دیلی مارکت مینی دیلی ابوذر جنوبی کرمان (همواره تخفیف),False,https://cdn.snapp.express/media/cache/vendor_item_cover/uploads/images/vendors/covers/649afc713afae.jpg,0,90000,09e6dk,ACTIVE,ابوذر ,3,False,https://cdn.snapp.express/media/cache/vendor_logo/uploads/images/vendors/logos/65b613eb46fa9.jpg,True,False,30,,8.6,VendorListItem
111627,فروشگاه هفت جمهوری کرمان (همواره تخفیف),False,https://cdn.snapp.express/media/cache/vendor_item_cover/uploads/images/vendors/covers/6342cdccd1a64.jpeg,234,80000,3deqng,ACTIVE,جمهوری,18,False,https://cdn.snapp.express/media/cache/vendor_logo/uploads/images/vendors/logos/64342a4c8225c.png,True,False,30,,9.2,VendorListItem
109966,فروشگاه هفت هدایت کرمان (همواره تخفیف),False,https://cdn.snapp.express/media/cache/vendor_item_cover/uploads/images/vendors/covers/620ba1b613eff.jfif,2386,80000,37o2d2,ACTIVE,جمهوری,143,False,https://cdn.snapp.express/media/cache/vendor_logo/uploads/images/vendors/logos/64342a4c8225c.png,True,False,30,,9.0,VendorListItem
113078,سوپرمارکت تک,False,https://cdn.snapp.express/media/cache/vendor_item_cover/uploads/images/vendors/covers/65796e76aca62.jpg,0,70000,p6z7rn,ACTIVE,جمهوری,1,False,https://cdn.snapp.express/media/cache/vendor_logo/uploads/images/vendors/logos/65796e76a67f0.png,True,False,30,,8.6,VendorListItem
109962,فروشگاه هفت بلوار ابوالفضل (همواره تخفیف),False,https://cdn.snapp.express/media/cache/vendor_item_cover/uploads/images/vendors/covers/620b901da9eb4.jfif,1068,80000,p4qnwx,ACTIVE,شهرک مطهری,60,False,https://cdn.snapp.express/media/cache/vendor_logo/uploads/images/vendors/logos/64342a4c8225c.png,True,False,30,,8.8,VendorListItem
111168,فروشگاه هفت مطهری کرمان (همواره تخفیف),False,https://cdn.snapp.express/media/cache/vendor_item_cover/uploads/images/vendors/covers/62dfef006309c.jfif,398,80000,3kjlnn,ACTIVE,شهرک مطهری,34,False,https://cdn.snapp.express/media/cache/vendor_logo/uploads/images/vendors/logos/64342a4c8225c.png,True,False,30,,8.6,VendorListItem
94806,جانبو همتی فر کرمان (همواره تخفیف),False,https://cdn.snapp.express/media/cache/vendor_item_cover/uploads/images/vendors/covers/66431ce7a5715.png,2034,80000,p6glng,ACTIVE,جمهوری,78,False,https://cdn.snapp.express/media/cache/vendor_logo/uploads/images/vendors/logos/66431ce7a1f2f.jpg,True,False,30,,8.8,VendorListItem
111920,دیلی مارکت مطهری کرمان (همواره تخفیف),False,https://cdn.snapp.express/media/cache/vendor_item_cover/uploads/images/vendors/covers/63b29d5752b97.jpg,0,90000,3kj69j,ACTIVE,شهرک مطهری,13,False,https://cdn.snapp.express/media/cache/vendor_logo/uploads/images/vendors/logos/65b61468b8ba3.jpg,True,False,30,,8.4,VendorListItem
112191,دیلی مارکت ابوذر شمالی کرمان (همواره تخفیف),False,https://cdn.snapp.express/media/cache/vendor_item_cover/uploads/images/vendors/covers/649af0bd0519d.jpg,0,90000,0jjnxq,ACTIVE,FIXME,8,False,https://cdn.snapp.express/media/cache/vendor_logo/uploads/images/vendors/logos/65b613dbaf529.jpg,True,False,30,,8.8,VendorListItem
110829,فروشگاه هفت ابوذر شمالی کرمان (همواره تخفیف),False,https://cdn.snapp.express/media/cache/vendor_item_cover/uploads/images/vendors/covers/62c55035caf68.jfif,792,80000,pvq95d,ACTIVE,FIXME,60,False,https://cdn.snapp.express/media/cache/vendor_logo/uploads/images/vendors/logos/64342a4c8225c.png,True,False,30,,9.2,VendorListItem
112029,دیلی مارکت دستغیب کرمان (همواره تخفیف),False,https://cdn.snapp.express/media/cache/vendor_item_cover/uploads/images/vendors/covers/65b6148e3c5b4.jpg,0,90000,pvqr8d,ACTIVE,سرباز,5,False,https://cdn.snapp.express/media/cache/vendor_logo/uploads/images/vendors/logos/65b6148e1a177.jpg,True,False,30,,0.0,VendorListItem
112199,دیلی مارکت مینی دیلی گلدشت کرمان(همواره تخفیف),False,https://cdn.snapp.express/media/cache/vendor_item_cover/uploads/images/vendors/covers/649afe70c4061.jpg,0,90000,3de5zx,ACTIVE,شیخ احمد کافی,4,False,https://cdn.snapp.express/media/cache/vendor_logo/uploads/images/vendors/logos/65b613f65d8c9.jpg,True,False,30,,9.0,VendorListItem
113771,دیلی مارکت اعتباری کرمان (همواره تخفیف),False,https://cdn.snapp.express/media/cache/vendor_item_cover/uploads/images/vendors/covers/662ce247e23cd.jpg,0,90000,32zxne,ACTIVE,22 بهمن,0,False,https://cdn.snapp.express/media/cache/vendor_logo/uploads/images/vendors/logos/662ce247ddfd8.jpg,True,False,30,,8.2,VendorListItem
112586,فروشگاه هفت دستغیب کرمان (همواره تخفیف),False,https://cdn.snapp.express/media/cache/vendor_item_cover/uploads/images/vendors/covers/64eb0295a7a96.png,0,80000,p4zger,ACTIVE,22 بهمن,1,False,https://cdn.snapp.express/media/cache/vendor_logo/uploads/images/vendors/logos/64eb02959d3ec.png,True,False,30,,8.4,VendorListItem
109539,جانبو گاندی کرمان (همواره تخفیف),False,https://cdn.snapp.express/media/cache/vendor_item_cover/uploads/images/vendors/covers/61cd9670728b0.png,958,80000,0nvmqr,ACTIVE,جمهوری,48,False,https://cdn.snapp.express/media/cache/vendor_logo/uploads/images/vendors/logos/64342aba32ce7.png,True,False,30,,8.0,VendorListItem
113522,فروشگاه هفت مالک کرمان (همواره تخفیف),False,https://cdn.snapp.express/media/cache/vendor_item_cover/uploads/images/vendors/covers/65dc9601a0b69.png,0,80000,p5z5jj,ACTIVE,ملکی,0,False,https://cdn.snapp.express/media/cache/vendor_logo/uploads/images/vendors/logos/65dc9601759c8.png,True,False,30,,9.4,VendorListItem
94915,جانبو سرباز کرمان (همواره تخفیف),False,https://cdn.snapp.express/media/cache/vendor_item_cover/uploads/images/vendors/covers/66796d868c87c.png,1848,80000,0ndy96,ACTIVE,سرباز,107,False,https://cdn.snapp.express/media/cache/vendor_logo/uploads/images/vendors/logos/66796d8688f71.jpg,True,False,30,,9.35,VendorListItem
112788,فروشگاه هفت لاله کرمان(همواره تخفیف),False,https://cdn.snapp.express/media/cache/vendor_item_cover/uploads/images/vendors/covers/652a95ae1ec70.png,0,80000,3xw1x9,ACTIVE,هوانیروز,1,False,https://cdn.snapp.express/media/cache/vendor_logo/uploads/images/vendors/logos/652a95ae19447.png,True,False,30,,9.4,VendorListItem
112020,فروشگاه هفت غدیر کرمان (همواره تخفیف),False,https://cdn.snapp.express/media/cache/vendor_item_cover/uploads/images/vendors/covers/63f22f8770240.png,0,80000,3kj62k,ACTIVE,جمهوری,9,False,https://cdn.snapp.express/media/cache/vendor_logo/uploads/images/vendors/logos/64342a4c8225c.png,True,False,30,,9.2,VendorListItem
112200,دیلی مارکت بلوار بعثت کرمان (همواره تخفیف),False,https://cdn.snapp.express/media/cache/vendor_item_cover/uploads/images/vendors/covers/651be8a2cc37d.jpg,0,90000,0wqen5,ACTIVE,جمهوری,1,False,https://cdn.snapp.express/media/cache/vendor_logo/uploads/images/vendors/logos/651be8a2c7ae5.jpg,True,False,30,,8.4,VendorListItem
110785,سوپرمارکت شهروند مارکت,False,https://cdn.snapp.express/media/cache/vendor_item_cover/uploads/images/vendors/covers/62b6a2a9140bc.jpg,719,75000,p8exe5,ACTIVE,جمهوری,43,False,https://cdn.snapp.express/media/cache/vendor_logo/uploads/images/vendors/logos/668fa9c6c634c.jpg,True,False,30,,7.6,VendorListItem
113441,دیلی مارکت خواجو کرمان (همواره تخفیف),False,https://cdn.snapp.express/media/cache/vendor_item_cover/uploads/images/vendors/covers/65d07a05af8bf.jpg,0,90000,3eeqkv,ACTIVE,تهران,0,False,https://cdn.snapp.express/media/cache/vendor_logo/uploads/images/vendors/logos/65d07a058e317.jpg,True,False,30,,8.8,VendorListItem
111922,دیلی مارکت خیابان خواجو (همواره تخفیف),False,https://cdn.snapp.express/media/cache/vendor_item_cover/uploads/images/vendors/covers/63b2bdb8d9119.jpg,12,90000,p5zjqv,ACTIVE,ملکی,6,False,https://cdn.snapp.express/media/cache/vendor_logo/uploads/images/vendors/logos/65b613c80d071.jpg,True,False,30,,9.2,VendorListItem
112190,دیلی مارکت الغدیر کرمان (همواره تخفیف),False,https://cdn.snapp.express/media/cache/vendor_item_cover/uploads/images/vendors/covers/649af02023f64.jpg,0,90000,37rxgn,ACTIVE,FIXME,12,False,https://cdn.snapp.express/media/cache/vendor_logo/uploads/images/vendors/logos/65b613ba35c28.jpg,True,False,30,,8.4,VendorListItem
94855,جانبو پروین کرمان (همواره تخفیف),False,https://cdn.snapp.express/media/cache/vendor_item_cover/uploads/images/vendors/covers/66796ced92c8d.png,2081,80000,0m9d2y,ACTIVE,پروین اعتصامی,115,False,https://cdn.snapp.express/media/cache/vendor_logo/uploads/images/vendors/logos/66796ced8f888.jpg,True,False,30,,8.77,VendorListItem
112194,دیلی مارکت احمدی کرمان (همواره تخفیف),False,https://cdn.snapp.express/media/cache/vendor_item_cover/uploads/images/vendors/covers/649af7031659e.jpg,0,90000,p5zjee,ACTIVE,بلوار امام ,8,False,https://cdn.snapp.express/media/cache/vendor_logo/uploads/images/vendors/logos/65b6145a80647.jpg,True,False,30,,8.6,VendorListItem
111625,وال مارکت کرمان (همواره تخفیف),False,https://cdn.snapp.express/media/cache/vendor_item_cover/uploads/images/vendors/covers/6343d33e8dee3.jpg,1307,90000,0gkn7n,ACTIVE,بلوار آزادگان,113,False,https://cdn.snapp.express/media/cache/vendor_logo/uploads/images/vendors/logos/64342de96b47f.png,True,False,30,,8.6,VendorListItem
113794,سوپرمارکت 24 مارکت,False,,0,70000,p5z5kv,ACTIVE,بلوار جهاد,1,False,https://cdn.snapp.express/media/cache/vendor_logo/uploads/images/vendors/logos/6630a31a5fcfa.png,True,False,30,,8.2,VendorListItem
113266,سوپرمارکت هایپر آزادی,False,https://cdn.snapp.express/media/cache/vendor_item_cover/uploads/images/vendors/covers/659d3011c795a.jpg,0,70000,37r51m,ACTIVE,بلوار آزادگان,3,False,https://cdn.snapp.express/media/cache/vendor_logo/uploads/images/vendors/logos/659d30119352b.png,True,False,30,,8.0,VendorListItem
112969,سوپرمارکت امین مارکت,False,https://cdn.snapp.express/media/cache/vendor_item_cover/uploads/images/vendors/covers/654f6ba50964f.jpg,0,70000,31zxl2,ACTIVE,بلوار جهاد,7,False,https://cdn.snapp.express/media/cache/vendor_logo/uploads/images/vendors/logos/654f6ba5031a8.png,True,False,30,,8.0,VendorListItem
109963,فروشگاه هفت مولوی کرمان (همواره تخفیف),False,https://cdn.snapp.express/media/cache/vendor_item_cover/uploads/images/vendors/covers/620b960935613.jfif,1851,80000,0nvmx6,ACTIVE,بلوار جهاد,95,False,https://cdn.snapp.express/media/cache/vendor_logo/uploads/images/vendors/logos/64342a4c8225c.png,True,False,30,,9.2,VendorListItem
109420,سوپرمارکت صدرا,False,https://cdn.snapp.express/media/cache/vendor_item_cover/uploads/images/vendors/covers/61b460ba22668.jpg,526,70000,3k98mo,ACTIVE,بلوار آزادگان,65,False,https://cdn.snapp.express/media/cache/vendor_logo/uploads/images/vendors/logos/default.png,True,False,30,,7.8,VendorListItem
111921,دیلی مارکت خیابان شهید رجایی (همواره تخفیف),False,https://cdn.snapp.express/media/cache/vendor_item_cover/uploads/images/vendors/covers/63b2ba25d2c1a.jpg,19,90000,31zmqw,ACTIVE,بلوار جهاد,5,False,https://cdn.snapp.express/media/cache/vendor_logo/uploads/images/vendors/logos/65b613987a8bc.jpg,True,False,30,,9.0,VendorListItem
112587,فروشگاه هفت ابوحامد کرمان (همواره تخفیف),False,https://cdn.snapp.express/media/cache/vendor_item_cover/uploads/images/vendors/covers/64eb05a38b1ad.png,0,80000,0njrzr,ACTIVE,عباس پور,3,False,https://cdn.snapp.express/media/cache/vendor_logo/uploads/images/vendors/logos/64eb05a37b76d.png,True,False,30,,9.2,VendorListItem
112192,دیلی مارکت ابوحامد کرمان (همواره تخفیف),False,https://cdn.snapp.express/media/cache/vendor_item_cover/uploads/images/vendors/covers/649af11561f3d.jpg,0,90000,3kj6eq,ACTIVE,عباس پور,2,False,https://cdn.snapp.express/media/cache/vendor_logo/uploads/images/vendors/logos/65b61422691a2.jpg,True,False,30,,9.2,VendorListItem
109556,جانبو جهاد کرمان (همواره تخفیف),False,https://cdn.snapp.express/media/cache/vendor_item_cover/uploads/images/vendors/covers/61ceed76e0977.png,2203,100000,0ldve9,ACTIVE,بلوار جهاد,78,False,https://cdn.snapp.express/media/cache/vendor_logo/uploads/images/vendors/logos/6603e3c26079c.jpg,True,False,30,,8.8,VendorListItem
112189,دیلی مارکت جهاد کرمان (همواره تخفیف),False,https://cdn.snapp.express/media/cache/vendor_item_cover/uploads/images/vendors/covers/649a8cf2abd93.jpg,0,90000,3ee6rj,ACTIVE,بلوار جهاد,4,False,https://cdn.snapp.express/media/cache/vendor_logo/uploads/images/vendors/logos/65b61416c373b.jpg,True,False,30,,9.0,VendorListItem
111925,دیلی مارکت ابوحامد (همواره تخفیف),False,https://cdn.snapp.express/media/cache/vendor_item_cover/uploads/images/vendors/covers/63b2ca77e404d.jpg,15,90000,0gkozx,ACTIVE,شهدای خانوک,13,False,https://cdn.snapp.express/media/cache/vendor_logo/uploads/images/vendors/logos/65b61478e9d83.jpg,True,False,30,,9.0,VendorListItem
113355,فروشگاه هفت آلاشت کرمان (همواره تخفیف),False,https://cdn.snapp.express/media/cache/vendor_item_cover/uploads/images/vendors/covers/65bcfd6b069fe.png,0,80000,0mj1vz,ACTIVE,مدیریت,2,False,https://cdn.snapp.express/media/cache/vendor_logo/uploads/images/vendors/logos/65bcfd6ae8d25.png,True,False,30,,9.2,VendorListItem
112197,دیلی مارکت بیست متری دانشجو کرمان (همواره تخفیف),False,https://cdn.snapp.express/media/cache/vendor_item_cover/uploads/images/vendors/covers/649afac7e7261.jpg,0,90000,0gko8q,ACTIVE,بلوار جهاد,3,False,https://cdn.snapp.express/media/cache/vendor_logo/uploads/images/vendors/logos/65b61440a8441.jpg,True,False,30,,9.0,VendorListItem
113521,فروشگاه هفت مهدیه کرمان (همواره تخفیف),False,https://cdn.snapp.express/media/cache/vendor_item_cover/uploads/images/vendors/covers/65dc9232d8ff5.png,0,80000,31z4m2,ACTIVE,FIXME,3,False,https://cdn.snapp.express/media/cache/vendor_logo/uploads/images/vendors/logos/65dc9232c5059.png,True,False,30,,9.4,VendorListItem
94802,جانبو فیروزآباد کرمان (همواره تخفیف),False,https://cdn.snapp.express/media/cache/vendor_item_cover/uploads/images/vendors/covers/66431e0ec27ac.png,705,80000,09yrn6,ACTIVE,شهدای خانوک,44,False,https://cdn.snapp.express/media/cache/vendor_logo/uploads/images/vendors/logos/66431e0ebd288.jpg,True,False,30,,8.94,VendorListItem
113738,سوپرمارکت لبن استار,False,,0,70000,p4z7er,ACTIVE,عباس پور,1,False,https://cdn.snapp.express/media/cache/vendor_logo/uploads/images/vendors/logos/661e3f5d0b43f.png,True,False,30,,0.0,VendorListItem
113117,فروشگاه هفت مفتح کرمان (همواره تخفیف),False,https://cdn.snapp.express/media/cache/vendor_item_cover/uploads/images/vendors/covers/65819c5baae33.png,0,80000,3eeqo2,ACTIVE,عباس پور,3,False,https://cdn.snapp.express/media/cache/vendor_logo/uploads/images/vendors/logos/65819c5ba67c8.png,True,False,30,,9.0,VendorListItem
112195,دیلی مارکت مهدیه کرمان (همواره تخفیف),False,https://cdn.snapp.express/media/cache/vendor_item_cover/uploads/images/vendors/covers/649af7fccabb5.jpg,0,90000,32zm4d,ACTIVE,FIXME,2,False,https://cdn.snapp.express/media/cache/vendor_logo/uploads/images/vendors/logos/65b6143060f76.jpg,True,False,30,,0.0,VendorListItem
113921,سوپرمارکت بقالی,False,,0,70000,31z48y,ACTIVE,FIXME,0,False,https://cdn.snapp.express/media/cache/vendor_logo/uploads/images/vendors/logos/6667fed08dac7.jpg,True,False,30,,0.0,VendorListItem
111923,دیلی مارکت خیابان نماز (همواره تخفیف),False,https://cdn.snapp.express/media/cache/vendor_item_cover/uploads/images/vendors/covers/63b2bf8e2dfcd.jpg,8,90000,32zmqe,ACTIVE,عباس پور,10,False,https://cdn.snapp.express/media/cache/vendor_logo/uploads/images/vendors/logos/65b61402ea58f.jpg,True,False,30,,9.0,VendorListItem
113487,سوپرمارکت آرویچ,False,https://cdn.snapp.express/media/cache/vendor_item_cover/uploads/images/vendors/covers/65d318076dc3c.jpg,0,70000,0njwl2,ACTIVE,FIXME,0,False,https://cdn.snapp.express/media/cache/vendor_logo/uploads/images/vendors/logos/65d3180753a68.png,True,False,30,,8.0,VendorListItem
113045,سوپرمارکت مُ مُ,False,https://cdn.snapp.express/media/cache/vendor_item_cover/uploads/images/vendors/covers/656f1a3b2e9d3.jpg,0,70000,31zxj4,ACTIVE,فرهنگیان,0,False,https://cdn.snapp.express/media/cache/vendor_logo/uploads/images/vendors/logos/656f1a3b241c9.png,True,False,30,,6.8,VendorListItem
112047,سوپرمارکت هایپر مارکت شوکا,False,https://cdn.snapp.express/media/cache/vendor_item_cover/uploads/images/vendors/covers/63f1d626014fc.jpg,0,70000,32zmn5,ACTIVE,كسری,24,False,https://cdn.snapp.express/media/cache/vendor_logo/uploads/images/vendors/logos/default.png,True,False,30,,9.4,VendorListItem
113681,دیلی مارکت زیبا شهر کرمانشاه(همواره تخفیف),False,https://cdn.snapp.express/media/cache/vendor_item_cover/uploads/images/vendors/covers/660bc5e17b83b.jpg,0,90000,0q1d1w,ACTIVE,FIXME,7,False,https://cdn.snapp.express/media/cache/vendor_logo/uploads/images/vendors/logos/660bc5e159304.jpg,True,False,30,,9.8,VendorListItem
111065,فروشگاه هفت سعدی کرمانشاه (همواره تخفیف),False,https://cdn.snapp.express/media/cache/vendor_item_cover/uploads/images/vendors/covers/66543f0471765.png,160,80000,3eelxv,ACTIVE,راه کربلا,53,False,https://cdn.snapp.express/media/cache/vendor_logo/uploads/images/vendors/logos/66543f046ddbb.png,True,False,30,,8.4,VendorListItem
113544,وال مارکت کرمانشاه 2 (همواره تخفیف),False,https://cdn.snapp.express/media/cache/vendor_item_cover/uploads/images/vendors/covers/65e2e0c6775a3.jpg,0,90000,3kj7vn,ACTIVE,راه کربلا,3,False,https://cdn.snapp.express/media/cache/vendor_logo/uploads/images/vendors/logos/65e2e0c660876.png,True,False,30,,8.0,VendorListItem
113347,فروشگاه هفت خیام کرمانشاه (همواره تخفیف),False,https://cdn.snapp.express/media/cache/vendor_item_cover/uploads/images/vendors/covers/65b88f92e74b4.png,0,80000,32zr4d,ACTIVE,راه کربلا,1,False,https://cdn.snapp.express/media/cache/vendor_logo/uploads/images/vendors/logos/65b88f92c7710.png,True,False,30,,0.0,VendorListItem
113346,فروشگاه هفت غدیر کرمانشاه (همواره تخفیف ),False,https://cdn.snapp.express/media/cache/vendor_item_cover/uploads/images/vendors/covers/65b7ac7cd18cb.png,0,80000,p5zree,ACTIVE,شریعتی ,1,False,https://cdn.snapp.express/media/cache/vendor_logo/uploads/images/vendors/logos/65b7ac7cb245c.png,True,False,30,,0.0,VendorListItem
113888,دیلی مارکت میدان جمهوری کرمانشاه(همواره تخفیف),False,https://cdn.snapp.express/media/cache/vendor_item_cover/uploads/images/vendors/covers/6655be7c7b170.jpg,0,90000,3xwrmw,ACTIVE,راه کربلا,1,False,https://cdn.snapp.express/media/cache/vendor_logo/uploads/images/vendors/logos/6655be7c74b87.jpg,True,False,30,,0.0,VendorListItem
113887,دیلی مارکت منزه کرمانشاه(همواره تخفیف),False,https://cdn.snapp.express/media/cache/vendor_item_cover/uploads/images/vendors/covers/6655bd0aec4c5.jpg,0,90000,0njw4v,ACTIVE,راه کربلا,0,False,https://cdn.snapp.express/media/cache/vendor_logo/uploads/images/vendors/logos/6655bd0ae77cb.jpg,True,False,30,,0.0,VendorListItem
113885,دیلی مارکت کوی منوچهر طیاری کرمانشاه(همواره تخفیف),False,https://cdn.snapp.express/media/cache/vendor_item_cover/uploads/images/vendors/covers/6655ab64be129.jpg,0,90000,p8egrg,ACTIVE,شریعتی ,0,False,https://cdn.snapp.express/media/cache/vendor_logo/uploads/images/vendors/logos/6655ab64b75e7.jpg,True,False,30,,0.0,VendorListItem
112648,وال مارکت کرمانشاه (همواره تخفیف),False,https://cdn.snapp.express/media/cache/vendor_item_cover/uploads/images/vendors/covers/6517eff1b198c.jpg,0,90000,0wq92v,ACTIVE,FIXME,8,False,https://cdn.snapp.express/media/cache/vendor_logo/uploads/images/vendors/logos/6517eff1ac81a.png,True,False,30,,6.6,VendorListItem
113348,فروشگاه هفت باریکه کرمانشاه (همواره تخفیف ),False,https://cdn.snapp.express/media/cache/vendor_item_cover/uploads/images/vendors/covers/65b893486f22c.png,0,80000,0wqzr8,ACTIVE,باغ نی,4,False,https://cdn.snapp.express/media/cache/vendor_logo/uploads/images/vendors/logos/65b893486bcc6.png,True,False,30,,0.0,VendorListItem
113345,فروشگاه هفت ارشاد کرمانشاه (همواره تخفیف),False,https://cdn.snapp.express/media/cache/vendor_item_cover/uploads/images/vendors/covers/65b7a8ddf1d2b.png,0,80000,31zx8y,ACTIVE,گلستان,5,False,https://cdn.snapp.express/media/cache/vendor_logo/uploads/images/vendors/logos/65b7a8ddd679d.png,True,False,30,,8.6,VendorListItem
113343,دیلی مارکت میدان بهزیستی کرمانشاه (همواره تخفیف),False,https://cdn.snapp.express/media/cache/vendor_item_cover/uploads/images/vendors/covers/65b7a0f4157a7.jpg,0,90000,0jj4xq,ACTIVE,بهزیستی,7,False,https://cdn.snapp.express/media/cache/vendor_logo/uploads/images/vendors/logos/65b7a0f3e7c53.jpg,True,False,30,,9.2,VendorListItem
110131,جانبو 22بهمن کرمانشاه (همواره تخفیف),False,https://cdn.snapp.express/media/cache/vendor_item_cover/uploads/images/vendors/covers/664327eaf305d.png,308,80000,0myr1v,ACTIVE,بهزیستی,16,False,https://cdn.snapp.express/media/cache/vendor_logo/uploads/images/vendors/logos/664327eaefe46.jpg,True,False,30,,8.25,VendorListItem
113344,فروشگاه هفت گذرنامه کرمانشاه(همواره تخفیف),False,https://cdn.snapp.express/media/cache/vendor_item_cover/uploads/images/vendors/covers/65b7a6c94fdc3.png,0,80000,3kjoeq,ACTIVE,FIXME,3,False,https://cdn.snapp.express/media/cache/vendor_logo/uploads/images/vendors/logos/65b7a6c9336d0.png,True,False,30,,9.2,VendorListItem
110097,جانبو شکریه کرمانشاه (همواره تخفیف),False,https://cdn.snapp.express/media/cache/vendor_item_cover/uploads/images/vendors/covers/6214ea349e817.png,73,80000,0gz5y2,ACTIVE,الهیه,8,False,https://cdn.snapp.express/media/cache/vendor_logo/uploads/images/vendors/logos/64342aba32ce7.png,True,False,30,,9.75,VendorListItem
113886,دیلی مارکت میدان شاهد کرمانشاه(همواره تخفیف),False,https://cdn.snapp.express/media/cache/vendor_item_cover/uploads/images/vendors/covers/6655bb847769e.jpg,0,90000,p4z7mj,ACTIVE,چقامیرزا ۱,4,False,https://cdn.snapp.express/media/cache/vendor_logo/uploads/images/vendors/logos/6655bb846e341.jpg,True,False,30,,0.0,VendorListItem
114025,فروشگاه هفت مطهری کرمانشاه(همواره تخفیف),False,https://cdn.snapp.express/media/cache/vendor_item_cover/uploads/images/vendors/covers/6692437c062f1.jpeg,0,100000,0gkr5n,ACTIVE,FIXME,2,False,https://cdn.snapp.express/media/cache/vendor_logo/uploads/images/vendors/logos/6692437c007ed.jfif,True,False,30,,0.0,VendorListItem
111761,دیلی مارکت فرهنگشهر مرودشت (همواره تخفیف),False,https://cdn.snapp.express/media/cache/vendor_item_cover/uploads/images/vendors/covers/637479875a732.jpg,24,100000,p8evxr,ACTIVE,مرودشت ,14,False,https://cdn.snapp.express/media/cache/vendor_logo/uploads/images/vendors/logos/65b614ae6621d.jpg,False,True,30,,6.6,VendorListItem
112201,دیلی مارکت خیابان دایی مشهد (همواره تخفیف),False,https://cdn.snapp.express/media/cache/vendor_item_cover/uploads/images/vendors/covers/64a07b18201b1.jpg,0,100000,0gko7n,ACTIVE,کوی مهدی,26,False,https://cdn.snapp.express/media/cache/vendor_logo/uploads/images/vendors/logos/65b6156458b0a.jpg,True,False,30,,9.0,VendorListItem
111158,فروشگاه هفت صبا مشهد (همواره تخفیف),False,https://cdn.snapp.express/media/cache/vendor_item_cover/uploads/images/vendors/covers/62e91bf7179b0.jpeg,998,100000,pz964w,ACTIVE,کوی مهدی,109,False,https://cdn.snapp.express/media/cache/vendor_logo/uploads/images/vendors/logos/6664087c98dd7.jfif,True,False,30,,8.6,VendorListItem
113726,جانبو ترمینال مشهد (همواره تخفیف),False,https://cdn.snapp.express/media/cache/vendor_item_cover/uploads/images/vendors/covers/661b91bda531e.png,0,80000,09e9qn,ACTIVE,خرمشهر,3,False,https://cdn.snapp.express/media/cache/vendor_logo/uploads/images/vendors/logos/66430ef0edb91.jpg,True,False,30,,0.0,VendorListItem
112183,فروشگاه هفت جمهوری مشهد (همواره تخفیف),False,https://cdn.snapp.express/media/cache/vendor_item_cover/uploads/images/vendors/covers/6462061700bc5.jfif,0,90000,0rqj6o,ACTIVE,جمهوری,10,False,https://cdn.snapp.express/media/cache/vendor_logo/uploads/images/vendors/logos/64620616efbb1.jfif,True,False,30,,8.8,VendorListItem
109594,اسمارت احمدآباد (سوپرمارکت زنجیره ای اسنپ),False,https://cdn.snapp.express/media/cache/vendor_item_cover/uploads/images/vendors/covers/65230f0f666e1.png,16207,100000,p5qxwv,ACTIVE,کوهسنگی,1054,True,https://cdn.snapp.express/media/cache/vendor_logo/uploads/images/vendors/logos/65230f0f5f7ec.png,True,False,30,,8.4,VendorListItem
113624,سوپرمارکت مهربون,False,,0,70000,0wq14q,ACTIVE,کوی کارگران,6,False,https://cdn.snapp.express/media/cache/vendor_logo/uploads/images/vendors/logos/65f03b57ebb1f.png,True,False,30,,8.6,VendorListItem
113720,جانبو چمن (همواره تخفیف),False,https://cdn.snapp.express/media/cache/vendor_item_cover/uploads/images/vendors/covers/661a951f9a307.png,0,80000,3kj74j,ACTIVE,کوی کارگران,0,False,https://cdn.snapp.express/media/cache/vendor_logo/uploads/images/vendors/logos/661a951f791c3.jpg,True,False,30,,8.6,VendorListItem
113760,دیلی مارکت شهرک شهید رجایی مشهد(همواره تخفیف),False,https://cdn.snapp.express/media/cache/vendor_item_cover/uploads/images/vendors/covers/66277a2544dd9.jpg,0,100000,pojgkq,ACTIVE,شهرک شهید رجایی,4,False,https://cdn.snapp.express/media/cache/vendor_logo/uploads/images/vendors/logos/66277a2541e30.jpg,True,False,30,,9.2,VendorListItem
113059,فروشگاه هفت شهرک شهید رجایی مشهد (همواره تخفیف),False,https://cdn.snapp.express/media/cache/vendor_item_cover/uploads/images/vendors/covers/65746f12b2d6b.png,0,85000,0rqxez,ACTIVE,شهرک شهید رجایی,6,False,https://cdn.snapp.express/media/cache/vendor_logo/uploads/images/vendors/logos/65746f12ad39c.png,True,False,30,,9.2,VendorListItem
113070,سوپرمارکت کوروش,False,https://cdn.snapp.express/media/cache/vendor_item_cover/uploads/images/vendors/covers/65781740c32cf.jpg,0,70000,p5zrqw,ACTIVE,FIXME,1,False,https://cdn.snapp.express/media/cache/vendor_logo/uploads/images/vendors/logos/65781740bc144.png,True,False,30,,7.8,VendorListItem
112207,هایپراستار آتی سنتر(همواره تخفیف),False,https://cdn.snapp.express/media/cache/vendor_item_cover/uploads/images/vendors/covers/64622c7a8aebb.jpg,0,90000,0mjwvy,ACTIVE,سناباد,83,False,https://cdn.snapp.express/media/cache/vendor_logo/uploads/images/vendors/logos/64622c7a85e59.png,True,False,90,,7.8,VendorListItem
109731,فروشگاه هفت فداییان اسلام(همواره تخفیف),False,https://cdn.snapp.express/media/cache/vendor_item_cover/uploads/images/vendors/covers/61f282a1440be.jpeg,3798,85000,0my6kz,ACTIVE,جمهوری,218,False,https://cdn.snapp.express/media/cache/vendor_logo/uploads/images/vendors/logos/64342a4c8225c.png,True,False,30,,8.8,VendorListItem
112465,سوپرمارکت سین,False,https://cdn.snapp.express/media/cache/vendor_item_cover/uploads/images/vendors/covers/64bb7a96033b3.jpg,0,70000,3ee9w5,ACTIVE,خیابان بهار,29,False,https://cdn.snapp.express/media/cache/vendor_logo/uploads/images/vendors/logos/64bb7a95f2439.png,True,False,30,,8.4,VendorListItem
113658,فروشگاه هفت نامجو مشهد (همواره تخفیف),False,https://cdn.snapp.express/media/cache/vendor_item_cover/uploads/images/vendors/covers/65f69ea09a243.jpeg,0,80000,pz9kd2,ACTIVE,کوهسنگی,1,False,https://cdn.snapp.express/media/cache/vendor_logo/uploads/images/vendors/logos/65f69ea06e0a7.jfif,True,False,30,,9.0,VendorListItem
114098,جانبوامام رضا(همواره تخفیف),False,https://cdn.snapp.express/media/cache/vendor_item_cover/uploads/images/vendors/covers/66a0bd9619dd2.png,0,80000,09ey66,ACTIVE,خرمشهر,1,False,https://cdn.snapp.express/media/cache/vendor_logo/uploads/images/vendors/logos/66a0bd961553d.jpg,True,False,30,,0.0,VendorListItem
93828,جانبو هفده شهریور مشهد (همواره تخفیف),False,https://cdn.snapp.express/media/cache/vendor_item_cover/uploads/images/vendors/covers/66839fc130660.png,6826,80000,0yx86d,ACTIVE,خیابان بهار,468,False,https://cdn.snapp.express/media/cache/vendor_logo/uploads/images/vendors/logos/66839fc12d90b.jpg,True,False,30,,8.8,VendorListItem
113989,سوپرمارکت بیژانو,False,,0,70000,3ee2mj,ACTIVE,شهرک طالقانی,0,False,https://cdn.snapp.express/media/cache/vendor_logo/uploads/images/vendors/logos/668bac7ee3faa.jpg,True,False,30,,0.0,VendorListItem
55499,سوپرمارکت صحرا (شهرک طالقانی),False,https://cdn.snapp.express/media/cache/vendor_item_cover/uploads/images/vendors/covers/60a504b66b53d.jpg,20385,70000,3dmlew,ACTIVE,شهرک طالقانی,885,False,https://cdn.snapp.express/media/cache/vendor_logo/uploads/images/vendors/logos/default.png,True,False,30,,7.8,VendorListItem
112418,دیلی مارکت رودکی مشهد(همواره تخفیف),False,https://cdn.snapp.express/media/cache/vendor_item_cover/uploads/images/vendors/covers/64a92c34ebe68.jpg,0,100000,37ry5x,ACTIVE,کوهسنگی,23,False,https://cdn.snapp.express/media/cache/vendor_logo/uploads/images/vendors/logos/65b6158897985.jpg,True,False,30,,8.8,VendorListItem
110625,دیلی مارکت بهار مشهد(همواره تخفیف),False,https://cdn.snapp.express/media/cache/vendor_item_cover/uploads/images/vendors/covers/629d9ff190f7c.jpg,969,100000,0gkln2,ACTIVE,خیابان بهار,70,False,https://cdn.snapp.express/media/cache/vendor_logo/uploads/images/vendors/logos/65b614be8f85a.jpg,True,False,30,,8.4,VendorListItem
112121,فروشگاه هفت امام رضا مشهد(همواره تخفیف),False,https://cdn.snapp.express/media/cache/vendor_item_cover/uploads/images/vendors/covers/643e55ba88e41.png,0,90000,31zm5y,ACTIVE,خیابان بهار,20,False,https://cdn.snapp.express/media/cache/vendor_logo/uploads/images/vendors/logos/643e55ba8149a.png,True,False,30,,8.0,VendorListItem
111662,سوپرمارکت نیکان نیک,False,https://cdn.snapp.express/media/cache/vendor_item_cover/uploads/images/vendors/covers/634d3fc0bc21d.jpg,279,80000,p4z465,ACTIVE,خیابان بهار,71,False,https://cdn.snapp.express/media/cache/vendor_logo/uploads/images/vendors/logos/default.png,True,False,30,,8.2,VendorListItem
113496,سوپرمارکت مهدی,False,https://cdn.snapp.express/media/cache/vendor_item_cover/uploads/images/vendors/covers/65d4621ce5213.jpg,0,70000,0wq1d5,ACTIVE,حرم مطهر,1,False,https://cdn.snapp.express/media/cache/vendor_logo/uploads/images/vendors/logos/65d4621ccb235.png,True,False,30,,7.8,VendorListItem
110039,سوپرمارکت وانتد,False,https://cdn.snapp.express/media/cache/vendor_item_cover/uploads/images/vendors/covers/6211f0eb9aea8.jpg,3372,70000,0nv8l8,ACTIVE,رضاشهر,285,False,https://cdn.snapp.express/media/cache/vendor_logo/uploads/images/vendors/logos/default.png,True,False,30,,8.8,VendorListItem
113114,فروشگاه هفت کاوه مشهد (همواره تخفیف),False,https://cdn.snapp.express/media/cache/vendor_item_cover/uploads/images/vendors/covers/65819527ab6c5.png,0,80000,p4z2dr,ACTIVE,FIXME,4,False,https://cdn.snapp.express/media/cache/vendor_logo/uploads/images/vendors/logos/65819527a4556.png,True,False,30,,8.0,VendorListItem
56668,سوپرمارکت یاسین,False,https://cdn.snapp.express/media/cache/vendor_item_cover/uploads/images/vendors/covers/60a76b5a876fd.jpg,20548,70000,3ko65o,ACTIVE,میدان سرافرازان,1304,False,https://cdn.snapp.express/media/cache/vendor_logo/uploads/images/vendors/logos/default.png,True,False,30,,8.2,VendorListItem
113068,سوپرمارکت سورن,False,https://cdn.snapp.express/media/cache/vendor_item_cover/uploads/images/vendors/covers/6578104654175.jpg,0,70000,3kjo9o,ACTIVE,رضاشهر,10,False,https://cdn.snapp.express/media/cache/vendor_logo/uploads/images/vendors/logos/657810464dab3.png,True,False,30,,8.4,VendorListItem
113034,سوپرمارکت تمشک (حقیقت),False,https://cdn.snapp.express/media/cache/vendor_item_cover/uploads/images/vendors/covers/656ae16dce2fb.jpg,0,70000,pz98k2,ACTIVE,کوهسنگی,5,False,https://cdn.snapp.express/media/cache/vendor_logo/uploads/images/vendors/logos/656ae16dc8239.png,True,False,30,,8.2,VendorListItem
112444,سوپرمارکت آرمان (کوه سنگی),False,https://cdn.snapp.express/media/cache/vendor_item_cover/uploads/images/vendors/covers/64ae5d47cc0b2.jpg,0,70000,3kjv7o,ACTIVE,کوهسنگی,16,False,https://cdn.snapp.express/media/cache/vendor_logo/uploads/images/vendors/logos/64ae5d47c69d8.png,True,False,30,,8.0,VendorListItem
113719,جانبو میدان 10 دی مشهد (همواره تخفیف),False,https://cdn.snapp.express/media/cache/vendor_item_cover/uploads/images/vendors/covers/661a86220c96e.png,0,80000,0jjm8g,ACTIVE,سناباد,2,False,https://cdn.snapp.express/media/cache/vendor_logo/uploads/images/vendors/logos/66431095201bf.jpg,True,False,30,,0.0,VendorListItem
112446,سوپرمارکت چ,False,https://cdn.snapp.express/media/cache/vendor_item_cover/uploads/images/vendors/covers/64b2519c4befc.jpg,0,70000,p5z95w,ACTIVE,رضاشهر,29,False,https://cdn.snapp.express/media/cache/vendor_logo/uploads/images/vendors/logos/64b2519c458e4.png,True,False,30,,8.8,VendorListItem
93989,جانبو ابوذر غفاری مشهد (همواره تخفیف),False,https://cdn.snapp.express/media/cache/vendor_item_cover/uploads/images/vendors/covers/65e712baa05e5.png,3610,80000,3ewxq2,ACTIVE,کوهسنگی,195,False,https://cdn.snapp.express/media/cache/vendor_logo/uploads/images/vendors/logos/65e712ba6f44b.jpg,True,False,30,,8.4,VendorListItem
113394,فروشگاه هفت کوهسنگی مشهد (همواره تخفیف ),False,https://cdn.snapp.express/media/cache/vendor_item_cover/uploads/images/vendors/covers/65c3518234073.jfif,0,80000,p5zrme,ACTIVE,کوهسنگی,3,False,https://cdn.snapp.express/media/cache/vendor_logo/uploads/images/vendors/logos/65c35182143ce.jfif,True,False,30,,8.0,VendorListItem
113932,فروشگاه هفت صدرا مشهد (همواره تخفیف),False,https://cdn.snapp.express/media/cache/vendor_item_cover/uploads/images/vendors/covers/666ed6845cbd2.jpeg,0,80000,0ljmye,ACTIVE,کوهسنگی,0,False,https://cdn.snapp.express/media/cache/vendor_logo/uploads/images/vendors/logos/666ed684566bb.jfif,True,False,30,,0.0,VendorListItem
109593,اسمارت هاشمیه (سوپرمارکت زنجیره ای اسنپ),False,https://cdn.snapp.express/media/cache/vendor_item_cover/uploads/images/vendors/covers/65230f2715aa5.png,18218,100000,31qojw,ACTIVE,FIXME,1238,True,https://cdn.snapp.express/media/cache/vendor_logo/uploads/images/vendors/logos/65230f270f35c.png,True,False,30,,8.8,VendorListItem
93931,جانبو پایداری مشهد (همواره تخفیف),False,https://cdn.snapp.express/media/cache/vendor_item_cover/uploads/images/vendors/covers/6154217edd710.png,3998,80000,0m9vev,ACTIVE,شهرک جانبازان,238,False,https://cdn.snapp.express/media/cache/vendor_logo/uploads/images/vendors/logos/64342aba32ce7.png,True,False,30,,9.4,VendorListItem
55480,سوپرمارکت وی (بلوار هاشمیه),False,https://cdn.snapp.express/media/cache/vendor_item_cover/uploads/images/vendors/covers/60a502ba56cfd.jpg,34880,70000,0lendz,ACTIVE,هشتصد متری ها,1753,False,https://cdn.snapp.express/media/cache/vendor_logo/uploads/images/vendors/logos/default.png,True,False,30,,8.4,VendorListItem
113395,فروشگاه هفت ابن سینا مشهد(همواره تخفیف ),False,https://cdn.snapp.express/media/cache/vendor_item_cover/uploads/images/vendors/covers/65c356870e620.jfif,0,80000,32zryd,ACTIVE,سناباد,3,False,https://cdn.snapp.express/media/cache/vendor_logo/uploads/images/vendors/logos/65c35686e7fc8.jfif,True,False,30,,7.8,VendorListItem
111545,فروشگاه هفت گلشهر مشهد(همواره تخفیف),False,https://cdn.snapp.express/media/cache/vendor_item_cover/uploads/images/vendors/covers/631ec1e385824.jpeg,161,90000,31z25y,ACTIVE,گلشهر,51,False,https://cdn.snapp.express/media/cache/vendor_logo/uploads/images/vendors/logos/64342a4c8225c.png,True,False,30,,8.8,VendorListItem
53616,سوپرمارکت نوشین (احمد آباد - منتظری - کوه سنگی),False,https://cdn.snapp.express/media/cache/vendor_item_cover/uploads/images/vendors/covers/5e494c1c75ab2.jpg,33600,70000,3x1vjy,ACTIVE,سناباد,1931,False,https://cdn.snapp.express/media/cache/vendor_logo/uploads/images/vendors/logos/668d5c9fc5bd3.jpg,True,False,30,,8.2,VendorListItem
111967,فروشگاه هفت راهنمایی مشهد 2(همواره تخفیف),False,https://cdn.snapp.express/media/cache/vendor_item_cover/uploads/images/vendors/covers/63f2304a71df7.png,71,80000,0jjn5g,ACTIVE,آبکوه,33,False,https://cdn.snapp.express/media/cache/vendor_logo/uploads/images/vendors/logos/64342a4c8225c.png,True,False,30,,8.2,VendorListItem
109729,فروشگاه هفت آبکوه(همواره تخفیف),False,https://cdn.snapp.express/media/cache/vendor_item_cover/uploads/images/vendors/covers/61f27e3bba7f1.jpeg,2304,80000,pvlnwx,ACTIVE,FIXME,173,False,https://cdn.snapp.express/media/cache/vendor_logo/uploads/images/vendors/logos/64342a4c8225c.png,True,False,30,,7.4,VendorListItem
111160,فروشگاه هفت ابوریحان مفتح مشهد(همواره تخفیف),False,https://cdn.snapp.express/media/cache/vendor_item_cover/uploads/images/vendors/covers/6328134f9ec77.jpeg,664,90000,pojqn8,ACTIVE,خیرآباد,93,False,https://cdn.snapp.express/media/cache/vendor_logo/uploads/images/vendors/logos/64342a4c8225c.png,True,False,30,,9.0,VendorListItem
109754,فروشگاه هفت مفتح مشهد (همواره تخفیف),False,https://cdn.snapp.express/media/cache/vendor_item_cover/uploads/images/vendors/covers/61f6669b098d5.jpeg,4062,90000,p6reko,ACTIVE,کوی طلاب,444,False,https://cdn.snapp.express/media/cache/vendor_logo/uploads/images/vendors/logos/64342a4c8225c.png,True,False,30,,9.0,VendorListItem
73322,سوپرمارکت باران,False,https://cdn.snapp.express/media/cache/vendor_item_cover/uploads/images/vendors/covers/60a9fa4cf2031.jpg,6919,70000,p55qqj,ACTIVE,کوی طلاب,664,False,https://cdn.snapp.express/media/cache/vendor_logo/uploads/images/vendors/logos/default.png,True,False,30,,8.6,VendorListItem
113729,جانبو عسگریه مشهد (همواره تخفیف),False,https://cdn.snapp.express/media/cache/vendor_item_cover/uploads/images/vendors/covers/661b9996a63c3.png,0,80000,pvq1kv,ACTIVE,کوی طلاب,2,False,https://cdn.snapp.express/media/cache/vendor_logo/uploads/images/vendors/logos/664310615cfa1.jpg,True,False,30,,9.4,VendorListItem
113391,فروشگاه هفت پیروزی مشهد (همواره تخفیف),False,https://cdn.snapp.express/media/cache/vendor_item_cover/uploads/images/vendors/covers/6649e26c5f51f.png,0,80000,0jj4wq,ACTIVE,شهرک چهارچشمه ,7,False,https://cdn.snapp.express/media/cache/vendor_logo/uploads/images/vendors/logos/65c343bdea024.jfif,True,False,30,,9.0,VendorListItem
113696,سوپرمارکت ایرانا,False,,0,70000,0wq1jq,ACTIVE,آبکوه,0,False,https://cdn.snapp.express/media/cache/vendor_logo/uploads/images/vendors/logos/6613b9c689250.png,True,False,30,,0.0,VendorListItem
110717,دیلی مارکت سلمان فارسی (همواره تخفیف),False,https://cdn.snapp.express/media/cache/vendor_item_cover/uploads/images/vendors/covers/62b01b351f110.jpg,1330,100000,3eel22,ACTIVE,آبکوه,119,False,https://cdn.snapp.express/media/cache/vendor_logo/uploads/images/vendors/logos/65b61571d5703.jpg,True,False,30,,9.0,VendorListItem
113392,فروشگاه هفت کلاهدوز مشهد (همواره تخفیف ),False,https://cdn.snapp.express/media/cache/vendor_item_cover/uploads/images/vendors/covers/662dfb79db732.png,0,80000,3kjogq,ACTIVE,سناباد,11,False,https://cdn.snapp.express/media/cache/vendor_logo/uploads/images/vendors/logos/65c345e5c973c.jfif,True,False,30,,8.0,VendorListItem
113396,فروشگاه هفت پارسی مشهد (همواره تخفیف ),False,https://cdn.snapp.express/media/cache/vendor_item_cover/uploads/images/vendors/covers/65c359822baea.jfif,0,80000,0wqz88,ACTIVE,آبکوه,11,False,https://cdn.snapp.express/media/cache/vendor_logo/uploads/images/vendors/logos/65c3598215a4b.jfif,True,False,30,,8.4,VendorListItem
112467,سوپرمارکت فلفل,False,https://cdn.snapp.express/media/cache/vendor_item_cover/uploads/images/vendors/covers/64bb854fe4215.jpg,0,70000,0jjr2r,ACTIVE,آبکوه,21,False,https://cdn.snapp.express/media/cache/vendor_logo/uploads/images/vendors/logos/64bb854fd6e3f.png,True,False,30,,8.6,VendorListItem
112420,دیلی مارکت مطهری جنوبی مشهد (همواره تخفیف),False,https://cdn.snapp.express/media/cache/vendor_item_cover/uploads/images/vendors/covers/64a93f5db14c7.jpg,0,100000,3kjvoo,ACTIVE,کوی ولیعصر,36,False,https://cdn.snapp.express/media/cache/vendor_logo/uploads/images/vendors/logos/65b614ce67d74.jpg,True,False,30,,8.8,VendorListItem
109739,فروشگاه هفت هاشمی نژاد(همواره تخفیف),False,https://cdn.snapp.express/media/cache/vendor_item_cover/uploads/images/vendors/covers/61f4e32a02643.jpeg,2732,80000,0nvmkz,ACTIVE,سراب,210,False,https://cdn.snapp.express/media/cache/vendor_logo/uploads/images/vendors/logos/64342a4c8225c.png,True,False,30,,8.8,VendorListItem
110950,دیلی مارکت خیابان بهجت مشهد(همواره تخفیف),False,https://cdn.snapp.express/media/cache/vendor_item_cover/uploads/images/vendors/covers/62cd602384437.jpg,686,100000,09exnk,ACTIVE,سراب,78,False,https://cdn.snapp.express/media/cache/vendor_logo/uploads/images/vendors/logos/65b6153a9d5ba.jpg,True,False,30,,8.8,VendorListItem
113857,فروشگاه هفت نبوت مشهد (همواره تخفیف),False,https://cdn.snapp.express/media/cache/vendor_item_cover/uploads/images/vendors/covers/6649e674e0992.jpeg,0,80000,0q1dny,ACTIVE,کوی طلاب,3,False,https://cdn.snapp.express/media/cache/vendor_logo/uploads/images/vendors/logos/6649e674da207.jfif,True,False,30,,0.0,VendorListItem
58074,سوپرمارکت نوین مارکت (هاشمیه),False,https://cdn.snapp.express/media/cache/vendor_item_cover/uploads/images/vendors/covers/5eeede7ac5868.jpg,8915,70000,0977zd,ACTIVE,هشتصد متری ها,525,False,https://cdn.snapp.express/media/cache/vendor_logo/uploads/images/vendors/logos/default.png,True,False,30,,8.4,VendorListItem
110285,اسمارت فرامرز عباسی (سوپرمارکت زنجیره ای اسنپ),False,https://cdn.snapp.express/media/cache/vendor_item_cover/uploads/images/vendors/covers/65230ef2d997d.png,12668,100000,p8okwg,ACTIVE,فرامرزعباسی,866,True,https://cdn.snapp.express/media/cache/vendor_logo/uploads/images/vendors/logos/65230ef2d4526.png,True,False,30,,8.4,VendorListItem
55736,سوپرمارکت دانیال (بلوار فلسطین),False,https://cdn.snapp.express/media/cache/vendor_item_cover/uploads/images/vendors/covers/60a50f9f84ed6.jpg,34823,70000,pooqdj,ACTIVE,آبکوه,1737,False,https://cdn.snapp.express/media/cache/vendor_logo/uploads/images/vendors/logos/default.png,True,False,30,,8.6,VendorListItem
55658,سوپرمارکت جردن (بلوار سپهبد قرنی),False,https://cdn.snapp.express/media/cache/vendor_item_cover/uploads/images/vendors/covers/60a50d81795ef.jpg,12671,75000,pz86ze,ACTIVE,کوی ولیعصر,1019,False,https://cdn.snapp.express/media/cache/vendor_logo/uploads/images/vendors/logos/668cdfae1a579.jpg,True,False,30,,8.6,VendorListItem
93919,جانبو رسالت طلا مشهد (همواره تخفیف),False,https://cdn.snapp.express/media/cache/vendor_item_cover/uploads/images/vendors/covers/615417134470a.png,5821,90000,0j29yg,ACTIVE,خیرآباد,434,False,https://cdn.snapp.express/media/cache/vendor_logo/uploads/images/vendors/logos/64342aba32ce7.png,True,False,30,,9.4,VendorListItem
112559,دیلی مارکت خیابان طبرسی مشهد(همواره تخفیف),False,https://cdn.snapp.express/media/cache/vendor_item_cover/uploads/images/vendors/covers/64e1d29f0c1b1.jpg,0,100000,0rqvn1,ACTIVE,قله صحرایی,25,False,https://cdn.snapp.express/media/cache/vendor_logo/uploads/images/vendors/logos/65b6154a61e27.jpg,True,False,30,,9.4,VendorListItem
111165,فروشگاه هفت بابانظر مشهد(همواره تخفیف),False,https://cdn.snapp.express/media/cache/vendor_item_cover/uploads/images/vendors/covers/62ea4d0b588fa.jpeg,857,90000,3eel7m,ACTIVE,طبرسی,176,False,https://cdn.snapp.express/media/cache/vendor_logo/uploads/images/vendors/logos/64342a4c8225c.png,True,False,30,,9.2,VendorListItem
114038,سوپرمارکت میسومارکت,False,,0,80000,p4z7o5,ACTIVE,هشتصد متری ها,1,False,https://cdn.snapp.express/media/cache/vendor_logo/uploads/images/vendors/logos/669b98b2a30c0.jpg,True,False,30,,0.0,VendorListItem
110946,دیلی مارکت بلوار پیروزی مشهد (همواره تخفیف),False,https://cdn.snapp.express/media/cache/vendor_item_cover/uploads/images/vendors/covers/62cd64c645732.jpg,537,100000,p5z2ne,ACTIVE,هشتصد متری ها,83,False,https://cdn.snapp.express/media/cache/vendor_logo/uploads/images/vendors/logos/657589abde3c6.jpg,True,False,30,,9.0,VendorListItem
114177,فروشگاه هفت پیروزی 39 مشهد ( همواره تخفیف),False,https://cdn.snapp.express/media/cache/vendor_item_cover/uploads/images/vendors/covers/66b0d56b3d575.jpeg,0,80000,pvqe15,ACTIVE,FIXME,0,False,https://cdn.snapp.express/media/cache/vendor_logo/uploads/images/vendors/logos/66b0d56b394f2.jfif,True,False,30,,0.0,VendorListItem
53070,سوپرمارکت نوشین (وکیل آباد - هاشمیّه - فکوری),False,https://cdn.snapp.express/media/cache/vendor_item_cover/uploads/images/vendors/covers/5e494bcbebe41.jpg,55291,70000,p59m9w,ACTIVE,هاشمیه,2372,False,https://cdn.snapp.express/media/cache/vendor_logo/uploads/images/vendors/logos/default.png,True,False,30,,8.4,VendorListItem
113848,سوپرمارکت کوثر,False,,0,70000,0wq1mv,ACTIVE,FIXME,3,False,https://cdn.snapp.express/media/cache/vendor_logo/uploads/images/vendors/logos/66448a9d5b12d.png,True,False,30,,0.0,VendorListItem
90951,سوپرمارکت خاتون,False,https://cdn.snapp.express/media/cache/vendor_item_cover/uploads/images/vendors/covers/614098c9454e8.jpg,2014,70000,3dv26d,ACTIVE,آبکوه,128,False,https://cdn.snapp.express/media/cache/vendor_logo/uploads/images/vendors/logos/default.png,True,False,30,,9.0,VendorListItem
109557,جانبو مطهری شمال (همواره تخفیف),False,https://cdn.snapp.express/media/cache/vendor_item_cover/uploads/images/vendors/covers/61cef5b852e85.png,2017,80000,0qlz52,ACTIVE,عباس آباد,114,False,https://cdn.snapp.express/media/cache/vendor_logo/uploads/images/vendors/logos/64342aba32ce7.png,True,False,30,,8.8,VendorListItem
111163,فروشگاه هفت عابدی مشهد (همواره تخفیف),False,https://cdn.snapp.express/media/cache/vendor_item_cover/uploads/images/vendors/covers/62dfeca2a932e.jfif,727,80000,0njl86,ACTIVE,سمرقند,92,False,https://cdn.snapp.express/media/cache/vendor_logo/uploads/images/vendors/logos/64342a4c8225c.png,True,False,30,,8.8,VendorListItem
109524,سوپرمارکت حجت,False,https://cdn.snapp.express/media/cache/vendor_item_cover/uploads/images/vendors/covers/61cc2e94b8a5f.jpg,5446,70000,0wwx9g,ACTIVE,خیرآباد,499,False,https://cdn.snapp.express/media/cache/vendor_logo/uploads/images/vendors/logos/6576c160cd562.png,True,False,30,,9.0,VendorListItem
113727,جانبو رسالت مشهد(همواره تخفیف),False,https://cdn.snapp.express/media/cache/vendor_item_cover/uploads/images/vendors/covers/661b94f7e0133.png,0,80000,3der8d,ACTIVE,خیرآباد,1,False,https://cdn.snapp.express/media/cache/vendor_logo/uploads/images/vendors/logos/66430faab8224.jpg,True,False,30,,0.0,VendorListItem
111982,سوپرمارکت مکث مارکت,False,https://cdn.snapp.express/media/cache/vendor_item_cover/uploads/images/vendors/covers/63bbb3ebd77fb.jpg,15,70000,pz9egj,ACTIVE,قله صحرایی,301,False,https://cdn.snapp.express/media/cache/vendor_logo/uploads/images/vendors/logos/default.png,True,False,30,,8.8,VendorListItem
113748,جانبو پنج تن صادقیه مشهد (همواره تخفیف),False,https://cdn.snapp.express/media/cache/vendor_item_cover/uploads/images/vendors/covers/6623939bec0ab.png,0,80000,0wq1kg,ACTIVE,طبرسی,3,False,https://cdn.snapp.express/media/cache/vendor_logo/uploads/images/vendors/logos/6623939be8d6d.jpg,True,False,30,,0.0,VendorListItem
113762,دیلی مارکت بزرگراه بابانظر مشهد (همواره تخفیف),False,https://cdn.snapp.express/media/cache/vendor_item_cover/uploads/images/vendors/covers/66277e2c2d62d.jpg,0,100000,p4z78r,ACTIVE,طبرسی,2,False,https://cdn.snapp.express/media/cache/vendor_logo/uploads/images/vendors/logos/66277e2c2a370.jpg,True,False,30,,9.0,VendorListItem
113532,سوپرمارکت سورنا(طبرسی),False,https://cdn.snapp.express/media/cache/vendor_item_cover/uploads/images/vendors/covers/65dee6563e852.jpg,0,70000,0ljm6k,ACTIVE,طبرسی,7,False,https://cdn.snapp.express/media/cache/vendor_logo/uploads/images/vendors/logos/65dee6560b8a7.png,True,False,30,,9.0,VendorListItem
112182,فروشگاه هفت پنج تن مشهد(همواره تخفیف),False,https://cdn.snapp.express/media/cache/vendor_item_cover/uploads/images/vendors/covers/6649ae71ef507.png,0,100000,pz9e21,ACTIVE,طبرسی,16,False,https://cdn.snapp.express/media/cache/vendor_logo/uploads/images/vendors/logos/6649ae71ebcda.png,True,False,30,,9.4,VendorListItem
110704,فروشگاه هفت فکوری(همواره تخفیف),False,https://cdn.snapp.express/media/cache/vendor_item_cover/uploads/images/vendors/covers/62a72ae082847.jfif,2392,80000,0ygyrm,ACTIVE,ششصد متری ها,155,False,https://cdn.snapp.express/media/cache/vendor_logo/uploads/images/vendors/logos/64342a4c8225c.png,True,False,30,,8.8,VendorListItem
65696,سوپرمارکت روما (هنرستان),False,https://cdn.snapp.express/media/cache/vendor_item_cover/uploads/images/vendors/covers/60a7a3b21f572.jpg,8641,70000,0wzrdq,ACTIVE,FIXME,542,False,https://cdn.snapp.express/media/cache/vendor_logo/uploads/images/vendors/logos/default.png,True,False,30,,8.6,VendorListItem
110823,فروشگاه هفت حر عاملی مشهد (همواره تخفیف),False,https://cdn.snapp.express/media/cache/vendor_item_cover/uploads/images/vendors/covers/62c54fc78894d.jfif,900,80000,32z6g5,ACTIVE,میل کاریز,53,False,https://cdn.snapp.express/media/cache/vendor_logo/uploads/images/vendors/logos/64342a4c8225c.png,True,False,30,,8.8,VendorListItem
110951,دیلی مارکت مطهری شمالی مشهد (همواره تخفیف),False,https://cdn.snapp.express/media/cache/vendor_item_cover/uploads/images/vendors/covers/62cd5f3964079.jpg,750,100000,3del1x,ACTIVE,عباس آباد,114,False,https://cdn.snapp.express/media/cache/vendor_logo/uploads/images/vendors/logos/65b6150820151.jpg,True,False,30,,9.0,VendorListItem
110718,دیلی مارکت بلوار طبرسی(همواره تخفیف),False,https://cdn.snapp.express/media/cache/vendor_item_cover/uploads/images/vendors/covers/62b01f00451cf.jpg,952,100000,37r4w9,ACTIVE,طبرسی,163,False,https://cdn.snapp.express/media/cache/vendor_logo/uploads/images/vendors/logos/65b614db374c1.jpg,True,False,30,,9.2,VendorListItem
110624,دیلی مارکت خیابان گاز مشهد(همواره تخفیف),False,https://cdn.snapp.express/media/cache/vendor_item_cover/uploads/images/vendors/covers/629d9ebb903fc.jpg,1176,100000,0wq5dq,ACTIVE,قله صحرایی,128,False,https://cdn.snapp.express/media/cache/vendor_logo/uploads/images/vendors/logos/65b6152b9bd56.jpg,True,False,30,,9.0,VendorListItem
113725,جانبو مترو طبرسی مشهد (همواره تخفیف),False,https://cdn.snapp.express/media/cache/vendor_item_cover/uploads/images/vendors/covers/661b8e02a38fc.png,0,80000,0gkrjx,ACTIVE,طبرسی,9,False,https://cdn.snapp.express/media/cache/vendor_logo/uploads/images/vendors/logos/66430ea30baa3.jpg,True,False,30,,9.4,VendorListItem
110945,دیلی مارکت بلوار لادن مشهد (همواره تخفیف),False,https://cdn.snapp.express/media/cache/vendor_item_cover/uploads/images/vendors/covers/62cd65bd826e5.jpg,526,100000,31zvry,ACTIVE,لاله,56,False,https://cdn.snapp.express/media/cache/vendor_logo/uploads/images/vendors/logos/65b615c6f20f7.jpg,True,False,30,,8.8,VendorListItem
113069,سوپرمارکت بزرگ هفت تیر,False,https://cdn.snapp.express/media/cache/vendor_item_cover/uploads/images/vendors/covers/65781113d3e0d.jpg,0,70000,31zxq4,ACTIVE,شهرک مروارید,17,False,https://cdn.snapp.express/media/cache/vendor_logo/uploads/images/vendors/logos/65781113cce0e.png,True,False,30,,8.4,VendorListItem
113119,سوپرمارکت سام,False,https://cdn.snapp.express/media/cache/vendor_item_cover/uploads/images/vendors/covers/6582b803a6304.jpg,0,70000,0jj45g,ACTIVE,هاشمیه,64,False,https://cdn.snapp.express/media/cache/vendor_logo/uploads/images/vendors/logos/6582b803a1a4f.png,True,False,30,,8.6,VendorListItem
110695,سوپرمارکت تمشک,False,https://cdn.snapp.express/media/cache/vendor_item_cover/uploads/images/vendors/covers/62a486088d08b.jpg,553,70000,32z6rq,ACTIVE,دندانپزشکان,126,False,https://cdn.snapp.express/media/cache/vendor_logo/uploads/images/vendors/logos/default.png,True,False,30,,7.8,VendorListItem
56495,سوپرمارکت صادقی (فردوسی),False,https://cdn.snapp.express/media/cache/vendor_item_cover/uploads/images/vendors/covers/60a6282744c24.jpg,40156,70000,32rm7l,ACTIVE,فرامرزعباسی,2326,False,https://cdn.snapp.express/media/cache/vendor_logo/uploads/images/vendors/logos/default.png,True,False,30,,9.2,VendorListItem
67623,سوپرمارکت سوپراستار,False,https://cdn.snapp.express/media/cache/vendor_item_cover/uploads/images/vendors/covers/60ab4ec0df457.jpg,8011,75000,32rjg5,ACTIVE,میل کاریز,642,False,https://cdn.snapp.express/media/cache/vendor_logo/uploads/images/vendors/logos/default.png,True,False,30,,8.8,VendorListItem
113657,فروشگاه هفت مطهری مشهد (همواره تخفیف),False,https://cdn.snapp.express/media/cache/vendor_item_cover/uploads/images/vendors/covers/65f69d9aa626c.jpeg,0,80000,0q1dlw,ACTIVE,سمرقند,4,False,https://cdn.snapp.express/media/cache/vendor_logo/uploads/images/vendors/logos/65f69d9a900c1.jfif,True,False,30,,8.6,VendorListItem
113497,سوپرمارکت سورنا(سیرجانی),False,https://cdn.snapp.express/media/cache/vendor_item_cover/uploads/images/vendors/covers/65d46501118e0.jpg,0,70000,0gkrnn,ACTIVE,سمرقند,8,False,https://cdn.snapp.express/media/cache/vendor_logo/uploads/images/vendors/logos/65d4650108251.png,True,False,30,,8.4,VendorListItem
111543,فروشگاه هفت طبرسی مشهد (همواره تخفیف),False,https://cdn.snapp.express/media/cache/vendor_item_cover/uploads/images/vendors/covers/631ec78fd3ac6.jpeg,148,90000,0jjyqq,ACTIVE,طبرسی,22,False,https://cdn.snapp.express/media/cache/vendor_logo/uploads/images/vendors/logos/64342a4c8225c.png,True,False,30,,9.4,VendorListItem
55795,سوپرمارکت هایپر رضوی,False,https://cdn.snapp.express/media/cache/vendor_item_cover/uploads/images/vendors/covers/5e8c7d6a957ff.jpg,36620,70000,32r6yd,ACTIVE,لاله,2006,False,https://cdn.snapp.express/media/cache/vendor_logo/uploads/images/vendors/logos/default.png,True,False,30,,8.8,VendorListItem
55507,سوپرمارکت ایران (بلوار صیاد شیرازی),False,https://cdn.snapp.express/media/cache/vendor_item_cover/uploads/images/vendors/covers/60a5062f92429.jpg,50774,70000,0m1ljv,ACTIVE,لاله,2507,False,https://cdn.snapp.express/media/cache/vendor_logo/uploads/images/vendors/logos/default.png,True,False,30,,8.8,VendorListItem
113928,فروشگاه هفت شیرازی مشهد (همواره تخفیف),False,https://cdn.snapp.express/media/cache/vendor_item_cover/uploads/images/vendors/covers/66698cea7f330.jpeg,0,80000,0ygjey,ACTIVE,شهرک مروارید,0,False,https://cdn.snapp.express/media/cache/vendor_logo/uploads/images/vendors/logos/66698cea7b5e6.jfif,True,False,30,,0.0,VendorListItem
66491,سوپرمارکت زیتون (وکیل آباد),False,https://cdn.snapp.express/media/cache/vendor_item_cover/uploads/images/vendors/covers/60ab52d850a96.jpg,14207,70000,0j4986,ACTIVE,آزادشهر,756,False,https://cdn.snapp.express/media/cache/vendor_logo/uploads/images/vendors/logos/default.png,True,False,30,,8.2,VendorListItem
112058,وال مارکت مشهد (همواره تخفیف),False,https://cdn.snapp.express/media/cache/vendor_item_cover/uploads/images/vendors/covers/63f9c51ec9993.jpg,0,90000,pz9ere,ACTIVE,آزادشهر,85,False,https://cdn.snapp.express/media/cache/vendor_logo/uploads/images/vendors/logos/64342de96b47f.png,True,False,30,,8.8,VendorListItem
113235,سوپرمارکت گلددریان(سورینت),False,https://cdn.snapp.express/media/cache/vendor_item_cover/uploads/images/vendors/covers/65990ab8b9d3d.jpg,0,70000,0rqx7v,ACTIVE,فرامرزعباسی,5,False,https://cdn.snapp.express/media/cache/vendor_logo/uploads/images/vendors/logos/65990ab8b3266.png,True,False,30,,7.8,VendorListItem
113722,جانبو فردوسی مشهد (همواره تخفیف),False,https://cdn.snapp.express/media/cache/vendor_item_cover/uploads/images/vendors/covers/661a9a38b2004.png,0,80000,p5z5vv,ACTIVE,میدان فردوسی,2,False,https://cdn.snapp.express/media/cache/vendor_logo/uploads/images/vendors/logos/661a9a38a0576.jpg,True,False,30,,0.0,VendorListItem
109750,فروشگاه هفت عبدالمطلب(همواره تخفیف),False,https://cdn.snapp.express/media/cache/vendor_item_cover/uploads/images/vendors/covers/61f6590427a8f.jpeg,2565,85000,09jk8k,ACTIVE,کنارکال,177,False,https://cdn.snapp.express/media/cache/vendor_logo/uploads/images/vendors/logos/64342a4c8225c.png,True,False,30,,8.8,VendorListItem
72628,سوپرمارکت ویژن,False,https://cdn.snapp.express/media/cache/vendor_item_cover/uploads/images/vendors/covers/60ab4367cd6bf.jpg,7798,70000,0yjxkr,ACTIVE,شهرک مروارید,520,False,https://cdn.snapp.express/media/cache/vendor_logo/uploads/images/vendors/logos/default.png,True,False,30,,8.6,VendorListItem
113320,سوپرمارکت پارس طلایی,False,https://cdn.snapp.express/media/cache/vendor_item_cover/uploads/images/vendors/covers/65afb58a6d784.jpg,0,70000,3kjorq,ACTIVE,شهرک مروارید,21,False,https://cdn.snapp.express/media/cache/vendor_logo/uploads/images/vendors/logos/65afb58a5098f.png,True,False,30,,8.2,VendorListItem
113656,فروشگاه هفت معلم 17 مشهد (همواره تخفیف),False,https://cdn.snapp.express/media/cache/vendor_item_cover/uploads/images/vendors/covers/65f69bc0da01f.jpeg,0,80000,0ljmdz,ACTIVE,آزادشهر,2,False,https://cdn.snapp.express/media/cache/vendor_logo/uploads/images/vendors/logos/65f69bc0b9fa4.jfif,True,False,30,,8.6,VendorListItem
113561,سوپرمارکت شکلات تلخ,False,,0,70000,p8eg4r,ACTIVE,آزادشهر,5,False,https://cdn.snapp.express/media/cache/vendor_logo/uploads/images/vendors/logos/65e44ba1b76fa.png,True,False,30,,7.4,VendorListItem
111473,فروشگاه هفت امامت مشهد(همواره تخفیف),False,https://cdn.snapp.express/media/cache/vendor_item_cover/uploads/images/vendors/covers/6309df5927487.jpeg,1441,80000,0gkn4m,ACTIVE,آزادشهر,92,False,https://cdn.snapp.express/media/cache/vendor_logo/uploads/images/vendors/logos/64342a4c8225c.png,True,False,30,,9.0,VendorListItem
110622,دیلی مارکت فرامرز عباسی مشهد (همواره تخفیف),False,https://cdn.snapp.express/media/cache/vendor_item_cover/uploads/images/vendors/covers/629d9ba76ccb7.jpg,1514,100000,p5z2ow,ACTIVE,فرامرزعباسی,115,False,https://cdn.snapp.express/media/cache/vendor_logo/uploads/images/vendors/logos/65afc5b218f6d.jpg,True,False,30,,9.0,VendorListItem
112427,سوپرمارکت پگاه,False,https://cdn.snapp.express/media/cache/vendor_item_cover/uploads/images/vendors/covers/64aa959a9e10b.jpg,0,70000,3degmw,ACTIVE,فرامرزعباسی,33,False,https://cdn.snapp.express/media/cache/vendor_logo/uploads/images/vendors/logos/64aa959a98d6a.png,True,False,30,,9.0,VendorListItem
55635,سوپرمارکت کوروش,False,https://cdn.snapp.express/media/cache/vendor_item_cover/uploads/images/vendors/covers/60a50cd343608.jpg,19267,70000,0rxm7v,ACTIVE,کوی امیرالمونین,2140,False,https://cdn.snapp.express/media/cache/vendor_logo/uploads/images/vendors/logos/66895e359a47d.jpg,True,False,30,,8.6,VendorListItem
109741,فروشگاه هفت هدایت مشهد (همواره تخفیف),False,https://cdn.snapp.express/media/cache/vendor_item_cover/uploads/images/vendors/covers/6284f1bfbb218.jpeg,4410,90000,3ezk4j,ACTIVE,کنارکال,399,False,https://cdn.snapp.express/media/cache/vendor_logo/uploads/images/vendors/logos/64342a4c8225c.png,True,False,30,,8.6,VendorListItem
113728,جانبو ایثارگران مشهد (همواره تخفیف),False,https://cdn.snapp.express/media/cache/vendor_item_cover/uploads/images/vendors/covers/661b96fd2ca22.png,0,80000,0ygj2m,ACTIVE,کنارکال,1,False,https://cdn.snapp.express/media/cache/vendor_logo/uploads/images/vendors/logos/6643100f73c8b.jpg,True,False,30,,9.4,VendorListItem
112417,دیلی مارکت اقبال مشهد(همواره تخفیف),False,https://cdn.snapp.express/media/cache/vendor_item_cover/uploads/images/vendors/covers/64a929d800b6b.jpg,0,100000,3ee9q5,ACTIVE,لاله,16,False,https://cdn.snapp.express/media/cache/vendor_logo/uploads/images/vendors/logos/65b615dce329f.jpg,True,False,30,,8.8,VendorListItem
72123,سوپرمارکت ایران (اقبال لاهوری),False,https://cdn.snapp.express/media/cache/vendor_item_cover/uploads/images/vendors/covers/60ab446ae5cc5.jpg,6633,70000,32xxx2,ACTIVE,لاله,376,False,https://cdn.snapp.express/media/cache/vendor_logo/uploads/images/vendors/logos/default.png,True,False,30,,9.2,VendorListItem
109555,جانبو اقبال(همواره تخفیف),False,https://cdn.snapp.express/media/cache/vendor_item_cover/uploads/images/vendors/covers/61cee951c067a.png,1160,80000,0my61v,ACTIVE,لاله,68,False,https://cdn.snapp.express/media/cache/vendor_logo/uploads/images/vendors/logos/65e7138f79e34.jpg,True,False,30,,8.4,VendorListItem
109733,فروشگاه هفت اقبال لاهوری(همواره تخفیف),False,https://cdn.snapp.express/media/cache/vendor_item_cover/uploads/images/vendors/covers/61f28566c0bad.jpeg,1431,80000,0qlzkd,ACTIVE,لاله,104,False,https://cdn.snapp.express/media/cache/vendor_logo/uploads/images/vendors/logos/64342a4c8225c.png,True,False,30,,9.2,VendorListItem
93930,جانبو فرهنگ مشهد(همواره تخفیف),False,https://cdn.snapp.express/media/cache/vendor_item_cover/uploads/images/vendors/covers/66587110f3fec.png,4578,80000,p6gmdw,ACTIVE,شهرک صدف,278,False,https://cdn.snapp.express/media/cache/vendor_logo/uploads/images/vendors/logos/66587110ed1fe.png,True,False,30,,9.0,VendorListItem
110947,دیلی مارکت خیابان فخرایی مشهد(همواره تخفیف),False,https://cdn.snapp.express/media/cache/vendor_item_cover/uploads/images/vendors/covers/62cd631d4ab62.jpg,305,100000,32z6od,ACTIVE,شهرک صدف,48,False,https://cdn.snapp.express/media/cache/vendor_logo/uploads/images/vendors/logos/65b4a82bdce63.jpg,True,False,30,,9.2,VendorListItem
113560,سوپرمارکت یاس,False,,0,70000,pojgr8,ACTIVE,آزادشهر,9,False,https://cdn.snapp.express/media/cache/vendor_logo/uploads/images/vendors/logos/65e448bf1603d.png,True,False,30,,9.2,VendorListItem
113393,فروشگاه هفت امامت 21 مشهد(همواره تخفیف ),False,https://cdn.snapp.express/media/cache/vendor_item_cover/uploads/images/vendors/covers/65c34e09d8f20.jfif,0,80000,31zxdy,ACTIVE,زیبا شهر,2,False,https://cdn.snapp.express/media/cache/vendor_logo/uploads/images/vendors/logos/65c34e09a053b.jfif,True,False,30,,9.0,VendorListItem
93918,جانبو فرامرز مشهد (همواره تخفیف),False,https://cdn.snapp.express/media/cache/vendor_item_cover/uploads/images/vendors/covers/65e7146b98751.png,4786,80000,379lj9,ACTIVE,فرامرزعباسی,236,False,https://cdn.snapp.express/media/cache/vendor_logo/uploads/images/vendors/logos/65e7146b84d95.jpg,True,False,30,,9.0,VendorListItem
112421,دیلی مارکت موسوی قوچانی مشهد(همواره تخفیف),False,https://cdn.snapp.express/media/cache/vendor_item_cover/uploads/images/vendors/covers/64a941859650a.jpg,0,100000,31zlx4,ACTIVE,شهرک نان رضوی,20,False,https://cdn.snapp.express/media/cache/vendor_logo/uploads/images/vendors/logos/65b6151943ba9.jpg,True,False,30,,9.2,VendorListItem
111560,اسمارت فلاحی (سوپرمارکت زنجیره ای اسنپ),False,https://cdn.snapp.express/media/cache/vendor_item_cover/uploads/images/vendors/covers/65230c775dba2.png,4071,100000,poj98j,ACTIVE,شهرک غرب,590,True,https://cdn.snapp.express/media/cache/vendor_logo/uploads/images/vendors/logos/65230c7758948.png,True,False,30,,8.8,VendorListItem
113265,سوپرمارکت هایپر سون الون,False,https://cdn.snapp.express/media/cache/vendor_item_cover/uploads/images/vendors/covers/659d243275c25.jpg,0,70000,3eeqyo,ACTIVE,دندانپزشکان,5,False,https://cdn.snapp.express/media/cache/vendor_logo/uploads/images/vendors/logos/659d243255847.png,True,False,30,,8.8,VendorListItem
93834,جانبو خیام شکری مشهد (همواره تخفیف),False,https://cdn.snapp.express/media/cache/vendor_item_cover/uploads/images/vendors/covers/63ba6bc1f2e41.png,3065,80000,pz12m2,ACTIVE,کوی امیرالمونین,216,False,https://cdn.snapp.express/media/cache/vendor_logo/uploads/images/vendors/logos/64342aba32ce7.png,True,False,30,,8.8,VendorListItem
110623,دیلی مارکت هدایت مشهد(همواره تخفیف),False,https://cdn.snapp.express/media/cache/vendor_item_cover/uploads/images/vendors/covers/629d9d6509263.jpg,842,100000,32z67q,ACTIVE,شهرک نان رضوی,78,False,https://cdn.snapp.express/media/cache/vendor_logo/uploads/images/vendors/logos/65b614f4490ea.jpg,True,False,30,,9.4,VendorListItem
65280,سوپرمارکت هایپر پروتیین ارم(صدف),False,https://cdn.snapp.express/media/cache/vendor_item_cover/uploads/images/vendors/covers/60a7a1b5c76a8.jpg,16957,70000,0leojn,ACTIVE,شهرک نان رضوی,1198,False,https://cdn.snapp.express/media/cache/vendor_logo/uploads/images/vendors/logos/default.png,True,False,30,,7.8,VendorListItem
113907,جانبو حجاب هدایت پارک مشهد (همواره تخفیف),False,https://cdn.snapp.express/media/cache/vendor_item_cover/uploads/images/vendors/covers/66642c371692b.png,0,80000,0mjmgz,ACTIVE,شهرک نان رضوی,3,False,https://cdn.snapp.express/media/cache/vendor_logo/uploads/images/vendors/logos/66642c3711932.jpg,True,False,30,,0.0,VendorListItem
110824,فروشگاه هفت معلم مشهد (همواره تخفیف),False,https://cdn.snapp.express/media/cache/vendor_item_cover/uploads/images/vendors/covers/62c551b409a85.jfif,889,80000,0wq5jv,ACTIVE,دندانپزشکان,74,False,https://cdn.snapp.express/media/cache/vendor_logo/uploads/images/vendors/logos/64342a4c8225c.png,True,False,30,,8.8,VendorListItem
113723,جانبو معلم مشهد (همواره تخفیف),False,https://cdn.snapp.express/media/cache/vendor_item_cover/uploads/images/vendors/covers/66430bc5ab51d.png,0,80000,32zx9e,ACTIVE,شهرک پژوهش,0,False,https://cdn.snapp.express/media/cache/vendor_logo/uploads/images/vendors/logos/66430bc5a6901.jpg,True,False,30,,0.0,VendorListItem
111544,فروشگاه هفت بهمن مشهد (همواره تخفیف),False,https://cdn.snapp.express/media/cache/vendor_item_cover/uploads/images/vendors/covers/631ec65d4ce61.jpeg,225,85000,3kjlzq,ACTIVE,خواجه ربیع,27,False,https://cdn.snapp.express/media/cache/vendor_logo/uploads/images/vendors/logos/64342a4c8225c.png,True,False,30,,8.8,VendorListItem
113264,سوپرمارکت شاهد,False,https://cdn.snapp.express/media/cache/vendor_item_cover/uploads/images/vendors/covers/659d10a40f431.jpg,0,70000,3xw2lw,ACTIVE,شهرک غرب,0,False,https://cdn.snapp.express/media/cache/vendor_logo/uploads/images/vendors/logos/659d10a3d37a8.png,True,False,30,,8.6,VendorListItem
109753,فروشگاه هفت امامیه(همواره تخفیف),False,https://cdn.snapp.express/media/cache/vendor_item_cover/uploads/images/vendors/covers/62a9bbbaad78e.jfif,1391,90000,pvlnmx,ACTIVE,شهرک غرب,89,False,https://cdn.snapp.express/media/cache/vendor_logo/uploads/images/vendors/logos/64342a4c8225c.png,True,False,30,,8.2,VendorListItem
112422,دیلی مارکت بلواربهمن مشهد (همواره تخفیف),False,https://cdn.snapp.express/media/cache/vendor_item_cover/uploads/images/vendors/covers/64a94560adfbf.jpg,0,100000,p5z9rw,ACTIVE,خواجه ربیع,5,False,https://cdn.snapp.express/media/cache/vendor_logo/uploads/images/vendors/logos/65b614e6f0520.jpg,True,False,30,,8.4,VendorListItem
113288,سوپرمارکت مستر مارکت,False,https://cdn.snapp.express/media/cache/vendor_item_cover/uploads/images/vendors/covers/65a4f10e38ecc.jpg,0,70000,3xw26w,ACTIVE,شهرک غرب,16,False,https://cdn.snapp.express/media/cache/vendor_logo/uploads/images/vendors/logos/65a4f10e21a7a.png,True,False,30,,9.0,VendorListItem
54649,سوپرمارکت خورشید (قاسم آباد- آموزگار - رفیعی),False,https://cdn.snapp.express/media/cache/vendor_item_cover/uploads/images/vendors/covers/5e56681584fc1.jpg,42389,70000,0gywqn,ACTIVE,شهرک غرب,3942,False,https://cdn.snapp.express/media/cache/vendor_logo/uploads/images/vendors/logos/66897289601ac.jpg,True,False,30,,9.0,VendorListItem
109751,فروشگاه هفت بلوار شاهد (همواره تخفیف),False,https://cdn.snapp.express/media/cache/vendor_item_cover/uploads/images/vendors/covers/61f65c0abf6d5.jpeg,2049,90000,3d7jkx,ACTIVE,شهرک غرب,143,False,https://cdn.snapp.express/media/cache/vendor_logo/uploads/images/vendors/logos/64342a4c8225c.png,True,False,30,,9.0,VendorListItem
113763,دیلی مارکت قاسم آباد بلوار شریعتی مشهد (همواره تخفیف),False,https://cdn.snapp.express/media/cache/vendor_item_cover/uploads/images/vendors/covers/66277f8e82fdd.jpg,0,100000,0njwkr,ACTIVE,شهرک غرب,2,False,https://cdn.snapp.express/media/cache/vendor_logo/uploads/images/vendors/logos/66277f8e7f9dd.jpg,True,False,30,,9.2,VendorListItem
67135,سوپرمارکت ادیب,False,https://cdn.snapp.express/media/cache/vendor_item_cover/uploads/images/vendors/covers/60ab4ffacd11e.jpg,11850,70000,0rxldo,ACTIVE,شهرک غرب,801,False,https://cdn.snapp.express/media/cache/vendor_logo/uploads/images/vendors/logos/default.png,True,False,30,,8.6,VendorListItem
112416,دیلی مارکت چهار راه ادیب مشهد (همواره تخفیف),False,https://cdn.snapp.express/media/cache/vendor_item_cover/uploads/images/vendors/covers/64a92742d3ee9.jpg,0,100000,3xw12y,ACTIVE,شهرک غرب,11,False,https://cdn.snapp.express/media/cache/vendor_logo/uploads/images/vendors/logos/65b615ad50dda.jpg,True,False,30,,9.0,VendorListItem
109876,جانبو نوید مشهد (همواره تخفیف),False,https://cdn.snapp.express/media/cache/vendor_item_cover/uploads/images/vendors/covers/65e713a5c7ee2.png,838,80000,0y978r,ACTIVE,فتح آباد,57,False,https://cdn.snapp.express/media/cache/vendor_logo/uploads/images/vendors/logos/65e713a5ad0d0.jpg,True,False,30,,8.6,VendorListItem
113856,فروشگاه هفت اعظم مشهد (همواره تخفیف),False,https://cdn.snapp.express/media/cache/vendor_item_cover/uploads/images/vendors/covers/6649e5320e9cd.jpeg,0,80000,0ljmzn,ACTIVE,شهرک غرب,3,False,https://cdn.snapp.express/media/cache/vendor_logo/uploads/images/vendors/logos/6649e5320b7ec.jfif,True,False,30,,0.0,VendorListItem
111542,فروشگاه هفت همت آباد مشهد (همواره تخفیف),False,https://cdn.snapp.express/media/cache/vendor_item_cover/uploads/images/vendors/covers/631ecbe43ae29.jpeg,53,100000,37rj1n,ACTIVE,گرجی,10,False,https://cdn.snapp.express/media/cache/vendor_logo/uploads/images/vendors/logos/64342a4c8225c.png,True,False,30,,8.6,VendorListItem
113019,سوپرمارکت رویال استار,False,https://cdn.snapp.express/media/cache/vendor_item_cover/uploads/images/vendors/covers/6561bd53d1376.jpg,0,70000,0jj4mr,ACTIVE,اراضی الهیه,4,False,https://cdn.snapp.express/media/cache/vendor_logo/uploads/images/vendors/logos/6561bd53cc16c.png,True,False,30,,8.6,VendorListItem
113357,فروشگاه هفت فلاحی مشهد(همواره تخفیف),False,https://cdn.snapp.express/media/cache/vendor_item_cover/uploads/images/vendors/covers/65bd02e527711.png,0,80000,0q15qd,ACTIVE,شهرک غرب,2,False,https://cdn.snapp.express/media/cache/vendor_logo/uploads/images/vendors/logos/65bd02e5078cd.png,True,False,30,,8.8,VendorListItem
113761,دیلی مارکت بلوار فلاحی مشهد (همواره تخفیف),False,https://cdn.snapp.express/media/cache/vendor_item_cover/uploads/images/vendors/covers/66277c2d73dc1.jpg,0,100000,p8eg85,ACTIVE,شهرک غرب,3,False,https://cdn.snapp.express/media/cache/vendor_logo/uploads/images/vendors/logos/66277c2d70e6e.jpg,True,False,30,,9.0,VendorListItem
113764,دیلی مارکت حسابی شمالی مشهد (همواره تخفیف),False,https://cdn.snapp.express/media/cache/vendor_item_cover/uploads/images/vendors/covers/662780ac90a62.jpg,0,100000,3xwr92,ACTIVE,شهرک غرب,0,False,https://cdn.snapp.express/media/cache/vendor_logo/uploads/images/vendors/logos/662780ac8c3ed.jpg,True,False,30,,8.6,VendorListItem
110822,فروشگاه هفت حجاب 16 مشهد (همواره تخفیف),False,https://cdn.snapp.express/media/cache/vendor_item_cover/uploads/images/vendors/covers/62c54b961a074.jfif,1491,90000,p5z2yn,ACTIVE,شهرک غرب,169,False,https://cdn.snapp.express/media/cache/vendor_logo/uploads/images/vendors/logos/64342a4c8225c.png,True,False,30,,9.0,VendorListItem
112986,فروشگاه هفت شهرک غرب مشهد(همواره تخفیف),False,https://cdn.snapp.express/media/cache/vendor_item_cover/uploads/images/vendors/covers/655b0f4525dba.png,0,80000,p4z2gx,ACTIVE,شهرک غرب,2,False,https://cdn.snapp.express/media/cache/vendor_logo/uploads/images/vendors/logos/655b0f4519ad0.png,True,False,30,,9.2,VendorListItem
93948,جانبو شاهد مشهد (همواره تخفیف),False,https://cdn.snapp.express/media/cache/vendor_item_cover/uploads/images/vendors/covers/63ba6ab0005fb.png,5252,80000,0w4neg,ACTIVE,شهرک غرب,342,False,https://cdn.snapp.express/media/cache/vendor_logo/uploads/images/vendors/logos/64342aba32ce7.png,True,False,30,,8.8,VendorListItem
67334,سوپرمارکت مهر,False,https://cdn.snapp.express/media/cache/vendor_item_cover/uploads/images/vendors/covers/60ab50be1735b.jpg,17594,70000,pz8xmw,ACTIVE,اراضی الهیه,1548,False,https://cdn.snapp.express/media/cache/vendor_logo/uploads/images/vendors/logos/default.png,True,False,30,,8.6,VendorListItem
112535,سوپرمارکت هایپر سورنا,False,https://cdn.snapp.express/media/cache/vendor_item_cover/uploads/images/vendors/covers/64d73a224033f.jpg,0,70000,0rqvq1,ACTIVE,اراضی الهیه,13,False,https://cdn.snapp.express/media/cache/vendor_logo/uploads/images/vendors/logos/64d73a2238a6c.png,True,False,30,,8.6,VendorListItem
114099,جانبومجیدیه خدادادی(همواره تخفیف),False,https://cdn.snapp.express/media/cache/vendor_item_cover/uploads/images/vendors/covers/66a0be46ae8af.png,0,80000,3dev5g,ACTIVE,اراضی الهیه,0,False,https://cdn.snapp.express/media/cache/vendor_logo/uploads/images/vendors/logos/66a0be46aafef.jpg,True,False,30,,0.0,VendorListItem
113986,سوپرمارکت سیتی مارکت,False,,0,70000,p4z7wy,ACTIVE,اراضی الهیه,0,False,https://cdn.snapp.express/media/cache/vendor_logo/uploads/images/vendors/logos/66801b6332df8.jpg,True,False,30,,0.0,VendorListItem
111162,فروشگاه هفت رحمانیه مشهد (همواره تخفیف),False,https://cdn.snapp.express/media/cache/vendor_item_cover/uploads/images/vendors/covers/62dfe95f55bb6.jfif,1330,85000,p4zlox,ACTIVE,اراضی الهیه,124,False,https://cdn.snapp.express/media/cache/vendor_logo/uploads/images/vendors/logos/64342a4c8225c.png,True,False,30,,9.0,VendorListItem
113724,جانبو حجاب مشهد (همواره تخفیف),False,https://cdn.snapp.express/media/cache/vendor_item_cover/uploads/images/vendors/covers/66430ddba25a4.png,0,80000,0wq1og,ACTIVE,شهرک غرب,1,False,https://cdn.snapp.express/media/cache/vendor_logo/uploads/images/vendors/logos/66430ddb9f1db.jpg,True,False,30,,9.0,VendorListItem
112120,فروشگاه هفت امامیه مشهد(همواره تخفیف),False,https://cdn.snapp.express/media/cache/vendor_item_cover/uploads/images/vendors/covers/643e539ec984e.png,0,100000,3kj6zq,ACTIVE,شهرک غرب,15,False,https://cdn.snapp.express/media/cache/vendor_logo/uploads/images/vendors/logos/643e539ec374c.png,True,False,30,,9.2,VendorListItem
113369,دیلی مارکت بلوار شاهد مشهد (همواره تخفیف),False,https://cdn.snapp.express/media/cache/vendor_item_cover/uploads/images/vendors/covers/65bf4c74891cd.jpg,0,100000,31zx9y,ACTIVE,شهرک غرب,9,False,https://cdn.snapp.express/media/cache/vendor_logo/uploads/images/vendors/logos/65bf4c745aa75.jpg,True,False,30,,8.8,VendorListItem
109885,جانبو اندیشه مشهد (همواره تخفیف),False,https://cdn.snapp.express/media/cache/vendor_item_cover/uploads/images/vendors/covers/6204f76c8fbf1.png,1458,80000,p8oj92,ACTIVE,شهرک غرب,91,False,https://cdn.snapp.express/media/cache/vendor_logo/uploads/images/vendors/logos/64342aba32ce7.png,True,False,30,,9.0,VendorListItem
111704,سوپر مارکت تک,False,https://cdn.snapp.express/media/cache/vendor_item_cover/uploads/images/vendors/covers/6362813f6fd25.jpg,614,80000,0yg17g,ACTIVE,شهرک غرب,103,False,https://cdn.snapp.express/media/cache/vendor_logo/uploads/images/vendors/logos/668d5f5085c97.jpg,True,False,30,,8.8,VendorListItem
113929,فروشگاه هفت سجادیه مشهد (همواره تخفیف),False,https://cdn.snapp.express/media/cache/vendor_item_cover/uploads/images/vendors/covers/66698e916ae89.jpeg,0,80000,pvq14x,ACTIVE,اراضی الهیه,2,False,https://cdn.snapp.express/media/cache/vendor_logo/uploads/images/vendors/logos/66698e916750e.jfif,True,False,30,,0.0,VendorListItem
109884,جانبو مجیدیه مشهد (همواره تخفیف),False,https://cdn.snapp.express/media/cache/vendor_item_cover/uploads/images/vendors/covers/6204f5af60a1c.png,420,80000,po6ldk,ACTIVE,اراضی الهیه,22,False,https://cdn.snapp.express/media/cache/vendor_logo/uploads/images/vendors/logos/65e713f369e13.jpg,True,False,30,,8.6,VendorListItem
73072,سوپرمارکت امید,False,https://cdn.snapp.express/media/cache/vendor_item_cover/uploads/images/vendors/covers/60ab41db46cff.jpg,7504,70000,0w148v,ACTIVE,اراضی الهیه,489,False,https://cdn.snapp.express/media/cache/vendor_logo/uploads/images/vendors/logos/default.png,True,False,30,,7.8,VendorListItem
109895,سوپرمارکت 24,False,https://cdn.snapp.express/media/cache/vendor_item_cover/uploads/images/vendors/covers/6207751733f88.jpg,3076,70000,32q84l,ACTIVE,اراضی الهیه,347,False,https://cdn.snapp.express/media/cache/vendor_logo/uploads/images/vendors/logos/default.png,True,False,30,,9.2,VendorListItem
111798,دیلی مارکت بلوار الهیه مشهد (همواره تخفیف),False,https://cdn.snapp.express/media/cache/vendor_item_cover/uploads/images/vendors/covers/6384ad14e9716.jpg,128,100000,09e66y,ACTIVE,اراضی الهیه,52,False,https://cdn.snapp.express/media/cache/vendor_logo/uploads/images/vendors/logos/65b615a25fe95.jpg,True,False,30,,9.0,VendorListItem
109743,فروشگاه هفت حجاب (همواره تخفیف),False,https://cdn.snapp.express/media/cache/vendor_item_cover/uploads/images/vendors/covers/61f4ed8386aa1.jpeg,2449,120000,0jgdkq,ACTIVE,شهرک غرب,196,False,https://cdn.snapp.express/media/cache/vendor_logo/uploads/images/vendors/logos/64342a4c8225c.png,True,False,30,,9.0,VendorListItem
113495,سوپرمارکت هایپر باباخان,False,https://cdn.snapp.express/media/cache/vendor_item_cover/uploads/images/vendors/covers/65d45f98e9525.jpg,0,70000,32zx6l,ACTIVE,اراضی الهیه,9,False,https://cdn.snapp.express/media/cache/vendor_logo/uploads/images/vendors/logos/65d45f98de10d.png,True,False,30,,8.8,VendorListItem
113811,سوپرمارکت خداشاهی,False,,0,70000,0rqy7v,ACTIVE,اراضی الهیه,0,False,https://cdn.snapp.express/media/cache/vendor_logo/uploads/images/vendors/logos/663b75e2c7424.png,True,False,30,,0.0,VendorListItem
113115,فروشگاه هفت اقدسیه مشهد (همواره تخفیف),False,https://cdn.snapp.express/media/cache/vendor_item_cover/uploads/images/vendors/covers/658198011d6c9.png,0,80000,0njq5r,ACTIVE,اراضی الهیه,3,False,https://cdn.snapp.express/media/cache/vendor_logo/uploads/images/vendors/logos/6581980117885.png,True,False,30,,8.8,VendorListItem
113765,سوپرمارکت ترنج,False,,0,70000,3ee242,ACTIVE,اراضی الهیه,0,False,https://cdn.snapp.express/media/cache/vendor_logo/uploads/images/vendors/logos/6628d67777d11.png,True,False,30,,0.0,VendorListItem
110626,دیلی مارکت اندیشه مشهد (همواره تخفیف),False,https://cdn.snapp.express/media/cache/vendor_item_cover/uploads/images/vendors/covers/629da22becb04.jpg,1440,100000,09ex4q,ACTIVE,شهرک غرب,136,False,https://cdn.snapp.express/media/cache/vendor_logo/uploads/images/vendors/logos/65b61596adafd.jpg,True,False,30,,8.8,VendorListItem
113038,سوپرمارکت بارکد,False,https://cdn.snapp.express/media/cache/vendor_item_cover/uploads/images/vendors/covers/656af7d3c5d77.jpg,0,70000,p4z27n,ACTIVE,اراضی الهیه,3,False,https://cdn.snapp.express/media/cache/vendor_logo/uploads/images/vendors/logos/656af7d3c0dec.png,True,False,30,,8.2,VendorListItem
112445,سوپرمارکت سیب سرخ,False,https://cdn.snapp.express/media/cache/vendor_item_cover/uploads/images/vendors/covers/64aea260bd6e5.jpg,0,70000,31zl44,ACTIVE,اراضی الهیه,22,False,https://cdn.snapp.express/media/cache/vendor_logo/uploads/images/vendors/logos/64aea260b77dc.png,True,False,30,,9.0,VendorListItem
109878,جانبو اقدسیه مشهد (همواره تخفیف),False,https://cdn.snapp.express/media/cache/vendor_item_cover/uploads/images/vendors/covers/6204daa501758.png,1689,80000,p6rewg,ACTIVE,اراضی الهیه,107,False,https://cdn.snapp.express/media/cache/vendor_logo/uploads/images/vendors/logos/64342aba32ce7.png,True,False,30,,9.2,VendorListItem
112940,سوپرمارکت هایپر مارکت مرکز تخفیف,False,https://cdn.snapp.express/media/cache/vendor_item_cover/uploads/images/vendors/covers/65488a97155a6.jpg,0,70000,3xw2d4,ACTIVE,اراضی الهیه,4,False,https://cdn.snapp.express/media/cache/vendor_logo/uploads/images/vendors/logos/65488a970e90a.png,True,False,30,,8.0,VendorListItem
111161,فروشگاه هفت قاسم اباد مشهد (همواره تخفیف),False,https://cdn.snapp.express/media/cache/vendor_item_cover/uploads/images/vendors/covers/62f4f25b32c63.jpeg,780,100000,p8exkr,ACTIVE,شهرک غرب,86,False,https://cdn.snapp.express/media/cache/vendor_logo/uploads/images/vendors/logos/64342a4c8225c.png,True,False,30,,8.6,VendorListItem
109882,جانبو توس 117 مشهد (همواره تخفیف),False,https://cdn.snapp.express/media/cache/vendor_item_cover/uploads/images/vendors/covers/6204f38fae6d1.png,210,80000,pzdj2o,ACTIVE,توس ,13,False,https://cdn.snapp.express/media/cache/vendor_logo/uploads/images/vendors/logos/66797000b3213.jpg,True,False,30,,5.96,VendorListItem
112202,دیلی مارکت توس مشهد (همواره تخفیف),False,https://cdn.snapp.express/media/cache/vendor_item_cover/uploads/images/vendors/covers/64a27d60ad97d.jpg,0,100000,09e6z6,ACTIVE,توس ,9,False,https://cdn.snapp.express/media/cache/vendor_logo/uploads/images/vendors/logos/65b615ba2f568.jpg,True,False,30,,8.4,VendorListItem
109881,جانبو فردوسی مشهد (همواره تخفیف),False,https://cdn.snapp.express/media/cache/vendor_item_cover/uploads/images/vendors/covers/6204e6fa8a357.png,61,80000,0qlzvx,ACTIVE,توس ,0,False,https://cdn.snapp.express/media/cache/vendor_logo/uploads/images/vendors/logos/66431bad7017e.jpg,True,False,30,,7.96,VendorListItem
111802,دیلی مارکت خیابان عدالت نیشابور (همواره تخفیف),False,https://cdn.snapp.express/media/cache/vendor_item_cover/uploads/images/vendors/covers/6384ca11dd0b2.jpg,129,90000,09e66q,ACTIVE,فردوسی,16,False,https://cdn.snapp.express/media/cache/vendor_logo/uploads/images/vendors/logos/65b6162f0a9c1.jpg,False,True,30,,9.0,VendorListItem
109634,سوپرمارکت آهو,False,https://cdn.snapp.express/media/cache/vendor_item_cover/uploads/images/vendors/covers/61de88e7c245a.jpg,3579,85000,pzdj9e,ACTIVE,کوی فرهنگیان,257,False,https://cdn.snapp.express/media/cache/vendor_logo/uploads/images/vendors/logos/default.png,True,False,30,,8.6,VendorListItem
111166,فروشگاه هفت 17 شهریور نیشابور (همواره تخفیف),False,https://cdn.snapp.express/media/cache/vendor_item_cover/uploads/images/vendors/covers/62ea4cf3b738c.jpeg,1391,80000,37r472,ACTIVE,امام خمینی,61,False,https://cdn.snapp.express/media/cache/vendor_logo/uploads/images/vendors/logos/64342a4c8225c.png,False,True,30,,9.0,VendorListItem
111799,دیلی مارکت خیابان 22 بهمن نیشابور (همواره تخفیف),False,https://cdn.snapp.express/media/cache/vendor_item_cover/uploads/images/vendors/covers/6384b186e2d4c.jpg,139,100000,3de557,ACTIVE,بعثت,16,False,https://cdn.snapp.express/media/cache/vendor_logo/uploads/images/vendors/logos/65b61605787ed.jpg,False,True,30,,9.2,VendorListItem
111932,فروشگاه هفت امام خمینی نیشابور (همواره تخفیف),False,https://cdn.snapp.express/media/cache/vendor_item_cover/uploads/images/vendors/covers/63f2304ecf3c0.png,66,85000,0lj6d9,ACTIVE,امام خمینی,18,False,https://cdn.snapp.express/media/cache/vendor_logo/uploads/images/vendors/logos/64342a4c8225c.png,False,True,30,,9.2,VendorListItem
111803,دیلی مارکت خیابان امام خمینی نیشابور (همواره تخفیف),False,https://cdn.snapp.express/media/cache/vendor_item_cover/uploads/images/vendors/covers/6384cbbc9d89a.jpg,62,90000,3de55w,ACTIVE,امام خمینی,11,False,https://cdn.snapp.express/media/cache/vendor_logo/uploads/images/vendors/logos/65b61614daf56.jpg,False,True,30,,9.4,VendorListItem
113871,وال مارکت نیشابور(همواره تخفیف),False,https://cdn.snapp.express/media/cache/vendor_item_cover/uploads/images/vendors/covers/665197b4cb5af.jpg,0,90000,32zxw5,ACTIVE,17شهریور,6,False,https://cdn.snapp.express/media/cache/vendor_logo/uploads/images/vendors/logos/665197b4bd3b4.png,False,True,30,,0.0,VendorListItem
73430,سوپرمارکت تمشک,False,https://cdn.snapp.express/media/cache/vendor_item_cover/uploads/images/vendors/covers/60ab76c5d73af.jpg,6611,70000,p62r5n,ACTIVE,17شهریور,666,False,https://cdn.snapp.express/media/cache/vendor_logo/uploads/images/vendors/logos/default.png,True,False,30,,8.8,VendorListItem
111800,دیلی مارکت بلوار معلم نیشابور (همواره تخفیف),False,https://cdn.snapp.express/media/cache/vendor_item_cover/uploads/images/vendors/covers/6384b25d9c088.jpg,53,90000,0wqeeq,ACTIVE,جانبازان,12,False,https://cdn.snapp.express/media/cache/vendor_logo/uploads/images/vendors/logos/65b620fb00cd5.jpg,False,True,30,,8.8,VendorListItem
111622,فروشگاه هفت بلوار فضل نیشابور (همواره تخفیف),False,https://cdn.snapp.express/media/cache/vendor_item_cover/uploads/images/vendors/covers/6342c7201adfb.jpeg,628,80000,p5zoex,ACTIVE,جانبازان,36,False,https://cdn.snapp.express/media/cache/vendor_logo/uploads/images/vendors/logos/64342a4c8225c.png,False,True,30,,8.8,VendorListItem
111804,دیلی مارکت شهرک قدس نیشابور (همواره تخفیف),False,https://cdn.snapp.express/media/cache/vendor_item_cover/uploads/images/vendors/covers/6384ccd04b221.jpg,131,90000,0ygkkd,ACTIVE,جانبازان,28,False,https://cdn.snapp.express/media/cache/vendor_logo/uploads/images/vendors/logos/65b6162313b39.jpg,False,True,30,,8.8,VendorListItem
113919,دیلی مارکت عدالت پردیس (همواره تخفیف),False,https://cdn.snapp.express/media/cache/vendor_item_cover/uploads/images/vendors/covers/666706df3646f.jpg,0,80000,0jjmxq,ACTIVE,فاز 1,4,False,https://cdn.snapp.express/media/cache/vendor_logo/uploads/images/vendors/logos/666706df30b21.jpg,False,True,30,,0.0,VendorListItem
89077,سوپرمارکت یاران دریان البرز (پردیس),False,https://cdn.snapp.express/media/cache/vendor_item_cover/uploads/images/vendors/covers/6135f33df12d6.jpg,2706,70000,pvek2m,ACTIVE,فاز 2,117,False,https://cdn.snapp.express/media/cache/vendor_logo/uploads/images/vendors/logos/64342e475771d.png,False,True,30,,7.1,VendorListItem
112942,سوپرمارکت داریان (پردیس),False,https://cdn.snapp.express/media/cache/vendor_item_cover/uploads/images/vendors/covers/6548d700a812e.jpg,0,70000,37r5j2,ACTIVE,FIXME,4,False,https://cdn.snapp.express/media/cache/vendor_logo/uploads/images/vendors/logos/6548d700a2e3c.png,False,True,30,,8.0,VendorListItem
111313,سوپرمارکت ویرا مارکت,False,https://cdn.snapp.express/media/cache/vendor_item_cover/uploads/images/vendors/covers/62f20f188fdbe.jpg,1772,85000,p8e5d5,ACTIVE,آزادی,73,False,https://cdn.snapp.express/media/cache/vendor_logo/uploads/images/vendors/logos/default.png,True,False,30,,8.0,VendorListItem
112483,سوپرمارکت گاد مارکت,False,https://cdn.snapp.express/media/cache/vendor_item_cover/uploads/images/vendors/covers/64be80e6b29c6.jpg,0,85000,0rqvez,ACTIVE,قائمشهر,30,False,https://cdn.snapp.express/media/cache/vendor_logo/uploads/images/vendors/logos/64be80e6ad02e.png,True,False,30,,8.2,VendorListItem
110065,سوپرمارکت سورنا,False,https://cdn.snapp.express/media/cache/vendor_item_cover/uploads/images/vendors/covers/6337f502d7c16.jpg,799,70000,3ez765,ACTIVE,الوند,219,False,https://cdn.snapp.express/media/cache/vendor_logo/uploads/images/vendors/logos/default.png,True,False,30,,7.8,VendorListItem
75822,هایپراستار قزوین (همواره تخفیف),False,https://cdn.snapp.express/media/cache/vendor_item_cover/uploads/images/vendors/covers/6508204ede3f8.jpg,11156,90000,p5571w,ACTIVE,ولیعصر,545,False,https://cdn.snapp.express/media/cache/vendor_logo/uploads/images/vendors/logos/64342c5ac47df.png,True,False,30,,7.8,VendorListItem
112708,سوپرمارکت ویژن,False,https://cdn.snapp.express/media/cache/vendor_item_cover/uploads/images/vendors/covers/651a91ee21f26.jpg,0,70000,0lj8ze,ACTIVE,تهران قدیم,18,False,https://cdn.snapp.express/media/cache/vendor_logo/uploads/images/vendors/logos/651a91ee1bfe7.png,True,False,30,,8.8,VendorListItem
111838,دیلی مارکت خیابان تهران قدیم قزوین (همواره تخفیف),False,https://cdn.snapp.express/media/cache/vendor_item_cover/uploads/images/vendors/covers/638614d4dcb5a.jpg,300,120000,p4zrgn,ACTIVE,تهران قدیم,46,False,https://cdn.snapp.express/media/cache/vendor_logo/uploads/images/vendors/logos/65b616aa98680.jpg,True,False,30,,8.6,VendorListItem
111108,فروشگاه هفت تهران قدیم قزوین (همواره تخفیف),False,https://cdn.snapp.express/media/cache/vendor_item_cover/uploads/images/vendors/covers/62e0ff4158efc.jfif,828,80000,0ljn4k,ACTIVE,تهران قدیم,69,False,https://cdn.snapp.express/media/cache/vendor_logo/uploads/images/vendors/logos/64342a4c8225c.png,True,False,30,,9.0,VendorListItem
113783,مینو مارت تهران قدیم قزوین (همواره تخفیف),False,https://cdn.snapp.express/media/cache/vendor_item_cover/uploads/images/vendors/covers/662f43f416292.jpg,0,80000,0rqy21,ACTIVE,تهران قدیم,1,False,https://cdn.snapp.express/media/cache/vendor_logo/uploads/images/vendors/logos/662f43f40fbc6.jpg,True,False,30,,8.4,VendorListItem
113044,سوپرمارکت یک دو سه,False,https://cdn.snapp.express/media/cache/vendor_item_cover/uploads/images/vendors/covers/656f170bbf3b3.jpg,0,70000,3kjowo,ACTIVE,ولیعصر,3,False,https://cdn.snapp.express/media/cache/vendor_logo/uploads/images/vendors/logos/656f170bb9fb8.png,True,False,30,,8.2,VendorListItem
109946,فروشگاه هفت حکم آباد (همواره تخفیف),False,https://cdn.snapp.express/media/cache/vendor_item_cover/uploads/images/vendors/covers/620a2927bbbff.jpeg,1615,85000,p5qxgj,ACTIVE,FIXME,103,False,https://cdn.snapp.express/media/cache/vendor_logo/uploads/images/vendors/logos/64342a4c8225c.png,True,False,30,,9.0,VendorListItem
110620,دیلی مارکت سعدی قزوین (همواره تخفیف),False,https://cdn.snapp.express/media/cache/vendor_item_cover/uploads/images/vendors/covers/629d956842c16.jpg,1923,100000,3kjnlo,ACTIVE,امام خمینی,101,False,https://cdn.snapp.express/media/cache/vendor_logo/uploads/images/vendors/logos/65b6169aeda99.jpg,True,False,30,,8.2,VendorListItem
111837,دیلی مارکت میدان عارف قزوین (همواره تخفیف),False,https://cdn.snapp.express/media/cache/vendor_item_cover/uploads/images/vendors/covers/6386158ebb00d.jpg,64,90000,p8ev4y,ACTIVE,FIXME,15,False,https://cdn.snapp.express/media/cache/vendor_logo/uploads/images/vendors/logos/65b6168b1df6a.jpg,True,False,30,,8.2,VendorListItem
112409,دیلی مارکت خیابان بوعلی قزوین (همواره تخفیف),False,https://cdn.snapp.express/media/cache/vendor_item_cover/uploads/images/vendors/covers/64a56443b2747.jpg,0,90000,0q1rrw,ACTIVE,FIXME,1,False,https://cdn.snapp.express/media/cache/vendor_logo/uploads/images/vendors/logos/65b616b812978.jpg,True,False,30,,8.4,VendorListItem
111109,فروشگاه هفت سعدی قزوین (همواره تخفیف),False,https://cdn.snapp.express/media/cache/vendor_item_cover/uploads/images/vendors/covers/62e100c85c1ea.jfif,375,90000,0q1o29,ACTIVE,سعدی فرعی,51,False,https://cdn.snapp.express/media/cache/vendor_logo/uploads/images/vendors/logos/64342a4c8225c.png,True,False,30,,8.4,VendorListItem
111844,سوپرمارکت نگین,False,https://cdn.snapp.express/media/cache/vendor_item_cover/uploads/images/vendors/covers/638228505cdb3.jpg,27,85000,3kj6oo,ACTIVE,توحید,20,False,https://cdn.snapp.express/media/cache/vendor_logo/uploads/images/vendors/logos/6382285057e51.jpg,True,False,30,,8.0,VendorListItem
111112,فروشگاه هفت فلسطین قزوین(همواره تخفیف),False,https://cdn.snapp.express/media/cache/vendor_item_cover/uploads/images/vendors/covers/62e11f9d9b3ad.jfif,529,80000,pojqe8,ACTIVE,دهخدا,24,False,https://cdn.snapp.express/media/cache/vendor_logo/uploads/images/vendors/logos/64342a4c8225c.png,True,False,30,,9.2,VendorListItem
111110,فروشگاه هفت عدل قزوین (همواره تخفیف),False,https://cdn.snapp.express/media/cache/vendor_item_cover/uploads/images/vendors/covers/6649af1260282.png,757,85000,pz96mw,ACTIVE,جواهری,57,False,https://cdn.snapp.express/media/cache/vendor_logo/uploads/images/vendors/logos/6649af125b2fe.png,True,False,30,,8.8,VendorListItem
113784,مینو مارت پادگان قزوین (همواره تخفیف),False,https://cdn.snapp.express/media/cache/vendor_item_cover/uploads/images/vendors/covers/662f45f955af8.jpg,0,80000,pojgwq,ACTIVE,FIXME,1,False,https://cdn.snapp.express/media/cache/vendor_logo/uploads/images/vendors/logos/662f45f952853.jpg,True,False,30,,0.0,VendorListItem
112215,دیلی مارکت خیابان بلوار شمالی قزوین(همواره تخفیف),False,https://cdn.snapp.express/media/cache/vendor_item_cover/uploads/images/vendors/covers/64a9a0bd35a2a.jpg,0,90000,0njg62,ACTIVE,عارف,4,False,https://cdn.snapp.express/media/cache/vendor_logo/uploads/images/vendors/logos/64a9a0bd2b8ff.png,True,False,30,,8.2,VendorListItem
111843,سوپرمارکت مارکت قایم,False,https://cdn.snapp.express/media/cache/vendor_item_cover/uploads/images/vendors/covers/63822427ba1f0.jpg,0,70000,0jjn4r,ACTIVE,ایران شهر,58,False,https://cdn.snapp.express/media/cache/vendor_logo/uploads/images/vendors/logos/63822427b48fb.jpg,True,False,30,,8.6,VendorListItem
113413,دیلی مارکت خیابان سعدی قزوین (همواره تخفیف),False,https://cdn.snapp.express/media/cache/vendor_item_cover/uploads/images/vendors/covers/65ca68e1acc46.jpg,0,100000,p8e7y2,ACTIVE,سعدی فرعی,0,False,https://cdn.snapp.express/media/cache/vendor_logo/uploads/images/vendors/logos/65ca68e18b92c.jpg,True,False,30,,7.4,VendorListItem
109981,وال مارکت قزوین (همواره تخفیف),False,https://cdn.snapp.express/media/cache/vendor_item_cover/uploads/images/vendors/covers/6321c7071d987.jpg,7053,90000,0qlzz9,ACTIVE,سرتک,432,False,https://cdn.snapp.express/media/cache/vendor_logo/uploads/images/vendors/logos/64342de96b47f.png,True,False,30,,8.0,VendorListItem
113884,دیلی مارکت حیدربابا قزوین(همواره تخفیف),False,https://cdn.snapp.express/media/cache/vendor_item_cover/uploads/images/vendors/covers/6655a7e2412b1.jpg,0,90000,pojg2o,ACTIVE,فیاض بخش,0,False,https://cdn.snapp.express/media/cache/vendor_logo/uploads/images/vendors/logos/6655a7e23b25e.jpg,True,False,30,,0.0,VendorListItem
110621,دیلی مارکت بابایی قزوین(همواره تخفیف),False,https://cdn.snapp.express/media/cache/vendor_item_cover/uploads/images/vendors/covers/629d972e8a5ea.jpg,1849,90000,31zv24,ACTIVE,سرتک,113,False,https://cdn.snapp.express/media/cache/vendor_logo/uploads/images/vendors/logos/65b6167ca86df.jpg,True,False,30,,7.4,VendorListItem
109947,فروشگاه هفت بابایی (همواره تخفیف),False,https://cdn.snapp.express/media/cache/vendor_item_cover/uploads/images/vendors/covers/620a2cb3804b4.jpeg,2631,80000,32q8j2,ACTIVE,دانشگاه,164,False,https://cdn.snapp.express/media/cache/vendor_logo/uploads/images/vendors/logos/64342a4c8225c.png,True,False,30,,8.6,VendorListItem
113781,مینو مارت ملاصدرا قزوین (همواره تخفیف),False,https://cdn.snapp.express/media/cache/vendor_item_cover/uploads/images/vendors/covers/662f40364aaf8.jpg,0,80000,0q1dk2,ACTIVE,ملاصدرا,0,False,https://cdn.snapp.express/media/cache/vendor_logo/uploads/images/vendors/logos/662f403645845.jpg,True,False,30,,0.0,VendorListItem
111531,فروشگاه هفت مینودر قزوین (همواره تخفیف),False,https://cdn.snapp.express/media/cache/vendor_item_cover/uploads/images/vendors/covers/631ddf8c0d73a.jpeg,668,120000,0mjeoz,ACTIVE,مینودر,59,False,https://cdn.snapp.express/media/cache/vendor_logo/uploads/images/vendors/logos/64342a4c8225c.png,True,False,30,,8.8,VendorListItem
112377,سوپرمارکت امیر مارکت (جانبازان),False,https://cdn.snapp.express/media/cache/vendor_item_cover/uploads/images/vendors/covers/649ae86545cd2.jpg,0,70000,pvqgr5,ACTIVE,ملاصدرا,44,False,https://cdn.snapp.express/media/cache/vendor_logo/uploads/images/vendors/logos/649ae86540d95.png,True,False,30,,7.2,VendorListItem
111117,فروشگاه هفت حکیم قزوین (همواره تخفیف),False,https://cdn.snapp.express/media/cache/vendor_item_cover/uploads/images/vendors/covers/63f228e7e2b97.png,730,80000,3eelmm,ACTIVE,مهدیه,90,False,https://cdn.snapp.express/media/cache/vendor_logo/uploads/images/vendors/logos/64342a4c8225c.png,True,False,30,,8.6,VendorListItem
111131,فروشگاه هفت پیروزی قزوین (همواره تخفیف),False,https://cdn.snapp.express/media/cache/vendor_item_cover/uploads/images/vendors/covers/62dfd40a5dce4.jfif,871,80000,0mjl6q,ACTIVE,مهدیه,115,False,https://cdn.snapp.express/media/cache/vendor_logo/uploads/images/vendors/logos/64342a4c8225c.png,True,False,30,,8.4,VendorListItem
110425,سوپرمارکت کاج,False,https://cdn.snapp.express/media/cache/vendor_item_cover/uploads/images/vendors/covers/625f8f24d26e9.jpg,1141,70000,0gz5mn,ACTIVE,FIXME,119,False,https://cdn.snapp.express/media/cache/vendor_logo/uploads/images/vendors/logos/default.png,True,False,30,,8.11,VendorListItem
113361,سوپرمارکت لبخند,False,https://cdn.snapp.express/media/cache/vendor_item_cover/uploads/images/vendors/covers/65be06dd02f2c.jpg,0,70000,p8e7qm,ACTIVE,کوثر,3,False,https://cdn.snapp.express/media/cache/vendor_logo/uploads/images/vendors/logos/65be06dcd8d11.png,True,False,30,,9.2,VendorListItem
111693,گندم پونک قزوین (همواره تخفیف),False,https://cdn.snapp.express/media/cache/vendor_item_cover/uploads/images/vendors/covers/635f9cdac45c4.jpg,122,80000,31z277,ACTIVE,پونک,20,False,https://cdn.snapp.express/media/cache/vendor_logo/uploads/images/vendors/logos/64342b3a8d27d.png,True,False,30,,7.4,VendorListItem
113299,سوپرمارکت یاسین,False,https://cdn.snapp.express/media/cache/vendor_item_cover/uploads/images/vendors/covers/65ab938fa37c4.jpg,0,70000,3dem9n,ACTIVE,مینودر,3,False,https://cdn.snapp.express/media/cache/vendor_logo/uploads/images/vendors/logos/65ab938f72927.png,True,False,30,,8.4,VendorListItem
113294,سوپرمارکت هایپر نوین,False,https://cdn.snapp.express/media/cache/vendor_item_cover/uploads/images/vendors/covers/65ab7d7ab93b2.jpg,0,70000,p5zrdn,ACTIVE,پردیسان,26,False,https://cdn.snapp.express/media/cache/vendor_logo/uploads/images/vendors/logos/65ab7d7aadf90.png,True,False,30,,9.2,VendorListItem
111180,سوپرمارکت مرسا (پردیسان),False,https://cdn.snapp.express/media/cache/vendor_item_cover/uploads/images/vendors/covers/62e4c17d0cb33.jpg,1173,70000,0lj2nk,ACTIVE,پردیسان,139,False,https://cdn.snapp.express/media/cache/vendor_logo/uploads/images/vendors/logos/default.png,True,False,30,,8.4,VendorListItem
71782,سوپرمارکت پارسی,False,https://cdn.snapp.express/media/cache/vendor_item_cover/uploads/images/vendors/covers/60ab463c239a0.jpg,3173,70000,pzk8wj,ACTIVE,پردیسان,281,False,https://cdn.snapp.express/media/cache/vendor_logo/uploads/images/vendors/logos/default.png,True,False,30,,9.0,VendorListItem
109399,سوپرمارکت گندم (پردیسان),False,https://cdn.snapp.express/media/cache/vendor_item_cover/uploads/images/vendors/covers/61ac69f6ec4fa.jpg,3068,70000,3d76j7,ACTIVE,پردیسان,250,False,https://cdn.snapp.express/media/cache/vendor_logo/uploads/images/vendors/logos/default.png,True,False,30,,8.0,VendorListItem
111182,سوپرمارکت بهشت (شهرک قدس),False,https://cdn.snapp.express/media/cache/vendor_item_cover/uploads/images/vendors/covers/62e4c63810830.jpg,877,70000,pz9n6w,ACTIVE,شهرک قدس,84,False,https://cdn.snapp.express/media/cache/vendor_logo/uploads/images/vendors/logos/default.png,True,False,30,,8.8,VendorListItem
89883,سوپرمارکت جمیل (بلوار کریمی),False,https://cdn.snapp.express/media/cache/vendor_item_cover/uploads/images/vendors/covers/6139f9a462f75.jpg,2386,70000,0re25v,ACTIVE,شهرک امام خمینی,189,False,https://cdn.snapp.express/media/cache/vendor_logo/uploads/images/vendors/logos/default.png,True,False,30,,8.8,VendorListItem
113326,سوپرمارکت می مارکت,False,https://cdn.snapp.express/media/cache/vendor_item_cover/uploads/images/vendors/covers/65b5f38c2301c.jpg,0,70000,09e7ok,ACTIVE,عدالت,14,False,https://cdn.snapp.express/media/cache/vendor_logo/uploads/images/vendors/logos/65b5f38c058e2.png,True,False,30,,9.0,VendorListItem
113966,سوپرمارکت هپی مارکت,False,,0,70000,37rwqn,ACTIVE,شهرک قدس,3,False,https://cdn.snapp.express/media/cache/vendor_logo/uploads/images/vendors/logos/6677f8a100775.jpg,True,False,30,,0.0,VendorListItem
114173,سوپرمارکت هایپر شاهان,False,,0,70000,0gk9rr,ACTIVE,شهرک قدس,1,False,https://cdn.snapp.express/media/cache/vendor_logo/uploads/images/vendors/logos/default.png,True,False,30,,0.0,VendorListItem
109612,جانبو شهرک قدس (همواره تخفیف),False,https://cdn.snapp.express/media/cache/vendor_item_cover/uploads/images/vendors/covers/61dc3e313fa37.png,1175,110000,po6l6o,ACTIVE,شهرک قدس,60,False,https://cdn.snapp.express/media/cache/vendor_logo/uploads/images/vendors/logos/66796c7f8c50d.jpg,True,False,30,,7.9,VendorListItem
55486,سوپرمارکت سحر (زنبیل آباد),False,https://cdn.snapp.express/media/cache/vendor_item_cover/uploads/images/vendors/covers/60a503460e9a8.jpg,15658,70000,p42lqn,ACTIVE,شهرک امام خمینی,1017,False,https://cdn.snapp.express/media/cache/vendor_logo/uploads/images/vendors/logos/default.png,True,False,30,,7.6,VendorListItem
91181,جانبو انسجام قم (همواره تخفیف),False,https://cdn.snapp.express/media/cache/vendor_item_cover/uploads/images/vendors/covers/63ba69f751a0e.png,8879,80000,0qe7ld,ACTIVE,عدالت,395,False,https://cdn.snapp.express/media/cache/vendor_logo/uploads/images/vendors/logos/65e715bde5d27.jpg,True,False,30,,8.8,VendorListItem
111968,فروشگاه هفت انسجام قم (همواره تخفیف),False,https://cdn.snapp.express/media/cache/vendor_item_cover/uploads/images/vendors/covers/63f2303c17414.png,87,80000,3kj65j,ACTIVE,عدالت,29,False,https://cdn.snapp.express/media/cache/vendor_logo/uploads/images/vendors/logos/64342a4c8225c.png,True,False,30,,8.8,VendorListItem
112146,گندم شهرک انسجام قم (همواره تخفیف),False,https://cdn.snapp.express/media/cache/vendor_item_cover/uploads/images/vendors/covers/644e7488820b6.jpg,0,80000,p5zjde,ACTIVE,عدالت,7,False,https://cdn.snapp.express/media/cache/vendor_logo/uploads/images/vendors/logos/644e74887bdb4.png,True,False,30,,8.0,VendorListItem
112487,گندم قایم مقام قم (همواره تخفیف),False,https://cdn.snapp.express/media/cache/vendor_item_cover/uploads/images/vendors/covers/64bfde6e1d382.jpg,0,80000,0njrd8,ACTIVE,شهیدان رضا نژاد,4,False,https://cdn.snapp.express/media/cache/vendor_logo/uploads/images/vendors/logos/64bfde6e0c0ce.png,True,False,30,,6.8,VendorListItem
109949,فروشگاه هفت صفاشهر (همواره تخفیف),False,https://cdn.snapp.express/media/cache/vendor_item_cover/uploads/images/vendors/covers/620a327d8cd3d.jpeg,1138,80000,0gzwqr,ACTIVE,FIXME,79,False,https://cdn.snapp.express/media/cache/vendor_logo/uploads/images/vendors/logos/64342a4c8225c.png,True,False,30,,8.4,VendorListItem
111181,سوپرمارکت مرسا (سالاریه),False,https://cdn.snapp.express/media/cache/vendor_item_cover/uploads/images/vendors/covers/62e4c400d7904.jpg,440,70000,0q1yo9,ACTIVE,سالاریه,52,False,https://cdn.snapp.express/media/cache/vendor_logo/uploads/images/vendors/logos/default.png,True,False,30,,8.4,VendorListItem
113520,سوپر مارکت 90,False,https://cdn.snapp.express/media/cache/vendor_item_cover/uploads/images/vendors/covers/65dc4f6457565.jpg,0,70000,3kj76n,ACTIVE,فردوسی,5,False,https://cdn.snapp.express/media/cache/vendor_logo/uploads/images/vendors/logos/65dc4f643e0ed.png,True,False,30,,9.2,VendorListItem
109804,جانبو پاسداران قم (همواره تخفیف),False,https://cdn.snapp.express/media/cache/vendor_item_cover/uploads/images/vendors/covers/667966364242c.png,0,80000,0y97qr,ACTIVE,FIXME,0,False,https://cdn.snapp.express/media/cache/vendor_logo/uploads/images/vendors/logos/667966363c06b.jpg,True,False,30,,0.0,VendorListItem
55491,سوپرمارکت قصر (زنبیل آباد),False,https://cdn.snapp.express/media/cache/vendor_item_cover/uploads/images/vendors/covers/60a5042279ced.jpg,22171,70000,0j4ejr,ACTIVE,FIXME,1539,False,https://cdn.snapp.express/media/cache/vendor_logo/uploads/images/vendors/logos/default.png,True,False,30,,8.4,VendorListItem
70326,سوپرمارکت امیران (زنبیل آباد),False,https://cdn.snapp.express/media/cache/vendor_item_cover/uploads/images/vendors/covers/60ab4b0c01a84.jpg,2849,70000,09966y,ACTIVE,محمود نژاد,244,False,https://cdn.snapp.express/media/cache/vendor_logo/uploads/images/vendors/logos/default.png,True,False,30,,8.4,VendorListItem
113329,سوپرمارکت راش,False,https://cdn.snapp.express/media/cache/vendor_item_cover/uploads/images/vendors/covers/65b5fe023b66f.jpg,0,70000,pvqjzx,ACTIVE,محمود نژاد,4,False,https://cdn.snapp.express/media/cache/vendor_logo/uploads/images/vendors/logos/65b5fe022b8a4.png,True,False,30,,8.0,VendorListItem
110362,سوپرمارکت گلها,False,https://cdn.snapp.express/media/cache/vendor_item_cover/uploads/images/vendors/covers/624d2f7202411.jpg,0,70000,p4qo5y,ACTIVE,شهید مفتح,7,False,https://cdn.snapp.express/media/cache/vendor_logo/uploads/images/vendors/logos/default.png,True,False,30,,8.8,VendorListItem
113171,سوپرمارکت مرسا 2 (خیابان بسیج),False,https://cdn.snapp.express/media/cache/vendor_item_cover/uploads/images/vendors/covers/658fba0bdf8f7.jpg,0,70000,32zree,ACTIVE,FIXME,6,False,https://cdn.snapp.express/media/cache/vendor_logo/uploads/images/vendors/logos/658fba0ba99df.png,True,False,30,,9.2,VendorListItem
101048,سوپرمارکت بلوار,False,https://cdn.snapp.express/media/cache/vendor_item_cover/uploads/images/vendors/covers/617d54062a9c8.jpg,2091,70000,0wwwoq,ACTIVE,شهید مفتح,211,False,https://cdn.snapp.express/media/cache/vendor_logo/uploads/images/vendors/logos/default.png,True,False,30,,8.8,VendorListItem
109961,فروشگاه هفت بسیج (همواره تخفیف),False,https://cdn.snapp.express/media/cache/vendor_item_cover/uploads/images/vendors/covers/620b8a2cb43a9.jfif,1615,80000,p8ojyr,ACTIVE,شهید فاطمی,102,False,https://cdn.snapp.express/media/cache/vendor_logo/uploads/images/vendors/logos/64342a4c8225c.png,True,False,30,,8.6,VendorListItem
113816,سوپرمارکت هایپر باران (اسدپور),False,,0,70000,3xwr7w,ACTIVE,15 خرداد,3,False,https://cdn.snapp.express/media/cache/vendor_logo/uploads/images/vendors/logos/663f362d43b75.png,True,False,30,,0.0,VendorListItem
114221,سوپرمارکت فروشگاه خرسندی,False,,0,45000,31zjq4,ACTIVE,کشاورز,0,False,https://cdn.snapp.express/media/cache/vendor_logo/uploads/images/vendors/logos/66bcb76adb87f.png,True,False,30,,0.0,VendorListItem
109803,جانبو دورشهر قم (همواره تخفیف),False,https://cdn.snapp.express/media/cache/vendor_item_cover/uploads/images/vendors/covers/61fba08de7f53.png,1627,110000,3d7jdg,ACTIVE,شهید فاطمی,82,False,https://cdn.snapp.express/media/cache/vendor_logo/uploads/images/vendors/logos/664314deea912.jpg,True,False,30,,7.4,VendorListItem
112179,گندم سمیه قم (همواره تخفیف),False,https://cdn.snapp.express/media/cache/vendor_item_cover/uploads/images/vendors/covers/646204f5d163d.png,0,80000,0mjwgz,ACTIVE,شهید فاطمی,19,False,https://cdn.snapp.express/media/cache/vendor_logo/uploads/images/vendors/logos/646204f5c83b2.png,True,False,30,,6.2,VendorListItem
55485,سوپرمارکت فدک جواد الایمه,False,https://cdn.snapp.express/media/cache/vendor_item_cover/uploads/images/vendors/covers/60a5034098c17.jpg,28919,85000,p87xoy,ACTIVE,کشاورز,1335,False,https://cdn.snapp.express/media/cache/vendor_logo/uploads/images/vendors/logos/default.png,True,False,30,,8.0,VendorListItem
113688,سوپرمارکت هایپر افسر,False,,0,70000,3xwrny,ACTIVE,کشاورز,4,False,https://cdn.snapp.express/media/cache/vendor_logo/uploads/images/vendors/logos/6610ff7787583.png,True,False,30,,9.4,VendorListItem
112793,سوپرمارکت بهار (حرم),False,https://cdn.snapp.express/media/cache/vendor_item_cover/uploads/images/vendors/covers/652cecd68f645.jpg,0,70000,31zl9y,ACTIVE,حرم مطهر,5,False,https://cdn.snapp.express/media/cache/vendor_logo/uploads/images/vendors/logos/652cecd6888ff.png,True,False,30,,7.6,VendorListItem
91145,جانبو طالقانی قم (همواره تخفیف),False,https://cdn.snapp.express/media/cache/vendor_item_cover/uploads/images/vendors/covers/667967149c7bc.png,4322,110000,31jr4y,ACTIVE,انقلاب,272,False,https://cdn.snapp.express/media/cache/vendor_logo/uploads/images/vendors/logos/6679671496691.jpg,True,False,30,,8.53,VendorListItem
111929,دیلی مارکت خیابان آذر قم(همواره تخفیف),False,https://cdn.snapp.express/media/cache/vendor_item_cover/uploads/images/vendors/covers/63b2d3ff87b1c.jpg,0,100000,pvqrlv,ACTIVE,FIXME,35,False,https://cdn.snapp.express/media/cache/vendor_logo/uploads/images/vendors/logos/65b616d706966.jpg,True,False,30,,9.0,VendorListItem
112819,سوپرمارکت میلاد,False,https://cdn.snapp.express/media/cache/vendor_item_cover/uploads/images/vendors/covers/65362ca183b57.jpg,0,70000,0jjrw9,ACTIVE,15 خرداد,6,False,https://cdn.snapp.express/media/cache/vendor_logo/uploads/images/vendors/logos/65362ca17cef9.png,True,False,30,,7.4,VendorListItem
91146,جانبو مالک اشتر قم(همواره تخفیف),False,https://cdn.snapp.express/media/cache/vendor_item_cover/uploads/images/vendors/covers/6603dd546e9f2.png,4203,150000,p5wn5e,ACTIVE,توحید,286,False,https://cdn.snapp.express/media/cache/vendor_logo/uploads/images/vendors/logos/6603dd544b5f1.jpg,True,False,30,,8.2,VendorListItem
111889,سوپرمارکت ملت (نیروگاه),False,https://cdn.snapp.express/media/cache/vendor_item_cover/uploads/images/vendors/covers/639eddef8135d.jpg,0,85000,3ee6w5,ACTIVE,توحید,182,False,https://cdn.snapp.express/media/cache/vendor_logo/uploads/images/vendors/logos/default.png,True,False,30,,9.0,VendorListItem
113677,سوپرمارکت باران,False,,0,70000,pvq1qm,ACTIVE,15 خرداد,3,False,https://cdn.snapp.express/media/cache/vendor_logo/uploads/images/vendors/logos/6604052093b0b.png,True,False,30,,0.0,VendorListItem
109801,جانبو شیخ آباد قم (همواره تخفیف),False,https://cdn.snapp.express/media/cache/vendor_item_cover/uploads/images/vendors/covers/6679684c7062f.png,0,200000,0gzw6n,ACTIVE,کشاورز,3,False,https://cdn.snapp.express/media/cache/vendor_logo/uploads/images/vendors/logos/6679684c6b7bc.jpg,True,False,30,,0.0,VendorListItem
113443,سوپرمارکت مهتاب,False,,0,70000,0jj4d9,ACTIVE,توحید,6,False,https://cdn.snapp.express/media/cache/vendor_logo/uploads/images/vendors/logos/65d0801cba5f6.png,True,False,30,,8.8,VendorListItem
113689,سوپرمارکت چراغی,False,,0,70000,3ee2o5,ACTIVE,توحید,10,False,https://cdn.snapp.express/media/cache/vendor_logo/uploads/images/vendors/logos/6611054ddaa63.png,True,False,30,,8.8,VendorListItem
109805,جانبو کشاورز قم (همواره تخفیف),False,https://cdn.snapp.express/media/cache/vendor_item_cover/uploads/images/vendors/covers/6603d82cd0de4.png,265,200000,pvln21,ACTIVE,کشاورز,36,False,https://cdn.snapp.express/media/cache/vendor_logo/uploads/images/vendors/logos/6603d82ca3095.jpg,True,False,30,,8.8,VendorListItem
109859,جانبو بوستان قم (همواره تخفیف),False,https://cdn.snapp.express/media/cache/vendor_item_cover/uploads/images/vendors/covers/6203cfc195579.png,1247,100000,0rorg8,ACTIVE,نظامی گنجوی,81,False,https://cdn.snapp.express/media/cache/vendor_logo/uploads/images/vendors/logos/6643167d8b90a.jpg,True,False,30,,8.4,VendorListItem
112950,دیلی مارکت باجک قم(همواره تخفیف),False,https://cdn.snapp.express/media/cache/vendor_item_cover/uploads/images/vendors/covers/65a3a597ac3c2.jpg,0,90000,09e76y,ACTIVE,باجک,12,False,https://cdn.snapp.express/media/cache/vendor_logo/uploads/images/vendors/logos/65a3a59797967.jpg,True,False,30,,9.0,VendorListItem
113601,گندم کاشانی قم(همواره تخفیف),False,https://cdn.snapp.express/media/cache/vendor_item_cover/uploads/images/vendors/covers/65ec5dc2620ad.png,0,80000,0gkrr2,ACTIVE,نظامی گنجوی,1,False,https://cdn.snapp.express/media/cache/vendor_logo/uploads/images/vendors/logos/65ec5dc23a971.png,True,False,30,,0.0,VendorListItem
109798,جانبو کیوان فر قم (همواره تخفیف),False,https://cdn.snapp.express/media/cache/vendor_item_cover/uploads/images/vendors/covers/61fa9bbd09908.png,1488,110000,09jknk,ACTIVE,FIXME,80,False,https://cdn.snapp.express/media/cache/vendor_logo/uploads/images/vendors/logos/66a0fcafe09f6.jpg,True,False,30,,8.84,VendorListItem
55389,سوپرمارکت چلسی (باجک),False,https://cdn.snapp.express/media/cache/vendor_item_cover/uploads/images/vendors/covers/60a4fbe4e35c5.jpg,18997,70000,3eql9m,ACTIVE,باجک,1191,False,https://cdn.snapp.express/media/cache/vendor_logo/uploads/images/vendors/logos/default.png,True,False,30,,7.8,VendorListItem
113603,گندم سوم خرداد قم (همواره تخفیف),False,https://cdn.snapp.express/media/cache/vendor_item_cover/uploads/images/vendors/covers/65ec60693a0d2.jpg,0,80000,3derrw,ACTIVE,FIXME,0,False,https://cdn.snapp.express/media/cache/vendor_logo/uploads/images/vendors/logos/65ec606911066.png,True,False,30,,0.0,VendorListItem
113519,سوپرمارکت هایپر ترنج,False,https://cdn.snapp.express/media/cache/vendor_item_cover/uploads/images/vendors/covers/65dc37ee3bfd1.jpg,0,70000,0jjmyv,ACTIVE,هفت تیر,7,False,https://cdn.snapp.express/media/cache/vendor_logo/uploads/images/vendors/logos/65dc37ee1408a.png,True,False,30,,8.4,VendorListItem
73702,سوپرمارکت پدر خوب,False,https://cdn.snapp.express/media/cache/vendor_item_cover/uploads/images/vendors/covers/60af48c8a1e71.jpg,7678,70000,099jkk,ACTIVE,امام خمینی ,525,False,https://cdn.snapp.express/media/cache/vendor_logo/uploads/images/vendors/logos/default.png,True,False,30,,8.8,VendorListItem
111847,سوپرمارکت فروشگاه آهو (نواب),False,https://cdn.snapp.express/media/cache/vendor_item_cover/uploads/images/vendors/covers/6384969071171.jpg,349,70000,32zmrq,ACTIVE,امام خمینی ,46,False,https://cdn.snapp.express/media/cache/vendor_logo/uploads/images/vendors/logos/6384969063e84.jpg,True,False,30,,8.6,VendorListItem
91196,جانبو عابدی قم (همواره تخفیف),False,https://cdn.snapp.express/media/cache/vendor_item_cover/uploads/images/vendors/covers/63babb09e208a.png,3774,150000,0w47w8,ACTIVE,امام خمینی ,243,False,https://cdn.snapp.express/media/cache/vendor_logo/uploads/images/vendors/logos/66431a942f001.jpg,True,False,30,,9.0,VendorListItem
111536,فروشگاه هفت لاکان رشت (همواره تخفیف),False,https://cdn.snapp.express/media/cache/vendor_item_cover/uploads/images/vendors/covers/6321784b79d60.jpeg,8,90000,poj94j,ACTIVE,FIXME,1,False,https://cdn.snapp.express/media/cache/vendor_logo/uploads/images/vendors/logos/64342a4c8225c.png,True,False,30,,2.0,VendorListItem
114011,سوپرمارکت نوید,False,,0,70000,0rqyr8,ACTIVE,منطقه 4,1,False,https://cdn.snapp.express/media/cache/vendor_logo/uploads/images/vendors/logos/668bd21d44c2d.jpg,True,False,30,,0.0,VendorListItem
111171,فروشگاه هفت مسکن مهر رشت (همواره تخفیف),False,https://cdn.snapp.express/media/cache/vendor_item_cover/uploads/images/vendors/covers/62ea4c6b1ca69.jpeg,4,85000,32z762,ACTIVE,منطقه 4,28,False,https://cdn.snapp.express/media/cache/vendor_logo/uploads/images/vendors/logos/64342a4c8225c.png,True,False,30,,10.0,VendorListItem
114086,جانبومسکن مهر(همواره تخفیف),False,https://cdn.snapp.express/media/cache/vendor_item_cover/uploads/images/vendors/covers/66a0a8b118108.png,0,80000,p4zj45,ACTIVE,منطقه 4,0,False,https://cdn.snapp.express/media/cache/vendor_logo/uploads/images/vendors/logos/66a0a8b113a62.jpg,True,False,45,,0.0,VendorListItem
93688,جانبو لاکان رشت (همواره تخفیف),False,https://cdn.snapp.express/media/cache/vendor_item_cover/uploads/images/vendors/covers/6603e20b873ed.png,7157,80000,3x5ol6,ACTIVE,منطقه 4,370,False,https://cdn.snapp.express/media/cache/vendor_logo/uploads/images/vendors/logos/6603e20b5e6b3.jpg,True,False,30,,9.2,VendorListItem
110646,دیلی مارکت لاکان رشت (همواره تخفیف),False,https://cdn.snapp.express/media/cache/vendor_item_cover/uploads/images/vendors/covers/629ddbdc46ef5.jpg,2157,120000,p5z2jw,ACTIVE,منطقه 4,105,False,https://cdn.snapp.express/media/cache/vendor_logo/uploads/images/vendors/logos/65b61731ce648.jpg,True,False,30,,9.0,VendorListItem
112808,سوپرمارکت وارنا,False,https://cdn.snapp.express/media/cache/vendor_item_cover/uploads/images/vendors/covers/65337fb5a0d6d.jpg,0,85000,0lj89j,ACTIVE,منطقه 4,16,False,https://cdn.snapp.express/media/cache/vendor_logo/uploads/images/vendors/logos/65337fb59c85f.png,True,False,30,,9.0,VendorListItem
112084,دیلی مارکت خیابان اتحاد رشت (همواره تخفیف),False,https://cdn.snapp.express/media/cache/vendor_item_cover/uploads/images/vendors/covers/642156feaa7b6.jpg,0,120000,pojz7o,ACTIVE,FIXME,25,False,https://cdn.snapp.express/media/cache/vendor_logo/uploads/images/vendors/logos/65b62108e6ceb.jpg,True,False,30,,9.2,VendorListItem
77155,سوپرمارکت آرات مارکت,False,https://cdn.snapp.express/media/cache/vendor_item_cover/uploads/images/vendors/covers/60d314a06f71e.jpg,8151,70000,0mmx6v,ACTIVE,خبر نگار,496,False,https://cdn.snapp.express/media/cache/vendor_logo/uploads/images/vendors/logos/default.png,True,False,30,,8.8,VendorListItem
113471,مینو مارت حمیدیان رشت (همواره تخفیف),False,https://cdn.snapp.express/media/cache/vendor_item_cover/uploads/images/vendors/covers/65d211c96c113.jpg,0,80000,32zrll,ACTIVE,حمیدیان,3,False,https://cdn.snapp.express/media/cache/vendor_logo/uploads/images/vendors/logos/65d211c956d65.jpg,True,False,30,,9.4,VendorListItem
66670,سوپرمارکت صیامی,False,https://cdn.snapp.express/media/cache/vendor_item_cover/uploads/images/vendors/covers/60ab51dcda421.jpg,7615,85000,p5r6lx,ACTIVE,حمیدیان,403,False,https://cdn.snapp.express/media/cache/vendor_logo/uploads/images/vendors/logos/669b87e526fbb.png,True,False,30,,9.0,VendorListItem
111149,فروشگاه هفت استقامت بهشتی رشت (همواره تخفیف),False,https://cdn.snapp.express/media/cache/vendor_item_cover/uploads/images/vendors/covers/62e765807e90d.jpeg,562,90000,0gkl5r,ACTIVE,استقامت,33,False,https://cdn.snapp.express/media/cache/vendor_logo/uploads/images/vendors/logos/64342a4c8225c.png,True,False,30,,9.0,VendorListItem
112085,دیلی مارکت بلوار بهشتی رشت (همواره تخفیف),False,https://cdn.snapp.express/media/cache/vendor_item_cover/uploads/images/vendors/covers/6421805c95bd4.jpg,0,120000,p8evng,ACTIVE,استقامت,7,False,https://cdn.snapp.express/media/cache/vendor_logo/uploads/images/vendors/logos/65b616fb79fa5.jpg,True,False,30,,0.0,VendorListItem
111535,فروشگاه هفت قاسمیه رشت(همواره تخفیف),False,https://cdn.snapp.express/media/cache/vendor_item_cover/uploads/images/vendors/covers/631ed89e6dddb.jpeg,404,80000,0rq59o,ACTIVE,قاسمیه,33,False,https://cdn.snapp.express/media/cache/vendor_logo/uploads/images/vendors/logos/64342a4c8225c.png,True,False,30,,9.2,VendorListItem
114088,جانبو لاکان 2(همواره تخفیف),False,https://cdn.snapp.express/media/cache/vendor_item_cover/uploads/images/vendors/covers/66a0ab02872d7.png,0,80000,3xw5d6,ACTIVE,منطقه 4,0,False,https://cdn.snapp.express/media/cache/vendor_logo/uploads/images/vendors/logos/66a0ab0282ef6.jpg,True,False,45,,0.0,VendorListItem
114121,جانبو رشت رازی 2 (همواره تخفیف),False,https://cdn.snapp.express/media/cache/vendor_item_cover/uploads/images/vendors/covers/66a0e0e9b7a24.png,0,80000,31zjl2,ACTIVE,استقامت,0,False,https://cdn.snapp.express/media/cache/vendor_logo/uploads/images/vendors/logos/66a0e0e9b2496.jpg,True,False,30,,0.0,VendorListItem
112679,سوپرمارکت محله,False,https://cdn.snapp.express/media/cache/vendor_item_cover/uploads/images/vendors/covers/65140f8841119.jpg,0,80000,0mjz7r,ACTIVE,منطقه 2,23,False,https://cdn.snapp.express/media/cache/vendor_logo/uploads/images/vendors/logos/65140f883acc6.png,True,False,30,,9.0,VendorListItem
114123,جانبو رشت حمیدیان 2 (همواره تخفیف),False,https://cdn.snapp.express/media/cache/vendor_item_cover/uploads/images/vendors/covers/66a0e213439d7.png,0,80000,32z122,ACTIVE,حمیدیان,0,False,https://cdn.snapp.express/media/cache/vendor_logo/uploads/images/vendors/logos/66a0e21340f48.jpg,True,False,30,,0.0,VendorListItem
114087,جانبو مدرس(همواره تخفیف),False,https://cdn.snapp.express/media/cache/vendor_item_cover/uploads/images/vendors/covers/66a0aa0c42749.png,0,80000,0njdn2,ACTIVE,خبر نگار,0,False,https://cdn.snapp.express/media/cache/vendor_logo/uploads/images/vendors/logos/66a0aa0c400dc.jpg,True,False,45,,0.0,VendorListItem
111826,دیلی مارکت خیابان افتخاری گیلان(همواره تخفیف),False,https://cdn.snapp.express/media/cache/vendor_item_cover/uploads/images/vendors/covers/638609ca50faa.jpg,171,120000,09e6wq,ACTIVE,الغدیر,36,False,https://cdn.snapp.express/media/cache/vendor_logo/uploads/images/vendors/logos/65b6171f852c1.jpg,True,False,30,,9.0,VendorListItem
112142,فروشگاه هفت عینک رشت(همواره تخفیف),False,https://cdn.snapp.express/media/cache/vendor_item_cover/uploads/images/vendors/covers/64493f08cd667.png,0,90000,37rxvn,ACTIVE,منطقه 4,17,False,https://cdn.snapp.express/media/cache/vendor_logo/uploads/images/vendors/logos/64493f08c87bf.png,True,False,30,,9.0,VendorListItem
111172,فروشگاه هفت افتخار رشت(همواره تخفیف),False,https://cdn.snapp.express/media/cache/vendor_item_cover/uploads/images/vendors/covers/62ea4c4e01c99.jpeg,481,85000,0wqd5z,ACTIVE,FIXME,34,False,https://cdn.snapp.express/media/cache/vendor_logo/uploads/images/vendors/logos/64342a4c8225c.png,True,False,30,,9.0,VendorListItem
113464,مینو مارت سام رشت(همواره تخفیف),False,https://cdn.snapp.express/media/cache/vendor_item_cover/uploads/images/vendors/covers/65d1ff139e2a8.jpg,0,80000,3xw2z6,ACTIVE,منطقه 2,4,False,https://cdn.snapp.express/media/cache/vendor_logo/uploads/images/vendors/logos/65d1ff13950c3.jpg,True,False,30,,8.6,VendorListItem
77136,سوپرمارکت هایپر کوچولو,False,https://cdn.snapp.express/media/cache/vendor_item_cover/uploads/images/vendors/covers/60d2dc3d472c5.jpg,4785,80000,pogwlq,ACTIVE,منطقه 2,272,False,https://cdn.snapp.express/media/cache/vendor_logo/uploads/images/vendors/logos/default.png,True,False,30,,8.4,VendorListItem
110821,فروشگاه هفت پیرسرا رشت(همواره تخفیف),False,https://cdn.snapp.express/media/cache/vendor_item_cover/uploads/images/vendors/covers/62c54af248cc7.jfif,635,80000,31zvwk,ACTIVE,منطقه 2,54,False,https://cdn.snapp.express/media/cache/vendor_logo/uploads/images/vendors/logos/64342a4c8225c.png,True,False,30,,9.2,VendorListItem
66914,سوپرمارکت شاهین مارکت,False,https://cdn.snapp.express/media/cache/vendor_item_cover/uploads/images/vendors/covers/60ab5208c1d7d.jpg,10380,70000,p4262r,ACTIVE,منطقه 2,690,False,https://cdn.snapp.express/media/cache/vendor_logo/uploads/images/vendors/logos/default.png,True,False,30,,9.0,VendorListItem
113739,سوپرمارکت اُ مارکت,False,,0,50000,0njwzr,ACTIVE,منطقه 3 ,4,False,https://cdn.snapp.express/media/cache/vendor_logo/uploads/images/vendors/logos/661e444504bf1.png,True,False,30,,9.4,VendorListItem
113546,دیلی مارکت عینک رشت (همواره تخفیف),False,https://cdn.snapp.express/media/cache/vendor_item_cover/uploads/images/vendors/covers/65e2e50517ebf.jpg,0,120000,p5z59j,ACTIVE,منطقه 4,3,False,https://cdn.snapp.express/media/cache/vendor_logo/uploads/images/vendors/logos/65e2e505006d1.jpg,True,False,30,,8.8,VendorListItem
67242,سوپرمارکت رنگین کمان,False,https://cdn.snapp.express/media/cache/vendor_item_cover/uploads/images/vendors/covers/60ab5169c0c82.jpg,22905,80000,375qzg,ACTIVE,FIXME,1137,False,https://cdn.snapp.express/media/cache/vendor_logo/uploads/images/vendors/logos/default.png,True,False,30,,9.4,VendorListItem
113426,مینو مارت رشتیان (همواره تخفیف),False,https://cdn.snapp.express/media/cache/vendor_item_cover/uploads/images/vendors/covers/65cc9662d2c11.jpg,0,80000,09e7k6,ACTIVE,FIXME,2,False,https://cdn.snapp.express/media/cache/vendor_logo/uploads/images/vendors/logos/65cc9662906fb.jpg,True,False,30,,9.0,VendorListItem
110818,فروشگاه هفت معلم رشت(همواره تخفیف),False,https://cdn.snapp.express/media/cache/vendor_item_cover/uploads/images/vendors/covers/62c546b3bc4c5.jfif,1809,80000,37r46m,ACTIVE,علی آباد,115,False,https://cdn.snapp.express/media/cache/vendor_logo/uploads/images/vendors/logos/64342a4c8225c.png,True,False,30,,9.4,VendorListItem
110940,دیلی مارکت فلسطین رشت(همواره تخفیف),False,https://cdn.snapp.express/media/cache/vendor_item_cover/uploads/images/vendors/covers/63170dbccccee.jpg,468,120000,3xwy79,ACTIVE,منطقه 3 ,64,False,https://cdn.snapp.express/media/cache/vendor_logo/uploads/images/vendors/logos/65b61714017bc.jpg,True,False,30,,9.2,VendorListItem
113574,سوپرمارکت هایپر شعبانی,False,,0,70000,09e97y,ACTIVE,منطقه 3 ,6,False,https://cdn.snapp.express/media/cache/vendor_logo/uploads/images/vendors/logos/65e70d6478ee6.png,True,False,30,,7.8,VendorListItem
112794,سوپرمارکت بست مارکت,False,https://cdn.snapp.express/media/cache/vendor_item_cover/uploads/images/vendors/covers/652d2ef0ad414.jpg,0,85000,p5z96e,ACTIVE,علی آباد,32,False,https://cdn.snapp.express/media/cache/vendor_logo/uploads/images/vendors/logos/652d2ef0a685d.png,True,False,30,,9.0,VendorListItem
114122,جانبو رشت معلم علی آباد (همواره تخفیف),False,https://cdn.snapp.express/media/cache/vendor_item_cover/uploads/images/vendors/covers/66a0e197e46d6.png,0,80000,p5zw9j,ACTIVE,علی آباد,0,False,https://cdn.snapp.express/media/cache/vendor_logo/uploads/images/vendors/logos/66a0e197e0289.jpg,True,False,30,,0.0,VendorListItem
93687,جانبو شهرداری رشت (همواره تخفیف),False,https://cdn.snapp.express/media/cache/vendor_item_cover/uploads/images/vendors/covers/65e70d04267a3.png,3089,80000,0nd922,ACTIVE,علی آباد,175,False,https://cdn.snapp.express/media/cache/vendor_logo/uploads/images/vendors/logos/65e70d03eb7ff.jpg,True,False,30,,9.0,VendorListItem
110820,فروشگاه هفت شهدا رشت (همواره تخفیف),False,https://cdn.snapp.express/media/cache/vendor_item_cover/uploads/images/vendors/covers/62c54932c61ec.jfif,573,80000,3kjn5k,ACTIVE,منطقه 3 ,90,False,https://cdn.snapp.express/media/cache/vendor_logo/uploads/images/vendors/logos/64342a4c8225c.png,True,False,30,,9.0,VendorListItem
109500,جانبو شهدا رشت (همواره تخفیف),False,https://cdn.snapp.express/media/cache/vendor_item_cover/uploads/images/vendors/covers/61c9d9d542a79.png,1257,80000,0wwxeg,ACTIVE,منطقه 3 ,75,False,https://cdn.snapp.express/media/cache/vendor_logo/uploads/images/vendors/logos/64342aba32ce7.png,True,False,30,,9.2,VendorListItem
113767,سوپرمارکت رایکا,False,,0,70000,0jjmkg,ACTIVE,علی آباد,2,False,https://cdn.snapp.express/media/cache/vendor_logo/uploads/images/vendors/logos/default.png,True,False,30,,8.8,VendorListItem
113473,مینو مارت سعدی رشت (همواره تخفیف),False,https://cdn.snapp.express/media/cache/vendor_item_cover/uploads/images/vendors/covers/65d225ef9aa7f.jpg,0,80000,0gkrln,ACTIVE,علی آباد,7,False,https://cdn.snapp.express/media/cache/vendor_logo/uploads/images/vendors/logos/65d225ef691f2.jpg,True,False,30,,9.0,VendorListItem
110939,دیلی مارکت امین الضرب رشت (همواره تخفیف),False,https://cdn.snapp.express/media/cache/vendor_item_cover/uploads/images/vendors/covers/6317032a1e232.jpg,289,120000,0njl7z,ACTIVE,منطقه 3 ,68,False,https://cdn.snapp.express/media/cache/vendor_logo/uploads/images/vendors/logos/65b61707e6799.jpg,True,False,30,,9.4,VendorListItem
110819,فروشگاه هفت امین الضرب رشت (همواره تخفیف),False,https://cdn.snapp.express/media/cache/vendor_item_cover/uploads/images/vendors/covers/62c547e305007.jfif,918,80000,0jje56,ACTIVE,منطقه 3 ,85,False,https://cdn.snapp.express/media/cache/vendor_logo/uploads/images/vendors/logos/64342a4c8225c.png,True,False,30,,8.8,VendorListItem
112203,دیلی مارکت میدان جانبازان رشت (همواره تخفیف),False,https://cdn.snapp.express/media/cache/vendor_item_cover/uploads/images/vendors/covers/651bcdfcce765.jpg,0,120000,3de5ng,ACTIVE,منطقه 3 ,10,False,https://cdn.snapp.express/media/cache/vendor_logo/uploads/images/vendors/logos/651bcdfcc661d.jpg,True,False,45,,9.2,VendorListItem
113916,دیلی مارکت شهرک فرهنگیان رشت (همواره تخفیف),False,https://cdn.snapp.express/media/cache/vendor_item_cover/uploads/images/vendors/covers/6666c297d8681.jpg,0,80000,3xwro9,ACTIVE,منطقه 1,1,False,https://cdn.snapp.express/media/cache/vendor_logo/uploads/images/vendors/logos/6666c297d456d.jpg,True,False,45,,0.0,VendorListItem
110886,سوپرمارکت ملت,False,https://cdn.snapp.express/media/cache/vendor_item_cover/uploads/images/vendors/covers/62c7fe9b997fe.jpg,1253,85000,p4zl8j,ACTIVE,منطقه 3 ,203,False,https://cdn.snapp.express/media/cache/vendor_logo/uploads/images/vendors/logos/default.png,True,False,30,,9.4,VendorListItem
111153,فروشگاه هفت باقرآباد رشت(همواره تخفیف),False,https://cdn.snapp.express/media/cache/vendor_item_cover/uploads/images/vendors/covers/66543dcdab654.png,909,80000,pvq965,ACTIVE,علی آباد,41,False,https://cdn.snapp.express/media/cache/vendor_logo/uploads/images/vendors/logos/66543dcda72e5.png,True,False,30,,9.0,VendorListItem
66667,سوپرمارکت آرمان مارکت,False,https://cdn.snapp.express/media/cache/vendor_item_cover/uploads/images/vendors/covers/60ab51d4b35d8.jpg,15100,70000,0j49z9,ACTIVE,منطقه 3 ,916,False,https://cdn.snapp.express/media/cache/vendor_logo/uploads/images/vendors/logos/default.png,True,False,30,,8.8,VendorListItem
107630,گندم علی آباد (همواره تخفیف),False,https://cdn.snapp.express/media/cache/vendor_item_cover/uploads/images/vendors/covers/6198da1d0d278.jpg,4215,80000,p6rwln,ACTIVE,علی آباد,167,False,https://cdn.snapp.express/media/cache/vendor_logo/uploads/images/vendors/logos/64342b3a8d27d.png,True,False,30,,7.74,VendorListItem
114194,سوپر مارکت هایپر مارکت فردین,False,,0,70000,p5zwwj,ACTIVE,علی آباد,4,False,https://cdn.snapp.express/media/cache/vendor_logo/uploads/images/vendors/logos/default.png,True,False,30,,0.0,VendorListItem
113475,مینو مارت معلم رشت (همواره تخفیف),False,https://cdn.snapp.express/media/cache/vendor_item_cover/uploads/images/vendors/covers/65d22a3f9690b.jpg,0,80000,3derlg,ACTIVE,علی آباد,4,False,https://cdn.snapp.express/media/cache/vendor_logo/uploads/images/vendors/logos/65d22a3f6f9f0.jpg,True,False,30,,8.0,VendorListItem
111152,فروشگاه هفت قلی پور رشت (همواره تخفیف),False,https://cdn.snapp.express/media/cache/vendor_item_cover/uploads/images/vendors/covers/62e9223860ad6.jpeg,1698,80000,0ygyog,ACTIVE,FIXME,98,False,https://cdn.snapp.express/media/cache/vendor_logo/uploads/images/vendors/logos/64342a4c8225c.png,True,False,30,,8.8,VendorListItem
110141,سوپرمارکت جردن مارکت,False,https://cdn.snapp.express/media/cache/vendor_item_cover/uploads/images/vendors/covers/621a1d6427898.jpg,1069,85000,3ez722,ACTIVE,منطقه 1,78,False,https://cdn.snapp.express/media/cache/vendor_logo/uploads/images/vendors/logos/default.png,True,False,30,,8.8,VendorListItem
113847,سوپرمارکت یاس,False,,0,70000,32zx55,ACTIVE,منطقه 1,3,False,https://cdn.snapp.express/media/cache/vendor_logo/uploads/images/vendors/logos/664488f4eef12.png,True,False,45,,0.0,VendorListItem
110262,وال مارکت رشت (همواره تخفیف),False,https://cdn.snapp.express/media/cache/vendor_item_cover/uploads/images/vendors/covers/6321c77e4b882.jpg,10110,90000,p4qoyj,ACTIVE,منطقه 3 ,519,False,https://cdn.snapp.express/media/cache/vendor_logo/uploads/images/vendors/logos/64342de96b47f.png,True,False,30,,8.4,VendorListItem
113845,سوپرمارکت نوین مارکت,False,,0,70000,31z45k,ACTIVE,FIXME,2,False,https://cdn.snapp.express/media/cache/vendor_logo/uploads/images/vendors/logos/66446eea7d97c.png,True,False,45,,0.0,VendorListItem
111930,فروشگاه هفت ارشاد رشت (همواره تخفیف),False,https://cdn.snapp.express/media/cache/vendor_item_cover/uploads/images/vendors/covers/63f2305929eed.png,108,80000,p6zorw,ACTIVE,منطقه 3 ,18,False,https://cdn.snapp.express/media/cache/vendor_logo/uploads/images/vendors/logos/6649aeb25ae45.png,True,False,30,,9.2,VendorListItem
66611,سوپرمارکت ماندگار,False,https://cdn.snapp.express/media/cache/vendor_item_cover/uploads/images/vendors/covers/60ab5224c50c3.jpg,4498,70000,0rxz98,ACTIVE,منطقه 1,219,False,https://cdn.snapp.express/media/cache/vendor_logo/uploads/images/vendors/logos/default.png,True,False,30,,9.0,VendorListItem
67621,سوپرمارکت میکاییلیان,False,https://cdn.snapp.express/media/cache/vendor_item_cover/uploads/images/vendors/covers/60ab4f1df3b60.jpg,16529,70000,31x7wk,ACTIVE,منطقه 1,856,False,https://cdn.snapp.express/media/cache/vendor_logo/uploads/images/vendors/logos/default.png,True,False,30,,9.2,VendorListItem
66527,سوپرمارکت وی آی پی,False,https://cdn.snapp.express/media/cache/vendor_item_cover/uploads/images/vendors/covers/60ab52985a555.jpg,19056,85000,3dmnwx,ACTIVE,منطقه 1,938,False,https://cdn.snapp.express/media/cache/vendor_logo/uploads/images/vendors/logos/default.png,True,False,30,,9.2,VendorListItem
93706,جانبو دیلمان رشت (همواره تخفیف),False,https://cdn.snapp.express/media/cache/vendor_item_cover/uploads/images/vendors/covers/65e70df9921e6.png,3522,80000,p6gwy6,ACTIVE,منطقه 1,151,False,https://cdn.snapp.express/media/cache/vendor_logo/uploads/images/vendors/logos/65e70df96ee27.jpg,True,False,30,,9.0,VendorListItem
113420,سوپرمارکت آوا,False,https://cdn.snapp.express/media/cache/vendor_item_cover/uploads/images/vendors/covers/65cc7962bb1d5.jpg,0,70000,3kjo8g,ACTIVE,منطقه 1,8,False,https://cdn.snapp.express/media/cache/vendor_logo/uploads/images/vendors/logos/65cc796294515.png,True,False,30,,8.8,VendorListItem
111691,گندم بلوار اطلاعات رشت (همواره تخفیف),False,https://cdn.snapp.express/media/cache/vendor_item_cover/uploads/images/vendors/covers/635f924b82bcc.jpg,73,80000,0jjyo9,ACTIVE,منطقه 3 ,7,False,https://cdn.snapp.express/media/cache/vendor_logo/uploads/images/vendors/logos/64342b3a8d27d.png,True,False,30,,8.6,VendorListItem
114001,سوپرمارکت هایپرمارکت سعید,False,,0,70000,0gkrwn,ACTIVE,منطقه 1,11,False,https://cdn.snapp.express/media/cache/vendor_logo/uploads/images/vendors/logos/6688f99517601.jpg,True,False,30,,0.0,VendorListItem
113553,سوپرمارکت رویال مارکت,False,https://cdn.snapp.express/media/cache/vendor_item_cover/uploads/images/vendors/covers/65e413f65a9f2.jpg,0,70000,pvq1g5,ACTIVE,منطقه 1,5,False,https://cdn.snapp.express/media/cache/vendor_logo/uploads/images/vendors/logos/65e413f651898.png,True,False,30,,9.2,VendorListItem
110606,سوپرمارکت سی آی پی,False,https://cdn.snapp.express/media/cache/vendor_item_cover/uploads/images/vendors/covers/6295a477638a7.jpg,1635,70000,p6z44n,ACTIVE,منطقه 1,83,False,https://cdn.snapp.express/media/cache/vendor_logo/uploads/images/vendors/logos/default.png,True,False,30,,8.2,VendorListItem
114124,جانبو رشت گلسار (همواره تخفیف),False,https://cdn.snapp.express/media/cache/vendor_item_cover/uploads/images/vendors/covers/66a0f299bc7bf.png,0,80000,0wq49z,ACTIVE,منطقه 1,1,False,https://cdn.snapp.express/media/cache/vendor_logo/uploads/images/vendors/logos/66a0f299b9bf7.jpg,True,False,30,,0.0,VendorListItem
112972,سوپرمارکت مالک مارکت,False,https://cdn.snapp.express/media/cache/vendor_item_cover/uploads/images/vendors/covers/6551c1adbba96.jpg,0,85000,0wqz9z,ACTIVE,منطقه 1,20,False,https://cdn.snapp.express/media/cache/vendor_logo/uploads/images/vendors/logos/6551c1adb6389.png,True,False,30,,9.2,VendorListItem
113924,فروشگاه هفت توحیدشهر سبزوار (همواره تخفیف),False,https://cdn.snapp.express/media/cache/vendor_item_cover/uploads/images/vendors/covers/66694a44380d2.jpeg,0,80000,0wq1r8,ACTIVE,دانشگاه,0,False,https://cdn.snapp.express/media/cache/vendor_logo/uploads/images/vendors/logos/66694a443128e.jfif,False,True,30,,0.0,VendorListItem
111176,سوپرمارکت آرشام,False,https://cdn.snapp.express/media/cache/vendor_item_cover/uploads/images/vendors/covers/62dfb5b0cfbca.jpg,563,75000,0yg1yg,ACTIVE,ویلاشهر,46,False,https://cdn.snapp.express/media/cache/vendor_logo/uploads/images/vendors/logos/default.png,False,True,30,,9.65,VendorListItem
112635,فروشگاه هفت امیر کبیر سنندج (همواره تخفیف),False,https://cdn.snapp.express/media/cache/vendor_item_cover/uploads/images/vendors/covers/6512c2ed98c74.png,0,80000,0rqvdv,ACTIVE,شریف آباد,2,False,https://cdn.snapp.express/media/cache/vendor_logo/uploads/images/vendors/logos/6512c2ed8cb69.png,False,True,30,,0.0,VendorListItem
71076,سوپرمارکت پارسا (راهبند),False,https://cdn.snapp.express/media/cache/vendor_item_cover/uploads/images/vendors/covers/60ab4d554ec2b.jpg,5915,70000,0yjvwd,ACTIVE,FIXME,282,False,https://cdn.snapp.express/media/cache/vendor_logo/uploads/images/vendors/logos/6693830d3d9d7.jpg,True,False,30,,7.6,VendorListItem
112091,دیلی مارکت بلوار کشاورز ساری(همواره تخفیف),False,https://cdn.snapp.express/media/cache/vendor_item_cover/uploads/images/vendors/covers/64229c7799db5.jpg,0,90000,0jjn16,ACTIVE,کوی کارگران,8,False,https://cdn.snapp.express/media/cache/vendor_logo/uploads/images/vendors/logos/65b61766dbabb.jpg,True,False,30,,8.8,VendorListItem
111538,فروشگاه هفت کشاورز ساری(همواره تخفیف),False,https://cdn.snapp.express/media/cache/vendor_item_cover/uploads/images/vendors/covers/631ed4a2c5bfd.jpeg,334,80000,p4z41y,ACTIVE,کوی کارگران,25,False,https://cdn.snapp.express/media/cache/vendor_logo/uploads/images/vendors/logos/64342a4c8225c.png,True,False,30,,9.0,VendorListItem
113754,مینو مارت دخانیات ساری (همواره تخفیف),False,https://cdn.snapp.express/media/cache/vendor_item_cover/uploads/images/vendors/covers/6626133a87acd.jpg,0,80000,p6z25w,ACTIVE,دخانیات,0,False,https://cdn.snapp.express/media/cache/vendor_logo/uploads/images/vendors/logos/6626133a83f0c.jpg,True,False,30,,0.0,VendorListItem
113911,دیلی مارکت خیابان دخانیات ساری(همواره تخفیف),False,https://cdn.snapp.express/media/cache/vendor_item_cover/uploads/images/vendors/covers/6665766679186.jpg,0,90000,0rqy6o,ACTIVE,دخانیات,0,False,https://cdn.snapp.express/media/cache/vendor_logo/uploads/images/vendors/logos/6665766674d8b.jpg,True,False,30,,0.0,VendorListItem
112087,دیلی مارکت خیابان کشاورز ساری (همواره تخفیف),False,https://cdn.snapp.express/media/cache/vendor_item_cover/uploads/images/vendors/covers/64218efca9130.jpg,0,90000,0njg7v,ACTIVE,دخانیات,7,False,https://cdn.snapp.express/media/cache/vendor_logo/uploads/images/vendors/logos/65afa136194f8.jpg,True,False,30,,9.0,VendorListItem
113774,دیلی مارکت خیابان فردوس ساری(همواره تخفیف),False,https://cdn.snapp.express/media/cache/vendor_item_cover/uploads/images/vendors/covers/662ce5d225155.jpg,0,90000,09e98n,ACTIVE,جوادیان,0,False,https://cdn.snapp.express/media/cache/vendor_logo/uploads/images/vendors/logos/662ce5d21d4f8.jpg,True,False,30,,9.2,VendorListItem
111835,دیلی مارکت بلوار پاسداران ساری (همواره تخفیف),False,https://cdn.snapp.express/media/cache/vendor_item_cover/uploads/images/vendors/covers/63864143462dc.jpg,94,70000,0rqjvz,ACTIVE,آزادی,10,False,https://cdn.snapp.express/media/cache/vendor_logo/uploads/images/vendors/logos/65afab083b220.jpg,True,False,30,,8.8,VendorListItem
113669,سوپرمارکت آرت,False,,0,70000,31z4z4,ACTIVE,آزادی,4,False,https://cdn.snapp.express/media/cache/vendor_logo/uploads/images/vendors/logos/default.png,True,False,30,,9.0,VendorListItem
112481,سوپرمارکت هایپر سی پی (عمران),False,https://cdn.snapp.express/media/cache/vendor_item_cover/uploads/images/vendors/covers/64be7234b095d.jpg,0,70000,0q1rew,ACTIVE,جوادیان,52,False,https://cdn.snapp.express/media/cache/vendor_logo/uploads/images/vendors/logos/64be7234ab8e5.png,True,False,30,,9.2,VendorListItem
93761,جانبو محراب ساری (همواره تخفیف),False,https://cdn.snapp.express/media/cache/vendor_item_cover/uploads/images/vendors/covers/6603de970d6b2.png,3264,110000,p8d99r,ACTIVE,جوادیان,120,False,https://cdn.snapp.express/media/cache/vendor_logo/uploads/images/vendors/logos/6603de96cd7e3.jpg,True,False,30,,9.0,VendorListItem
113914,دیلی مارکت بلوار جام جم ساری(همواره تخفیف),False,https://cdn.snapp.express/media/cache/vendor_item_cover/uploads/images/vendors/covers/666578827f686.jpg,0,90000,p4z7xy,ACTIVE,آزادی,0,False,https://cdn.snapp.express/media/cache/vendor_logo/uploads/images/vendors/logos/6665788279911.jpg,True,False,30,,0.0,VendorListItem
112088,دیلی مارکت خیابان بعثت ساری (همواره تخفیف),False,https://cdn.snapp.express/media/cache/vendor_item_cover/uploads/images/vendors/covers/6421939591895.jpg,0,90000,3xwj7w,ACTIVE,آزادی,6,False,https://cdn.snapp.express/media/cache/vendor_logo/uploads/images/vendors/logos/65b62163a5ee6.jpg,True,False,30,,8.8,VendorListItem
113870,فروشگاه هفت آزادی ساری (همواره تخفیف ),False,https://cdn.snapp.express/media/cache/vendor_item_cover/uploads/images/vendors/covers/66518aad7992c.png,0,80000,p5z5dn,ACTIVE,آزادی,1,False,https://cdn.snapp.express/media/cache/vendor_logo/uploads/images/vendors/logos/66518aad769bd.png,True,False,30,,0.0,VendorListItem
113221,سوپرمارکت سینا مارکت,False,https://cdn.snapp.express/media/cache/vendor_item_cover/uploads/images/vendors/covers/65950613c77e3.jpg,0,70000,31zxkk,ACTIVE,فرهنگ,24,False,https://cdn.snapp.express/media/cache/vendor_logo/uploads/images/vendors/logos/65950613c1421.png,True,False,30,,9.2,VendorListItem
113793,سوپرمارکت شهر مارکت VIP,False,,0,70000,31z4kw,ACTIVE,FIXME,1,False,https://cdn.snapp.express/media/cache/vendor_logo/uploads/images/vendors/logos/663096905aeaa.png,True,False,30,,0.0,VendorListItem
113772,دیلی مارکت سلمان فارسی ساری (همواره تخفیف),False,https://cdn.snapp.express/media/cache/vendor_item_cover/uploads/images/vendors/covers/662ce37183c73.jpg,0,90000,0wq1gg,ACTIVE,پیروزی,0,False,https://cdn.snapp.express/media/cache/vendor_logo/uploads/images/vendors/logos/662ce3717ed67.jpg,True,False,30,,9.6,VendorListItem
113786,مینو مارت شهابی ساری (همواره تخفیف),False,https://cdn.snapp.express/media/cache/vendor_item_cover/uploads/images/vendors/covers/662f4a70cea6b.jpg,0,80000,p4z7kr,ACTIVE,فرهنگ,0,False,https://cdn.snapp.express/media/cache/vendor_logo/uploads/images/vendors/logos/662f4a70c9ccc.jpg,True,False,30,,0.0,VendorListItem
112090,دیلی مارکت خیابان پیروزی ساری (همواره تخفیف),False,https://cdn.snapp.express/media/cache/vendor_item_cover/uploads/images/vendors/covers/6422971987706.jpg,0,90000,37rxnm,ACTIVE,پیروزی,7,False,https://cdn.snapp.express/media/cache/vendor_logo/uploads/images/vendors/logos/65b61749281fb.jpg,True,False,30,,9.0,VendorListItem
110942,دیلی مارکت فرهنگ ساری (همواره تخفیف),False,https://cdn.snapp.express/media/cache/vendor_item_cover/uploads/images/vendors/covers/62cd6a0ebf535.jpg,683,90000,37r4nn,ACTIVE,فرهنگ,31,False,https://cdn.snapp.express/media/cache/vendor_logo/uploads/images/vendors/logos/65b621964473c.jpg,True,False,30,,8.33,VendorListItem
111343,سوپرمارکت تک,False,https://cdn.snapp.express/media/cache/vendor_item_cover/uploads/images/vendors/covers/63008f1644090.jpg,539,70000,0jjygg,ACTIVE,فرهنگ,39,False,https://cdn.snapp.express/media/cache/vendor_logo/uploads/images/vendors/logos/default.png,True,False,30,,9.4,VendorListItem
111483,سوپرمارکت لوکس مارکت من و شما,False,https://cdn.snapp.express/media/cache/vendor_item_cover/uploads/images/vendors/covers/630c4731ce191.jpg,527,70000,0rq5dv,ACTIVE,معلم,53,False,https://cdn.snapp.express/media/cache/vendor_logo/uploads/images/vendors/logos/default.png,True,False,30,,8.2,VendorListItem
112092,دیلی مارکت بلوار امام رضا دو ساری (همواره تخفیف),False,https://cdn.snapp.express/media/cache/vendor_item_cover/uploads/images/vendors/covers/6422a3115d5dc.jpg,0,90000,3kj61k,ACTIVE,FIXME,8,False,https://cdn.snapp.express/media/cache/vendor_logo/uploads/images/vendors/logos/65b621570f2e3.jpg,True,False,30,,7.8,VendorListItem
111831,دیلی مارکت بلوار امام رضا ساری (همواره تخفیف),False,https://cdn.snapp.express/media/cache/vendor_item_cover/uploads/images/vendors/covers/63863aa06022f.jpg,168,90000,0mjwzo,ACTIVE,FIXME,27,False,https://cdn.snapp.express/media/cache/vendor_logo/uploads/images/vendors/logos/65b6173e81bfa.jpg,True,False,30,,8.6,VendorListItem
93758,جانبو امام رضا ساری (همواره تخفیف),False,https://cdn.snapp.express/media/cache/vendor_item_cover/uploads/images/vendors/covers/664318ef13adb.png,1820,80000,pz122w,ACTIVE,FIXME,87,False,https://cdn.snapp.express/media/cache/vendor_logo/uploads/images/vendors/logos/664318ef0fa7a.jpg,True,False,30,,8.02,VendorListItem
110647,دیلی مارکت شریف ساری (همواره تخفیف),False,https://cdn.snapp.express/media/cache/vendor_item_cover/uploads/images/vendors/covers/629ddc9cba80d.jpg,1362,90000,32z6mq,ACTIVE,جمهوری,70,False,https://cdn.snapp.express/media/cache/vendor_logo/uploads/images/vendors/logos/65b617bdb978e.jpg,True,False,30,,8.6,VendorListItem
113770,سوپرمارکت امیر,False,,0,70000,p5z58v,ACTIVE,خیام,4,False,https://cdn.snapp.express/media/cache/vendor_logo/uploads/images/vendors/logos/662cbf5a33bd7.png,True,False,30,,9.2,VendorListItem
71198,سوپرمارکت پارک مارکت 2 (شعبه شهدا),False,https://cdn.snapp.express/media/cache/vendor_item_cover/uploads/images/vendors/covers/60ab4c8197464.jpg,9108,70000,099wnn,ACTIVE,فرهنگ,470,False,https://cdn.snapp.express/media/cache/vendor_logo/uploads/images/vendors/logos/669384f305162.jpg,True,False,30,,8.6,VendorListItem
70899,سوپرمارکت گل (هایپر ساری),False,https://cdn.snapp.express/media/cache/vendor_item_cover/uploads/images/vendors/covers/60ab494deb4fc.jpg,13189,70000,3drg5g,ACTIVE,معلم,612,False,https://cdn.snapp.express/media/cache/vendor_logo/uploads/images/vendors/logos/66937f07ad619.jpg,True,False,30,,8.6,VendorListItem
114126,جانبو ساری زینبیه (همواره تخفیف),False,https://cdn.snapp.express/media/cache/vendor_item_cover/uploads/images/vendors/covers/66a0f54b9f1fd.png,0,80000,09eywy,ACTIVE,معلم,0,False,https://cdn.snapp.express/media/cache/vendor_logo/uploads/images/vendors/logos/66a0f54b99efc.jpg,True,False,30,,0.0,VendorListItem
113751,مینو مارت مازندرانی ساری(همواره تخفیف),False,https://cdn.snapp.express/media/cache/vendor_item_cover/uploads/images/vendors/covers/66260fec14ba8.jpg,0,80000,3derwd,ACTIVE,شهبند,0,False,https://cdn.snapp.express/media/cache/vendor_logo/uploads/images/vendors/logos/66260fec11110.jpg,True,False,30,,9.0,VendorListItem
111537,فروشگاه هفت شهبند ساری(همواره تخفیف),False,https://cdn.snapp.express/media/cache/vendor_item_cover/uploads/images/vendors/covers/631ed64d52051.jpeg,385,80000,p8e51m,ACTIVE,شهبند,18,False,https://cdn.snapp.express/media/cache/vendor_logo/uploads/images/vendors/logos/662dfa9ff3673.png,True,False,30,,8.6,VendorListItem
113769,سوپرمارکت شب و روز مارکت,False,,0,70000,31z41w,ACTIVE,شهید باهنر,3,False,https://cdn.snapp.express/media/cache/vendor_logo/uploads/images/vendors/logos/662cac40f2aab.png,True,False,30,,8.2,VendorListItem
113785,مینو مارت معلم ساری (همواره تخفیف),False,https://cdn.snapp.express/media/cache/vendor_item_cover/uploads/images/vendors/covers/662f48c9cc0bc.jpg,0,80000,p8eg25,ACTIVE,معلم,0,False,https://cdn.snapp.express/media/cache/vendor_logo/uploads/images/vendors/logos/662f48c9c90e1.jpg,True,False,30,,0.0,VendorListItem
111075,فروشگاه هفت ملا مجدالدین ساری (همواره تخفیف),False,https://cdn.snapp.express/media/cache/vendor_item_cover/uploads/images/vendors/covers/62d7e5220a728.jfif,0,80000,3del4g,ACTIVE,خیام,7,False,https://cdn.snapp.express/media/cache/vendor_logo/uploads/images/vendors/logos/64342a4c8225c.png,True,False,30,,8.4,VendorListItem
112119,دیلی مارکت بلوار ولیعصر ساری(همواره تخفیف),False,https://cdn.snapp.express/media/cache/vendor_item_cover/uploads/images/vendors/covers/643d69d7c363f.jpg,0,90000,0jjnqq,ACTIVE,معلم,0,False,https://cdn.snapp.express/media/cache/vendor_logo/uploads/images/vendors/logos/643d69d7bca8a.jpg,True,False,30,,8.0,VendorListItem
111539,فروشگاه هفت معلم ساری(همواره تخفیف),False,https://cdn.snapp.express/media/cache/vendor_item_cover/uploads/images/vendors/covers/631ed262a9ad2.jpeg,657,70000,0njn2z,ACTIVE,معلم,44,False,https://cdn.snapp.express/media/cache/vendor_logo/uploads/images/vendors/logos/64342a4c8225c.png,True,False,30,,8.95,VendorListItem
110648,دیلی مارکت امیرمازندرانی ساری (همواره تخفیف),False,https://cdn.snapp.express/media/cache/vendor_item_cover/uploads/images/vendors/covers/629dddb36d1b2.jpg,1142,90000,0wq5eq,ACTIVE,شهبند,55,False,https://cdn.snapp.express/media/cache/vendor_logo/uploads/images/vendors/logos/65b6177302206.jpg,True,False,30,,7.4,VendorListItem
113752,مینو مارت خزر ساری(همواره تخفیف),False,https://cdn.snapp.express/media/cache/vendor_item_cover/uploads/images/vendors/covers/6626112e5c016.jpg,0,80000,0ygj4m,ACTIVE,خیام,0,False,https://cdn.snapp.express/media/cache/vendor_logo/uploads/images/vendors/logos/6626112e587a6.jpg,True,False,30,,7.2,VendorListItem
112086,دیلی مارکت سه راه مدرس ساری (همواره تخفیف),False,https://cdn.snapp.express/media/cache/vendor_item_cover/uploads/images/vendors/covers/64218838cfed2.jpg,0,90000,p4zr5j,ACTIVE,FIXME,3,False,https://cdn.snapp.express/media/cache/vendor_logo/uploads/images/vendors/logos/65b621718d8a6.jpg,True,False,30,,8.6,VendorListItem
114125,جانبو ساری معلم (همواره تخفیف),False,https://cdn.snapp.express/media/cache/vendor_item_cover/uploads/images/vendors/covers/66a0f48b147b2.png,0,80000,0gk9yr,ACTIVE,معلم,0,False,https://cdn.snapp.express/media/cache/vendor_logo/uploads/images/vendors/logos/66a0f48b0e5cc.jpg,True,False,30,,0.0,VendorListItem
112089,دیلی مارکت خیابان مهیار ساری (همواره تخفیف),False,https://cdn.snapp.express/media/cache/vendor_item_cover/uploads/images/vendors/covers/6421994635b2a.jpg,0,90000,3ee61o,ACTIVE,معلم,1,False,https://cdn.snapp.express/media/cache/vendor_logo/uploads/images/vendors/logos/65b6179687d5b.jpg,True,False,30,,9.2,VendorListItem
71270,سوپرمارکت ساریکا مارکت,False,https://cdn.snapp.express/media/cache/vendor_item_cover/uploads/images/vendors/covers/60ab4b8e0abaf.jpg,4961,70000,p559ln,ACTIVE,شهبند,295,False,https://cdn.snapp.express/media/cache/vendor_logo/uploads/images/vendors/logos/default.png,True,False,30,,9.0,VendorListItem
109673,سوپرمارکت مفیدی,False,https://cdn.snapp.express/media/cache/vendor_item_cover/uploads/images/vendors/covers/61e4579cd3a0b.jpg,1241,70000,0gzw2m,ACTIVE,معلم,77,False,https://cdn.snapp.express/media/cache/vendor_logo/uploads/images/vendors/logos/66938569ddb9d.jpg,True,False,30,,7.4,VendorListItem
111074,فروشگاه هفت طبرستان ساری(همواره تخفیف),False,https://cdn.snapp.express/media/cache/vendor_item_cover/uploads/images/vendors/covers/62d8091c361b1.jfif,0,80000,09exr6,ACTIVE,طبرستان,7,False,https://cdn.snapp.express/media/cache/vendor_logo/uploads/images/vendors/logos/64342a4c8225c.png,True,False,30,,8.8,VendorListItem
111834,دیلی مارکت خیابان معلم ساری (همواره تخفیف),False,https://cdn.snapp.express/media/cache/vendor_item_cover/uploads/images/vendors/covers/63863fc21b0a2.jpg,33,90000,pz9ev2,ACTIVE,معلم,22,False,https://cdn.snapp.express/media/cache/vendor_logo/uploads/images/vendors/logos/65b62189d82c6.jpg,True,False,30,,8.8,VendorListItem
113913,دیلی مارکت بلوار سردار سلیمانی کوی اصحاب ساری(همواره تخفیف),False,https://cdn.snapp.express/media/cache/vendor_item_cover/uploads/images/vendors/covers/6665778acd4bf.jpg,0,90000,p8eg9m,ACTIVE,شهید باهنر,0,False,https://cdn.snapp.express/media/cache/vendor_logo/uploads/images/vendors/logos/6665778ac79d2.jpg,True,False,30,,0.0,VendorListItem
111541,فروشگاه هفت سیدالشهداء ساری(همواره تخفیف),False,https://cdn.snapp.express/media/cache/vendor_item_cover/uploads/images/vendors/covers/631ecd2f23339.jpeg,640,80000,3ee5yj,ACTIVE,شهید باهنر,34,False,https://cdn.snapp.express/media/cache/vendor_logo/uploads/images/vendors/logos/64342a4c8225c.png,True,False,30,,8.6,VendorListItem
114138,سوپر مارکت مفیدی(فرح آباد),False,,0,70000,p4zjgx,ACTIVE,شهید باهنر,0,False,https://cdn.snapp.express/media/cache/vendor_logo/uploads/images/vendors/logos/default.png,True,False,30,,0.0,VendorListItem
93763,جانبو شفا ساری (همواره تخفیف),False,https://cdn.snapp.express/media/cache/vendor_item_cover/uploads/images/vendors/covers/66431c31a7b66.png,2432,110000,0nd996,ACTIVE,شهید باهنر,86,False,https://cdn.snapp.express/media/cache/vendor_logo/uploads/images/vendors/logos/66431c31a4347.jpg,True,False,30,,8.86,VendorListItem
112024,سوپرمارکت طاهریان,False,https://cdn.snapp.express/media/cache/vendor_item_cover/uploads/images/vendors/covers/63d7c7ec22b63.jpg,0,70000,0wqekv,ACTIVE,امیر کبیر,61,False,https://cdn.snapp.express/media/cache/vendor_logo/uploads/images/vendors/logos/6641dfaa33ada.jpg,True,False,30,,7.4,VendorListItem
113056,سوپرمارکت سلامت,False,https://cdn.snapp.express/media/cache/vendor_item_cover/uploads/images/vendors/covers/65744dd8335d2.jpg,0,70000,0ljegz,ACTIVE,حافظ,4,False,https://cdn.snapp.express/media/cache/vendor_logo/uploads/images/vendors/logos/65744dd82d3cd.png,True,False,30,,6.6,VendorListItem
113993,گندم فضیلت سمنان (همواره تخفیف),False,https://cdn.snapp.express/media/cache/vendor_item_cover/uploads/images/vendors/covers/6683c28403fbd.png,0,80000,31z47y,ACTIVE,امیر کبیر,4,False,https://cdn.snapp.express/media/cache/vendor_logo/uploads/images/vendors/logos/6683c283f3d16.png,False,True,30,,0.0,VendorListItem
113240,سوپرمارکت هستی,False,https://cdn.snapp.express/media/cache/vendor_item_cover/uploads/images/vendors/covers/659933ddf25cb.jpg,0,70000,3xw27w,ACTIVE,امام علی,10,False,https://cdn.snapp.express/media/cache/vendor_logo/uploads/images/vendors/logos/659933ddebdfe.png,True,False,30,,7.2,VendorListItem
93101,سوپرمارکت شادمهر,False,https://cdn.snapp.express/media/cache/vendor_item_cover/uploads/images/vendors/covers/614ed24f3e0f3.jpg,4993,70000,0g9m6r,ACTIVE,مخابرات,328,False,https://cdn.snapp.express/media/cache/vendor_logo/uploads/images/vendors/logos/default.png,True,False,30,,8.4,VendorListItem
110609,سوپرمارکت مادر,False,https://cdn.snapp.express/media/cache/vendor_item_cover/uploads/images/vendors/covers/6295c8bde9f48.jpg,2457,70000,0q1oow,ACTIVE,مخابرات,226,False,https://cdn.snapp.express/media/cache/vendor_logo/uploads/images/vendors/logos/default.png,True,False,30,,7.6,VendorListItem
113836,سوپرمارکت شهر مارکت,False,,0,70000,pojg4o,ACTIVE,یادگارامام,3,False,https://cdn.snapp.express/media/cache/vendor_logo/uploads/images/vendors/logos/6641ce7381651.png,False,True,30,,0.0,VendorListItem
112057,سوپرمارکت مزه مارکت,False,https://cdn.snapp.express/media/cache/vendor_item_cover/uploads/images/vendors/covers/63f5e0033e255.jpg,0,70000,0q169y,ACTIVE,FIXME,18,False,https://cdn.snapp.express/media/cache/vendor_logo/uploads/images/vendors/logos/default.png,False,True,30,,7.8,VendorListItem
112763,سوپرمارکت شاهوار,False,https://cdn.snapp.express/media/cache/vendor_item_cover/uploads/images/vendors/covers/65227372051e7.jpg,0,70000,0njr9z,ACTIVE,باغ زندان,1,False,https://cdn.snapp.express/media/cache/vendor_logo/uploads/images/vendors/logos/65227371f0c7b.png,False,True,30,,7.4,VendorListItem
111788,فروشگاه هفت شهربانی شاهرود(همواره تخفیف),False,https://cdn.snapp.express/media/cache/vendor_item_cover/uploads/images/vendors/covers/63847546a8c1d.jpeg,0,80000,3xwjd4,ACTIVE,22 بهمن,37,False,https://cdn.snapp.express/media/cache/vendor_logo/uploads/images/vendors/logos/66543bd96a90d.png,False,True,30,,8.6,VendorListItem
111829,دیلی مارکت حجت آباد شیراز (همواره تخفیف),False,https://cdn.snapp.express/media/cache/vendor_item_cover/uploads/images/vendors/covers/638637e769a3f.jpg,126,90000,pvqrgm,ACTIVE,حجت آباد,23,False,https://cdn.snapp.express/media/cache/vendor_logo/uploads/images/vendors/logos/65b619afdc149.jpg,True,False,30,,9.4,VendorListItem
55537,سوپرمارکت صدف (میانرود),False,https://cdn.snapp.express/media/cache/vendor_item_cover/uploads/images/vendors/covers/60a50c44577c2.jpg,11371,70000,p87xl5,ACTIVE,حجت آباد,643,False,https://cdn.snapp.express/media/cache/vendor_logo/uploads/images/vendors/logos/default.png,True,False,30,,9.4,VendorListItem
111828,دیلی مارکت مهدی آباد شیراز (همواره تخفیف),False,https://cdn.snapp.express/media/cache/vendor_item_cover/uploads/images/vendors/covers/63860efc68b00.jpg,43,90000,0ygkvd,ACTIVE,حجت آباد,12,False,https://cdn.snapp.express/media/cache/vendor_logo/uploads/images/vendors/logos/65b61a184ea5a.jpg,True,False,30,,8.8,VendorListItem
87486,جانبو شیرودی شیراز (همواره تخفیف),False,https://cdn.snapp.express/media/cache/vendor_item_cover/uploads/images/vendors/covers/612c6e7d0e0e5.png,4323,80000,p4jqwj,ACTIVE,شریف آباد,250,False,https://cdn.snapp.express/media/cache/vendor_logo/uploads/images/vendors/logos/64342aba32ce7.png,True,False,30,,8.8,VendorListItem
111520,دیلی مارکت شیرودی شیراز(همواره تخفیف),False,https://cdn.snapp.express/media/cache/vendor_item_cover/uploads/images/vendors/covers/631ef7b8ad963.jpg,338,90000,3kjl1q,ACTIVE,سهل آباد,51,False,https://cdn.snapp.express/media/cache/vendor_logo/uploads/images/vendors/logos/65b6198966908.jpg,True,False,30,,8.8,VendorListItem
81910,سوپرمارکت آپادانا,False,https://cdn.snapp.express/media/cache/vendor_item_cover/uploads/images/vendors/covers/60fd3a6d7e1f7.jpg,3640,70000,pzkj8j,ACTIVE,دشت چنار,254,False,https://cdn.snapp.express/media/cache/vendor_logo/uploads/images/vendors/logos/default.png,True,False,30,,8.8,VendorListItem
113501,سوپرمارکت آرتان,False,https://cdn.snapp.express/media/cache/vendor_item_cover/uploads/images/vendors/covers/65d49fd80dd13.jpg,0,70000,0gkrnr,ACTIVE,طلائیه,3,False,https://cdn.snapp.express/media/cache/vendor_logo/uploads/images/vendors/logos/65d49fd7cf161.png,True,False,30,,8.6,VendorListItem
109945,جانبو میانرود (همواره تخفیف),False,https://cdn.snapp.express/media/cache/vendor_item_cover/uploads/images/vendors/covers/620a291cbe6f9.png,1081,105000,31qo72,ACTIVE,حجت آباد,37,False,https://cdn.snapp.express/media/cache/vendor_logo/uploads/images/vendors/logos/664315901225f.jpg,True,False,30,,8.46,VendorListItem
109902,جانبو دشت چنار شیراز (همواره تخفیف),False,https://cdn.snapp.express/media/cache/vendor_item_cover/uploads/images/vendors/covers/6208c9fd00ab4.png,1287,80000,09jkzy,ACTIVE,دشت چنار,62,False,https://cdn.snapp.express/media/cache/vendor_logo/uploads/images/vendors/logos/64342aba32ce7.png,True,False,30,,8.6,VendorListItem
112825,سوپرمارکت هایپر شهر,False,https://cdn.snapp.express/media/cache/vendor_item_cover/uploads/images/vendors/covers/6538ce63a858c.jpg,0,70000,0gkyqn,ACTIVE,شریف آباد,6,False,https://cdn.snapp.express/media/cache/vendor_logo/uploads/images/vendors/logos/6538ce63a3f9e.png,True,False,30,,6.8,VendorListItem
112638,دیلی مارکت جانبازان شیراز(همواره تخفیف),False,https://cdn.snapp.express/media/cache/vendor_item_cover/uploads/images/vendors/covers/651d69dea5bcc.jpg,0,90000,p4zgkj,ACTIVE,پروین اعتصامی,5,False,https://cdn.snapp.express/media/cache/vendor_logo/uploads/images/vendors/logos/651d69de9d454.jpg,True,False,30,,9.0,VendorListItem
109943,جانبو اتحاد شیراز (همواره تخفیف),False,https://cdn.snapp.express/media/cache/vendor_item_cover/uploads/images/vendors/covers/620a2877863cb.png,5,80000,0jgdwv,ACTIVE,ترکان - شرقان,2,False,https://cdn.snapp.express/media/cache/vendor_logo/uploads/images/vendors/logos/6643181ce258d.jpg,True,False,30,,8.4,VendorListItem
111762,دیلی مارکت بلوار اتحاد شیراز(همواره تخفیف),False,https://cdn.snapp.express/media/cache/vendor_item_cover/uploads/images/vendors/covers/63747bd08ad58.jpg,29,90000,p4zrlx,ACTIVE,ترکان - شرقان,13,False,https://cdn.snapp.express/media/cache/vendor_logo/uploads/images/vendors/logos/65b619249c47f.jpg,True,False,30,,9.4,VendorListItem
111830,دیلی مارکت شهرک رضوان شیراز (همواره تخفیف),False,https://cdn.snapp.express/media/cache/vendor_item_cover/uploads/images/vendors/covers/63863937f2f6e.jpg,48,90000,p6zojn,ACTIVE,طلائیه,19,False,https://cdn.snapp.express/media/cache/vendor_logo/uploads/images/vendors/logos/65b619cebf4f7.jpg,True,False,30,,9.2,VendorListItem
111521,دیلی مارکت مطهری شیراز(همواره تخفیف),False,https://cdn.snapp.express/media/cache/vendor_item_cover/uploads/images/vendors/covers/631f0e534b82c.jpg,141,90000,31z2ry,ACTIVE,عدالت,97,False,https://cdn.snapp.express/media/cache/vendor_logo/uploads/images/vendors/logos/65b618706af1c.jpg,True,False,30,,10.0,VendorListItem
55452,سوپرمارکت توحید,False,https://cdn.snapp.express/media/cache/vendor_item_cover/uploads/images/vendors/covers/60a5011b4ea04.jpg,25556,70000,0yryxd,ACTIVE,عدالت,1516,False,https://cdn.snapp.express/media/cache/vendor_logo/uploads/images/vendors/logos/6697a10065b06.jpg,True,False,30,,8.6,VendorListItem
113627,سوپرمارکت هایپر شهروند,False,,0,70000,3dervw,ACTIVE,پروین اعتصامی,1,False,https://cdn.snapp.express/media/cache/vendor_logo/uploads/images/vendors/logos/65f153375a327.png,True,False,30,,7.0,VendorListItem
109905,جانبو استاد شهریار شیراز (همواره تخفیف),False,https://cdn.snapp.express/media/cache/vendor_item_cover/uploads/images/vendors/covers/6208d0e46fb11.png,1528,80000,pvln45,ACTIVE,پروین اعتصامی,96,False,https://cdn.snapp.express/media/cache/vendor_logo/uploads/images/vendors/logos/64342aba32ce7.png,True,False,30,,8.6,VendorListItem
112026,دیلی مارکت دلاوران شیراز(همواره تخفیف),False,https://cdn.snapp.express/media/cache/vendor_item_cover/uploads/images/vendors/covers/63da369718a1b.jpg,0,90000,09e6gd,ACTIVE,ارتش,23,False,https://cdn.snapp.express/media/cache/vendor_logo/uploads/images/vendors/logos/65b61ad85d29e.jpg,True,False,30,,10.0,VendorListItem
112253,دیلی مارکت خیابان دستغیب 2 شیراز (همواره تخفیف),False,https://cdn.snapp.express/media/cache/vendor_item_cover/uploads/images/vendors/covers/648f0e7843cfe.jpg,0,90000,pvqrd1,ACTIVE,عدالت,11,False,https://cdn.snapp.express/media/cache/vendor_logo/uploads/images/vendors/logos/648f0e7838bc2.jpg,True,False,30,,9.4,VendorListItem
111053,سوپرمارکت آیسامارکت,False,https://cdn.snapp.express/media/cache/vendor_item_cover/uploads/images/vendors/covers/62d397ec2bf8e.jpg,2273,70000,pvq941,ACTIVE,عدالت,257,False,https://cdn.snapp.express/media/cache/vendor_logo/uploads/images/vendors/logos/default.png,True,False,30,,8.4,VendorListItem
112752,سوپرمارکت مستر مارکت,False,https://cdn.snapp.express/media/cache/vendor_item_cover/uploads/images/vendors/covers/652120d093718.jpg,0,70000,0ygv8y,ACTIVE,مدرس,16,False,https://cdn.snapp.express/media/cache/vendor_logo/uploads/images/vendors/logos/652120d08d5bd.png,True,False,30,,8.4,VendorListItem
88530,سوپرمارکت وانیا,False,https://cdn.snapp.express/media/cache/vendor_item_cover/uploads/images/vendors/covers/61336ef65d23b.jpg,3967,70000,p6gvyw,ACTIVE,عدالت,278,False,https://cdn.snapp.express/media/cache/vendor_logo/uploads/images/vendors/logos/668d384c95f31.jpg,True,False,30,,8.6,VendorListItem
87489,جانبو بنی هاشمی شیراز (همواره تخفیف),False,https://cdn.snapp.express/media/cache/vendor_item_cover/uploads/images/vendors/covers/612c721c6bf99.jpg,6698,80000,3ewzmo,ACTIVE,دولت,350,False,https://cdn.snapp.express/media/cache/vendor_logo/uploads/images/vendors/logos/64342aba32ce7.png,True,False,30,,9.6,VendorListItem
112260,دیلی مارکت سرداران شیراز(همواره تخفیف),False,https://cdn.snapp.express/media/cache/vendor_item_cover/uploads/images/vendors/covers/649036194285b.jpg,0,90000,pojzek,ACTIVE,تخت جمشید,25,False,https://cdn.snapp.express/media/cache/vendor_logo/uploads/images/vendors/logos/649036193dae5.jpg,True,False,30,,9.2,VendorListItem
114130,جانبو شهرک پرواز (همواره تخفیف),False,https://cdn.snapp.express/media/cache/vendor_item_cover/uploads/images/vendors/covers/66a0f8209fb4c.png,0,80000,p6zgj6,ACTIVE,آزادگان,0,False,https://cdn.snapp.express/media/cache/vendor_logo/uploads/images/vendors/logos/66a0f8209cbbc.jpg,True,False,30,,0.0,VendorListItem
113439,دیلی مارکت فتح المبین شیراز (همواره تخفیف),False,https://cdn.snapp.express/media/cache/vendor_item_cover/uploads/images/vendors/covers/65d077bfa94d9.jpg,0,90000,0njqm2,ACTIVE,امام خمینی,3,False,https://cdn.snapp.express/media/cache/vendor_logo/uploads/images/vendors/logos/65d077bfa5521.jpg,True,False,30,,8.8,VendorListItem
112255,دیلی مارکت میدان پاسارگاد شیراز(همواره تخفیف),False,https://cdn.snapp.express/media/cache/vendor_item_cover/uploads/images/vendors/covers/649003a923964.jpg,0,90000,0mjwny,ACTIVE,امام خمینی,5,False,https://cdn.snapp.express/media/cache/vendor_logo/uploads/images/vendors/logos/649003a9157f2.jpg,True,False,30,,8.6,VendorListItem
112254,دیلی مارکت خیابان دستغیب شیراز (همواره تخفیف),False,https://cdn.snapp.express/media/cache/vendor_item_cover/uploads/images/vendors/covers/6524117ba6d25.jpg,0,90000,p6zo9g,ACTIVE,امام خمینی,16,False,https://cdn.snapp.express/media/cache/vendor_logo/uploads/images/vendors/logos/6524117b9838e.jpg,True,False,30,,9.2,VendorListItem
110558,دیلی مارکت پاسارگاد(همواره تخفیف),False,https://cdn.snapp.express/media/cache/vendor_item_cover/uploads/images/vendors/covers/627a64c6d930c.jpg,1068,90000,pzd4jw,ACTIVE,امام خمینی,57,False,https://cdn.snapp.express/media/cache/vendor_logo/uploads/images/vendors/logos/65b6184d50e53.jpg,True,False,30,,8.6,VendorListItem
110726,دیلی مارکت بلوار رازی(همواره تخفیف),False,https://cdn.snapp.express/media/cache/vendor_item_cover/uploads/images/vendors/covers/62b09dae60b91.jpg,1641,90000,09ex9n,ACTIVE,مدرس,94,False,https://cdn.snapp.express/media/cache/vendor_logo/uploads/images/vendors/logos/65b61a0d599a7.jpg,True,False,30,,9.0,VendorListItem
113384,دیلی مارکت شهرک باهنر شیراز (همواره تخفیف),False,https://cdn.snapp.express/media/cache/vendor_item_cover/uploads/images/vendors/covers/65c1e77d83507.jpg,0,90000,pojovj,ACTIVE,پاسارگاد,8,False,https://cdn.snapp.express/media/cache/vendor_logo/uploads/images/vendors/logos/65c1e77d60a57.jpg,True,False,30,,8.4,VendorListItem
112258,دیلی مارکت شیشه گری شیراز (همواره تخفیف),False,https://cdn.snapp.express/media/cache/vendor_item_cover/uploads/images/vendors/covers/64901ecbdb1ea.jpg,0,90000,pz9emo,ACTIVE,شیشه گری,19,False,https://cdn.snapp.express/media/cache/vendor_logo/uploads/images/vendors/logos/64901ecbd49b3.jpg,True,False,30,,9.0,VendorListItem
66094,سوپرمارکت تلفنی میلاد,False,https://cdn.snapp.express/media/cache/vendor_item_cover/uploads/images/vendors/covers/60a893264c70b.jpg,19896,70000,p5relx,ACTIVE,آزادگان,1281,False,https://cdn.snapp.express/media/cache/vendor_logo/uploads/images/vendors/logos/6697a21628aec.jpg,True,False,30,,9.2,VendorListItem
55450,سوپرمارکت خانواده (خیابان پاییز),False,https://cdn.snapp.express/media/cache/vendor_item_cover/uploads/images/vendors/covers/60a5010bba77e.jpg,30700,70000,097xyq,ACTIVE,پاسارگاد,1786,False,https://cdn.snapp.express/media/cache/vendor_logo/uploads/images/vendors/logos/668cdb8912fba.jpg,True,False,30,,8.4,VendorListItem
112252,دیلی مارکت احمد آباد شیراز (همواره تخفیف),False,https://cdn.snapp.express/media/cache/vendor_item_cover/uploads/images/vendors/covers/648f03605e637.jpg,0,90000,0ygk6r,ACTIVE,یاوران,14,False,https://cdn.snapp.express/media/cache/vendor_logo/uploads/images/vendors/logos/648f036059a2f.jpg,True,False,30,,8.8,VendorListItem
113336,سوپرمارکت کبیر,False,https://cdn.snapp.express/media/cache/vendor_item_cover/uploads/images/vendors/covers/65b618163c230.jpg,0,70000,pojodj,ACTIVE,پاسارگاد,11,False,https://cdn.snapp.express/media/cache/vendor_logo/uploads/images/vendors/logos/65b61816129e2.png,True,False,30,,8.8,VendorListItem
112362,دیلی مارکت خیابان طلاب شیراز (همواره تخفیف),False,https://cdn.snapp.express/media/cache/vendor_item_cover/uploads/images/vendors/covers/651442c25e3aa.jpg,0,90000,p4zg4x,ACTIVE,طلاب,19,False,https://cdn.snapp.express/media/cache/vendor_logo/uploads/images/vendors/logos/651442c257d4c.jpg,True,False,30,,9.2,VendorListItem
114215,سوپرمارکت آلند,False,,0,45000,0njdd8,ACTIVE,آزادگان,5,False,https://cdn.snapp.express/media/cache/vendor_logo/uploads/images/vendors/logos/66c19bfce4b8c.JPG,True,False,30,,0.0,VendorListItem
114127,جانبو بلوار پاسارگاد (همواره تخفیف),False,https://cdn.snapp.express/media/cache/vendor_item_cover/uploads/images/vendors/covers/66a0f6636bec4.png,0,80000,3devg7,ACTIVE,پاسارگاد,0,False,https://cdn.snapp.express/media/cache/vendor_logo/uploads/images/vendors/logos/66a0f66367e37.jpg,True,False,30,,0.0,VendorListItem
110943,دیلی مارکت بلوارعدالت شیراز(همواره تخفیف),False,https://cdn.snapp.express/media/cache/vendor_item_cover/uploads/images/vendors/covers/62cd693242fbc.jpg,541,90000,0jje1q,ACTIVE,ارتش,55,False,https://cdn.snapp.express/media/cache/vendor_logo/uploads/images/vendors/logos/65b6185fc4197.jpg,True,False,30,,9.2,VendorListItem
110441,دیلی مارکت بلوار نصر (همواره تخفیف),False,https://cdn.snapp.express/media/cache/vendor_item_cover/uploads/images/vendors/covers/6266a0170dc58.jpg,1474,90000,3ez7vv,ACTIVE,طلاب,105,False,https://cdn.snapp.express/media/cache/vendor_logo/uploads/images/vendors/logos/65b619fd197db.jpg,True,False,30,,9.4,VendorListItem
113162,سوپرمارکت هایپر چشمک,False,https://cdn.snapp.express/media/cache/vendor_item_cover/uploads/images/vendors/covers/658a844cc5a6f.jpg,0,70000,p4z2er,ACTIVE,یاوران,7,False,https://cdn.snapp.express/media/cache/vendor_logo/uploads/images/vendors/logos/65a22f2abbd3a.jpeg,True,False,30,,8.6,VendorListItem
112257,دیلی مارکت پوربیرک شیراز(همواره تخفیف),False,https://cdn.snapp.express/media/cache/vendor_item_cover/uploads/images/vendors/covers/649009069f8c4.jpg,0,90000,0q162x,ACTIVE,درکی,17,False,https://cdn.snapp.express/media/cache/vendor_logo/uploads/images/vendors/logos/6490090699e67.jpg,True,False,30,,8.8,VendorListItem
109883,جانبو حسینی (همواره تخفیف),False,https://cdn.snapp.express/media/cache/vendor_item_cover/uploads/images/vendors/covers/6204f4c832501.png,84,105000,0ror68,ACTIVE,شاهچراغ,6,False,https://cdn.snapp.express/media/cache/vendor_logo/uploads/images/vendors/logos/66796b563c38f.jpg,True,False,30,,8.68,VendorListItem
110944,دیلی مارکت خیابان آستانه شیراز (همواره تخفیف),False,https://cdn.snapp.express/media/cache/vendor_item_cover/uploads/images/vendors/covers/62cd681e568f8.jpg,374,90000,3kjn1q,ACTIVE,شاهچراغ,49,False,https://cdn.snapp.express/media/cache/vendor_logo/uploads/images/vendors/logos/65b6182ade5cf.jpg,True,False,30,,9.6,VendorListItem
111518,دیلی مارکت والفجر شیراز(همواره تخفیف),False,https://cdn.snapp.express/media/cache/vendor_item_cover/uploads/images/vendors/covers/631ef2ea352e0.jpg,310,90000,37rjnn,ACTIVE,یاوران,36,False,https://cdn.snapp.express/media/cache/vendor_logo/uploads/images/vendors/logos/65b61997871bb.jpg,True,False,30,,8.6,VendorListItem
112361,دیلی مارکت خیابان تحویلی شیراز (همواره تخفیف),False,https://cdn.snapp.express/media/cache/vendor_item_cover/uploads/images/vendors/covers/649db2dcb596f.jpg,0,90000,p8e45r,ACTIVE,FIXME,17,False,https://cdn.snapp.express/media/cache/vendor_logo/uploads/images/vendors/logos/65b6195e11436.jpg,True,False,30,,8.8,VendorListItem
55847,سوپرمارکت تارگت مارکت,False,https://cdn.snapp.express/media/cache/vendor_item_cover/uploads/images/vendors/covers/60a6075dd9c0b.jpg,38430,70000,32r68l,ACTIVE,سیاحتگر,2136,False,https://cdn.snapp.express/media/cache/vendor_logo/uploads/images/vendors/logos/default.png,True,False,30,,8.8,VendorListItem
114129,جانبو لطفعلی خان (همواره تخفیف),False,https://cdn.snapp.express/media/cache/vendor_item_cover/uploads/images/vendors/covers/66a0f7a1d5d3b.png,0,80000,pvqeg5,ACTIVE,شاهچراغ,0,False,https://cdn.snapp.express/media/cache/vendor_logo/uploads/images/vendors/logos/66a0f7a1d34c3.jpg,True,False,30,,0.0,VendorListItem
87481,جانبو باغ حوض شیراز (همواره تخفیف),False,https://cdn.snapp.express/media/cache/vendor_item_cover/uploads/images/vendors/covers/6603e402ee786.png,9215,80000,0qel2y,ACTIVE,امیرکبیر,456,False,https://cdn.snapp.express/media/cache/vendor_logo/uploads/images/vendors/logos/6603e402c61f2.jpg,True,False,30,,8.8,VendorListItem
110439,دیلی مارکت بلوار امیرکبیر(همواره تخفیف),False,https://cdn.snapp.express/media/cache/vendor_item_cover/uploads/images/vendors/covers/6266967f01bb3.jpg,2137,90000,0nv842,ACTIVE,امیرکبیر,168,False,https://cdn.snapp.express/media/cache/vendor_logo/uploads/images/vendors/logos/65b6180f79ee5.jpg,True,False,30,,8.8,VendorListItem
113349,سوپرمارکت الینا,False,https://cdn.snapp.express/media/cache/vendor_item_cover/uploads/images/vendors/covers/65b8988d54110.jpg,0,70000,0gkg8q,ACTIVE,امیرکبیر,5,False,https://cdn.snapp.express/media/cache/vendor_logo/uploads/images/vendors/logos/65b8988d3c317.png,True,False,30,,9.0,VendorListItem
109608,سوپرمارکت آراد,False,https://cdn.snapp.express/media/cache/vendor_item_cover/uploads/images/vendors/covers/61dc195d956d2.jpg,2679,70000,0ldvdn,ACTIVE,امیرکبیر,173,False,https://cdn.snapp.express/media/cache/vendor_logo/uploads/images/vendors/logos/64abc22207d18.jpg,True,False,30,,8.4,VendorListItem
113159,سوپرمارکت تک مارکت,False,https://cdn.snapp.express/media/cache/vendor_item_cover/uploads/images/vendors/covers/658a757c8e3aa.jpg,0,70000,0rqx41,ACTIVE,امیرکبیر,5,False,https://cdn.snapp.express/media/cache/vendor_logo/uploads/images/vendors/logos/65997d8bdda9a.png,True,False,30,,7.0,VendorListItem
112250,دیلی مارکت بلوار استقلال شیراز (همواره تخفیف),False,https://cdn.snapp.express/media/cache/vendor_item_cover/uploads/images/vendors/covers/648f030b3df02.jpg,0,90000,09e6v6,ACTIVE,سیاحتگر,17,False,https://cdn.snapp.express/media/cache/vendor_logo/uploads/images/vendors/logos/648f030b3748c.jpg,True,False,30,,9.0,VendorListItem
112658,سوپرمارکت مهرگان,False,https://cdn.snapp.express/media/cache/vendor_item_cover/uploads/images/vendors/covers/650ae7038732b.jpg,0,70000,pz9vwe,ACTIVE,FIXME,16,False,https://cdn.snapp.express/media/cache/vendor_logo/uploads/images/vendors/logos/650ae7037e029.png,True,False,30,,8.0,VendorListItem
64974,سوپرمارکت هایپر مارکت گراش لند,False,https://cdn.snapp.express/media/cache/vendor_item_cover/uploads/images/vendors/covers/60a7a135ee496.jpg,14198,70000,097mzy,ACTIVE,یاوران,837,False,https://cdn.snapp.express/media/cache/vendor_logo/uploads/images/vendors/logos/default.png,True,False,30,,8.0,VendorListItem
113121,سوپرمارکت بلک,False,https://cdn.snapp.express/media/cache/vendor_item_cover/uploads/images/vendors/covers/6582d124af193.jpg,0,70000,31zxww,ACTIVE,امیرکبیر,7,False,https://cdn.snapp.express/media/cache/vendor_logo/uploads/images/vendors/logos/6582d124a9b07.png,True,False,30,,8.0,VendorListItem
109496,جانبو اهلی (همواره تخفیف),False,https://cdn.snapp.express/media/cache/vendor_item_cover/uploads/images/vendors/covers/61c9c7953d884.png,1318,80000,0wwxeq,ACTIVE,خیام,62,False,https://cdn.snapp.express/media/cache/vendor_logo/uploads/images/vendors/logos/6603e4031db4f.jpg,True,False,30,,8.0,VendorListItem
68161,سوپرمارکت ارم,False,https://cdn.snapp.express/media/cache/vendor_item_cover/uploads/images/vendors/covers/60ab4f878e078.jpg,14074,70000,p87je5,ACTIVE,کاراندیش,738,False,https://cdn.snapp.express/media/cache/vendor_logo/uploads/images/vendors/logos/default.png,True,False,30,,8.8,VendorListItem
110559,دیلی مارکت بلوار گلستان (همواره تخفیف),False,https://cdn.snapp.express/media/cache/vendor_item_cover/uploads/images/vendors/covers/627a6d8543927.jpg,1324,90000,0ro1r9,ACTIVE,کاراندیش,101,False,https://cdn.snapp.express/media/cache/vendor_logo/uploads/images/vendors/logos/65b61fa60c19c.jpg,True,False,30,,9.0,VendorListItem
113304,سوپرمارکت آترا تیراژه,False,https://cdn.snapp.express/media/cache/vendor_item_cover/uploads/images/vendors/covers/65abb02d1d22d.jpg,0,70000,0ygrly,ACTIVE,امیرکبیر,27,False,https://cdn.snapp.express/media/cache/vendor_logo/uploads/images/vendors/logos/65abb02ceea42.png,True,False,30,,9.0,VendorListItem
114128,جانبو پاسداران فلاحی شیراز (همواره تخفیف),False,https://cdn.snapp.express/media/cache/vendor_item_cover/uploads/images/vendors/covers/66a0f711821a3.png,0,80000,0ygxvg,ACTIVE,امیرکبیر,0,False,https://cdn.snapp.express/media/cache/vendor_logo/uploads/images/vendors/logos/66a0f7117e676.jpg,True,False,30,,0.0,VendorListItem
111885,سوپرمارکت دکان مارکت,False,https://cdn.snapp.express/media/cache/vendor_item_cover/uploads/images/vendors/covers/6399641ee42f6.jpg,288,70000,p8evgy,ACTIVE,تلخ دانش,151,False,https://cdn.snapp.express/media/cache/vendor_logo/uploads/images/vendors/logos/66898318de3f6.jpg,True,False,30,,8.4,VendorListItem
112139,سوپرمارکت سیروان,False,https://cdn.snapp.express/media/cache/vendor_item_cover/uploads/images/vendors/covers/64490e70c4e28.jpg,0,70000,0njgoz,ACTIVE,FIXME,49,False,https://cdn.snapp.express/media/cache/vendor_logo/uploads/images/vendors/logos/64490e70bf44e.png,True,False,30,,8.4,VendorListItem
72021,سوپرمارکت بیژن,False,https://cdn.snapp.express/media/cache/vendor_item_cover/uploads/images/vendors/covers/60ab44c976d19.jpg,12327,70000,3144v7,ACTIVE,امیرکبیر,799,False,https://cdn.snapp.express/media/cache/vendor_logo/uploads/images/vendors/logos/default.png,True,False,30,,8.4,VendorListItem
109457,سوپرمارکت هستی,False,https://cdn.snapp.express/media/cache/vendor_item_cover/uploads/images/vendors/covers/61b8644ae6533.jpg,3502,70000,0qlzow,ACTIVE,بعثت,202,False,https://cdn.snapp.express/media/cache/vendor_logo/uploads/images/vendors/logos/660baf0d99136.png,True,False,30,,8.4,VendorListItem
53756,سوپرمارکت دوستان (بعثت - عفیف آباد - بهشتی),False,https://cdn.snapp.express/media/cache/vendor_item_cover/uploads/images/vendors/covers/60a4fe2b54692.jpg,16507,70000,0l84d9,ACTIVE,بعثت,776,False,https://cdn.snapp.express/media/cache/vendor_logo/uploads/images/vendors/logos/668d3403f3915.jpg,True,False,30,,8.2,VendorListItem
112823,سوپرمارکت تمشک,False,https://cdn.snapp.express/media/cache/vendor_item_cover/uploads/images/vendors/covers/6537b68ea7e89.jpg,0,70000,32z2yl,ACTIVE,بعثت,7,False,https://cdn.snapp.express/media/cache/vendor_logo/uploads/images/vendors/logos/6537b68e9eba2.png,True,False,30,,8.8,VendorListItem
56669,سوپرمارکت فدک,False,https://cdn.snapp.express/media/cache/vendor_item_cover/uploads/images/vendors/covers/612390acb1fbc.jpg,28948,70000,31xmw4,ACTIVE,رودکی,1403,False,https://cdn.snapp.express/media/cache/vendor_logo/uploads/images/vendors/logos/default.png,True,False,30,,8.4,VendorListItem
109877,جانبو بلوار گلستان2 شیراز (همواره تخفیف),False,https://cdn.snapp.express/media/cache/vendor_item_cover/uploads/images/vendors/covers/6603e47458aa6.png,1271,80000,pvlnz1,ACTIVE,کاراندیش,57,False,https://cdn.snapp.express/media/cache/vendor_logo/uploads/images/vendors/logos/6603e47437518.jpg,True,False,30,,8.8,VendorListItem
109589,سوپرمارکت دنیز,False,https://cdn.snapp.express/media/cache/vendor_item_cover/uploads/images/vendors/covers/61d5aeebee400.jpg,10013,70000,3ezkw2,ACTIVE,ملاصدرا,497,False,https://cdn.snapp.express/media/cache/vendor_logo/uploads/images/vendors/logos/65b2063b0a00c.jpeg,True,False,30,,8.8,VendorListItem
111051,سوپرمارکت هتریک مارکت,False,https://cdn.snapp.express/media/cache/vendor_item_cover/uploads/images/vendors/covers/62d29fcf8144e.jpg,2434,70000,3delng,ACTIVE,ملاصدرا,273,False,https://cdn.snapp.express/media/cache/vendor_logo/uploads/images/vendors/logos/65c35823aafe9.png,True,False,30,,8.4,VendorListItem
113670,سوپرمارکت لایک استور,False,,0,50000,p5z5zw,ACTIVE,کاراندیش,6,False,https://cdn.snapp.express/media/cache/vendor_logo/uploads/images/vendors/logos/6603d9e9b43f2.png,True,False,30,,7.6,VendorListItem
110557,دیلی مارکت فلسطین شیراز(همواره تخفیف),False,https://cdn.snapp.express/media/cache/vendor_item_cover/uploads/images/vendors/covers/627a5ed2c49f6.jpg,1415,90000,0qljz9,ACTIVE,ملاصدرا,69,False,https://cdn.snapp.express/media/cache/vendor_logo/uploads/images/vendors/logos/65b6181daf935.jpg,True,False,30,,8.8,VendorListItem
113122,سوپرمارکت پلاس,False,https://cdn.snapp.express/media/cache/vendor_item_cover/uploads/images/vendors/covers/6582d82e577c5.jpg,0,70000,p5zryv,ACTIVE,ملاصدرا,6,False,https://cdn.snapp.express/media/cache/vendor_logo/uploads/images/vendors/logos/6582d82e4eed6.png,True,False,30,,8.6,VendorListItem
112582,سوپرمارکت لایت مارکت,False,https://cdn.snapp.express/media/cache/vendor_item_cover/uploads/images/vendors/covers/64e5ccf4cbd1c.jpg,0,70000,pz9voj,ACTIVE,ملاصدرا,12,False,https://cdn.snapp.express/media/cache/vendor_logo/uploads/images/vendors/logos/65c35802a3edc.png,True,False,30,,8.6,VendorListItem
112688,سوپرمارکت هایپر نشاط,False,https://cdn.snapp.express/media/cache/vendor_item_cover/uploads/images/vendors/covers/6517db681eed1.jpg,0,70000,3xw1lw,ACTIVE,ملاصدرا,6,False,https://cdn.snapp.express/media/cache/vendor_logo/uploads/images/vendors/logos/65d4982e4997e.jpeg,True,False,30,,8.0,VendorListItem
110426,سوپرمارکت نارون,False,https://cdn.snapp.express/media/cache/vendor_item_cover/uploads/images/vendors/covers/625f944b9e7fe.jpg,1087,70000,09j5o6,ACTIVE,حافظ,80,False,https://cdn.snapp.express/media/cache/vendor_logo/uploads/images/vendors/logos/668d354397e3f.jpg,True,False,30,,7.6,VendorListItem
111765,دیلی مارکت شهرک سعدی شیراز(همواره تخفیف),False,https://cdn.snapp.express/media/cache/vendor_item_cover/uploads/images/vendors/covers/6374dda03e2db.jpg,26,90000,3ee6lm,ACTIVE,سعدیه,5,False,https://cdn.snapp.express/media/cache/vendor_logo/uploads/images/vendors/logos/65b618d954296.jpg,True,False,30,,8.8,VendorListItem
109819,دیلی مارکت خلیلی (همواره تخفیف),False,https://cdn.snapp.express/media/cache/vendor_item_cover/uploads/images/vendors/covers/61ff7d8e8cef5.jpg,3061,90000,0jgdq9,ACTIVE,ملاصدرا,138,False,https://cdn.snapp.express/media/cache/vendor_logo/uploads/images/vendors/logos/65b6180307aa0.jpg,True,False,30,,8.6,VendorListItem
111666,سوپرمارکت هانا,False,https://cdn.snapp.express/media/cache/vendor_item_cover/uploads/images/vendors/covers/6355484686793.jpg,1701,70000,37rjqg,ACTIVE,ستارخان,152,False,https://cdn.snapp.express/media/cache/vendor_logo/uploads/images/vendors/logos/65a05303002d0.png,True,False,30,,8.0,VendorListItem
53048,سوپرمارکت شیراز,False,https://cdn.snapp.express/media/cache/vendor_item_cover/uploads/images/vendors/covers/60a4f8cb70db9.jpg,57226,70000,0w98eq,ACTIVE,ارم,2219,False,https://cdn.snapp.express/media/cache/vendor_logo/uploads/images/vendors/logos/default.png,True,False,30,,7.4,VendorListItem
109495,جانبو اطلسی شیراز (همواره تخفیف),False,https://cdn.snapp.express/media/cache/vendor_item_cover/uploads/images/vendors/covers/61c9c007ce52a.png,632,105000,32q8mq,ACTIVE,FIXME,35,False,https://cdn.snapp.express/media/cache/vendor_logo/uploads/images/vendors/logos/66796e60c5cd4.jpg,True,False,30,,7.75,VendorListItem
114089,جانبوایمان(همواره تخفیف),False,https://cdn.snapp.express/media/cache/vendor_item_cover/uploads/images/vendors/covers/66a0ac347b35a.png,0,80000,3eew5v,ACTIVE,گلشن,0,False,https://cdn.snapp.express/media/cache/vendor_logo/uploads/images/vendors/logos/66a0ac3477316.jpg,True,False,30,,0.0,VendorListItem
109418,سوپرمارکت گیش,False,https://cdn.snapp.express/media/cache/vendor_item_cover/uploads/images/vendors/covers/61b188c289983.jpg,4215,70000,37od7x,ACTIVE,قدوسی,252,False,https://cdn.snapp.express/media/cache/vendor_logo/uploads/images/vendors/logos/default.png,True,False,30,,8.4,VendorListItem
109708,دیلی مارکت چمران (همواره تخفیف),False,https://cdn.snapp.express/media/cache/vendor_item_cover/uploads/images/vendors/covers/61f641779e199.jpg,2343,90000,0ldvle,ACTIVE,ابیوردی,115,False,https://cdn.snapp.express/media/cache/vendor_logo/uploads/images/vendors/logos/65b617f7c24ee.jpg,True,False,30,,8.6,VendorListItem
113998,سوپرمارکت ساحل,False,,0,70000,09e9vk,ACTIVE,فرهنگ شهر,0,False,https://cdn.snapp.express/media/cache/vendor_logo/uploads/images/vendors/logos/668409a1aacd8.jpg,True,False,30,,0.0,VendorListItem
59377,سوپرمارکت رولکس,False,https://cdn.snapp.express/media/cache/vendor_item_cover/uploads/images/vendors/covers/60a653f1da73b.jpg,17356,70000,pvjlrx,ACTIVE,قدوسی,740,False,https://cdn.snapp.express/media/cache/vendor_logo/uploads/images/vendors/logos/default.png,True,False,30,,9.0,VendorListItem
113568,سوپرمارکت پاییزان,False,,0,70000,3kj7on,ACTIVE,کوی قضات,0,False,https://cdn.snapp.express/media/cache/vendor_logo/uploads/images/vendors/logos/65e592b75a856.png,True,False,30,,7.2,VendorListItem
113730,جانبو ابیوردی شیراز (همواره تخفیف),False,https://cdn.snapp.express/media/cache/vendor_item_cover/uploads/images/vendors/covers/661b9ae8523af.png,0,80000,p6z26w,ACTIVE,ابیوردی,3,False,https://cdn.snapp.express/media/cache/vendor_logo/uploads/images/vendors/logos/664311542f39c.jpg,True,False,30,,8.0,VendorListItem
109541,جانبو معلم شیراز (همواره تخفیف),False,https://cdn.snapp.express/media/cache/vendor_item_cover/uploads/images/vendors/covers/61cdaedfe8d12.png,2543,80000,3ezkq2,ACTIVE,قدوسی,98,False,https://cdn.snapp.express/media/cache/vendor_logo/uploads/images/vendors/logos/6603deefcb99b.jpg,True,False,30,,8.4,VendorListItem
113386,دیلی مارکت چوگیا شیراز (همواره تخفیف),False,https://cdn.snapp.express/media/cache/vendor_item_cover/uploads/images/vendors/covers/65c1ef606536d.jpg,0,90000,p4z26y,ACTIVE,چوگیاه,6,False,https://cdn.snapp.express/media/cache/vendor_logo/uploads/images/vendors/logos/65c1ef6044fcc.jpg,True,False,30,,8.4,VendorListItem
110575,سوپرمارکت رویال مارکت,False,https://cdn.snapp.express/media/cache/vendor_item_cover/uploads/images/vendors/covers/6282146394393.jpg,2944,70000,3d7xx7,ACTIVE,فرهنگ شهر,141,False,https://cdn.snapp.express/media/cache/vendor_logo/uploads/images/vendors/logos/669260ec6f193.jpg,True,False,30,,8.8,VendorListItem
57361,سوپرمارکت دیاکو,False,https://cdn.snapp.express/media/cache/vendor_item_cover/uploads/images/vendors/covers/60a64acfa763d.jpg,34508,70000,p874n5,ACTIVE,قصردشت,1025,False,https://cdn.snapp.express/media/cache/vendor_logo/uploads/images/vendors/logos/65d34aea8b8ec.jpeg,True,False,30,,8.6,VendorListItem
95259,سوپرمارکت بلوط,False,https://cdn.snapp.express/media/cache/vendor_item_cover/uploads/images/vendors/covers/61cec257d8829.jpg,2025,70000,0reknv,ACTIVE,فرهنگ شهر,130,False,https://cdn.snapp.express/media/cache/vendor_logo/uploads/images/vendors/logos/default.png,True,False,30,,8.6,VendorListItem
113505,سوپرمارکت هایپر الو,False,https://cdn.snapp.express/media/cache/vendor_item_cover/uploads/images/vendors/covers/65d59f404c4ef.jpg,0,70000,pvq1x5,ACTIVE,فرهنگ شهر,3,False,https://cdn.snapp.express/media/cache/vendor_logo/uploads/images/vendors/logos/65d59f402a03a.png,True,False,30,,0.0,VendorListItem
109407,سوپرمارکت فرزانگان,False,https://cdn.snapp.express/media/cache/vendor_item_cover/uploads/images/vendors/covers/61adaf9638c08.jpg,2576,70000,0myn6o,ACTIVE,فرهنگ شهر,142,False,https://cdn.snapp.express/media/cache/vendor_logo/uploads/images/vendors/logos/668cdc1fc1432.jpg,True,False,30,,7.8,VendorListItem
63015,سوپرمارکت زاگ مارکت,False,https://cdn.snapp.express/media/cache/vendor_item_cover/uploads/images/vendors/covers/60a8a5c6d843d.jpg,14798,70000,0nq152,ACTIVE,پزشکان,642,False,https://cdn.snapp.express/media/cache/vendor_logo/uploads/images/vendors/logos/668d35cf7d725.jpg,True,False,30,,8.0,VendorListItem
112641,دیلی مارکت گلشن شیراز(همواره تخفیف),False,https://cdn.snapp.express/media/cache/vendor_item_cover/uploads/images/vendors/covers/651d68b2cda2c.jpg,0,90000,3ee9jo,ACTIVE,فرهنگ شهر,14,False,https://cdn.snapp.express/media/cache/vendor_logo/uploads/images/vendors/logos/651d68b2c59ea.jpg,True,False,30,,8.6,VendorListItem
111764,دیلی مارکت اکبرآباد شیراز(همواره تخفیف),False,https://cdn.snapp.express/media/cache/vendor_item_cover/uploads/images/vendors/covers/6374dac3e992e.jpg,10,90000,3xwjy4,ACTIVE,FIXME,3,False,https://cdn.snapp.express/media/cache/vendor_logo/uploads/images/vendors/logos/65b619338ed3e.jpg,True,False,30,,8.6,VendorListItem
113031,سوپرمارکت هایپر گلد استار,False,https://cdn.snapp.express/media/cache/vendor_item_cover/uploads/images/vendors/covers/6565c539cebb2.jpg,0,70000,0mj1mo,ACTIVE,گلدشت معالی آباد,7,False,https://cdn.snapp.express/media/cache/vendor_logo/uploads/images/vendors/logos/6565c539c53a1.png,True,False,30,,7.8,VendorListItem
109940,جانبو اکبرآباد شیراز (همواره تخفیف),False,https://cdn.snapp.express/media/cache/vendor_item_cover/uploads/images/vendors/covers/620a23ceda812.png,85,105000,3xge44,ACTIVE,FIXME,4,False,https://cdn.snapp.express/media/cache/vendor_logo/uploads/images/vendors/logos/66796defad019.jpg,True,False,30,,6.1,VendorListItem
74701,سوپرمارکت پینک مارکت,False,https://cdn.snapp.express/media/cache/vendor_item_cover/uploads/images/vendors/covers/60b8ca3fcf3c6.jpg,12954,70000,0gr2vx,ACTIVE,گلدشت معالی آباد,801,False,https://cdn.snapp.express/media/cache/vendor_logo/uploads/images/vendors/logos/default.png,True,False,30,,8.8,VendorListItem
109821,دیلی مارکت کبار(همواره تخفیف),False,https://cdn.snapp.express/media/cache/vendor_item_cover/uploads/images/vendors/covers/61ff8623a189a.jpg,2658,90000,31qo57,ACTIVE,تاچارا,119,False,https://cdn.snapp.express/media/cache/vendor_logo/uploads/images/vendors/logos/65b619e6e333b.jpg,True,False,30,,8.6,VendorListItem
109880,جانبو کبار شیراز (همواره تخفیف),False,https://cdn.snapp.express/media/cache/vendor_item_cover/uploads/images/vendors/covers/6204dd93dfaae.png,1111,85000,0ldvwj,ACTIVE,تاچارا,53,False,https://cdn.snapp.express/media/cache/vendor_logo/uploads/images/vendors/logos/64342aba32ce7.png,True,False,30,,7.6,VendorListItem
77160,سوپرمارکت حسام,False,https://cdn.snapp.express/media/cache/vendor_item_cover/uploads/images/vendors/covers/61d5656282a00.jpg,8578,70000,pogwnq,ACTIVE,میرزای شیرازی,370,False,https://cdn.snapp.express/media/cache/vendor_logo/uploads/images/vendors/logos/default.png,True,False,30,,8.2,VendorListItem
67934,سوپرمارکت ترنج,False,https://cdn.snapp.express/media/cache/vendor_item_cover/uploads/images/vendors/covers/60be252660e81.jpg,8122,70000,pz8mjw,ACTIVE,دینکان,565,False,https://cdn.snapp.express/media/cache/vendor_logo/uploads/images/vendors/logos/668e833d30014.jpg,True,False,30,,8.4,VendorListItem
112639,دیلی مارکت شهرک صنایع شیراز (همواره تخفیف),False,https://cdn.snapp.express/media/cache/vendor_item_cover/uploads/images/vendors/covers/65211651ead70.jpg,0,90000,0njr1v,ACTIVE,FIXME,3,False,https://cdn.snapp.express/media/cache/vendor_logo/uploads/images/vendors/logos/65211651e454c.jpg,True,False,30,,8.8,VendorListItem
109899,جانبو آرین شیراز (همواره تخفیف),False,https://cdn.snapp.express/media/cache/vendor_item_cover/uploads/images/vendors/covers/6208b87b0e357.png,969,85000,3d7jng,ACTIVE,شهرک آرین,50,False,https://cdn.snapp.express/media/cache/vendor_logo/uploads/images/vendors/logos/64342aba32ce7.png,True,False,30,,8.0,VendorListItem
112976,سوپرمارکت پژمان,False,https://cdn.snapp.express/media/cache/vendor_item_cover/uploads/images/vendors/covers/65521637e8574.jpg,0,70000,0ygrvg,ACTIVE,صنایع,4,False,https://cdn.snapp.express/media/cache/vendor_logo/uploads/images/vendors/logos/65521637e1a3c.png,True,False,30,,8.2,VendorListItem
113328,دیلی مارکت شهرک آرین شیراز (همواره تخفیف),False,https://cdn.snapp.express/media/cache/vendor_item_cover/uploads/images/vendors/covers/65b5fafc28e4a.jpg,0,90000,0ygr8y,ACTIVE,شهرک آرین,2,False,https://cdn.snapp.express/media/cache/vendor_logo/uploads/images/vendors/logos/65b5fafc03bae.jpg,True,False,30,,8.2,VendorListItem
109901,جانبو بهشتی شیراز (همواره تخفیف),False,https://cdn.snapp.express/media/cache/vendor_item_cover/uploads/images/vendors/covers/6208c31e4ea4a.png,397,100000,0gzw7r,ACTIVE,صنایع,17,False,https://cdn.snapp.express/media/cache/vendor_logo/uploads/images/vendors/logos/66796bc6ad40d.jpg,True,False,30,,6.89,VendorListItem
111819,دیلی مارکت کوی سهند تبریز(همواره تخفیف),False,https://cdn.snapp.express/media/cache/vendor_item_cover/uploads/images/vendors/covers/6385d1b28ea89.jpg,83,90000,0jjnrr,ACTIVE,دادگستری,9,False,https://cdn.snapp.express/media/cache/vendor_logo/uploads/images/vendors/logos/65b61afa71c49.jpg,True,False,30,,8.8,VendorListItem
113743,سوپرمارکت صداقت,False,,0,70000,0jjm6g,ACTIVE,شهید یاغچیان,4,False,https://cdn.snapp.express/media/cache/vendor_logo/uploads/images/vendors/logos/661f9c9296465.png,True,False,30,,8.0,VendorListItem
112474,سوپرمارکت هایپر مارکت سام,False,https://cdn.snapp.express/media/cache/vendor_item_cover/uploads/images/vendors/covers/64bcca51d14c4.jpg,0,70000,09ewyq,ACTIVE,FIXME,2,False,https://cdn.snapp.express/media/cache/vendor_logo/uploads/images/vendors/logos/64bcca51cb728.png,True,False,30,,6.4,VendorListItem
112926,سوپرمارکت هایپر مارکت امین,False,https://cdn.snapp.express/media/cache/vendor_item_cover/uploads/images/vendors/covers/6540f6eb29b35.jpg,0,70000,09e74y,ACTIVE,بهارستان,9,False,https://cdn.snapp.express/media/cache/vendor_logo/uploads/images/vendors/logos/6540f6eb1f347.png,True,False,30,,8.6,VendorListItem
65375,سوپرمارکت هایپرلند (میرداماد),False,https://cdn.snapp.express/media/cache/vendor_item_cover/uploads/images/vendors/covers/60a7a1f65a18f.jpg,10947,70000,3dmywx,ACTIVE,زعفرانیه,689,False,https://cdn.snapp.express/media/cache/vendor_logo/uploads/images/vendors/logos/default.png,True,False,30,,7.6,VendorListItem
112573,سوپرمارکت آتا مارکت,False,https://cdn.snapp.express/media/cache/vendor_item_cover/uploads/images/vendors/covers/64e225ca93366.jpg,0,70000,0gkyjx,ACTIVE,زعفرانیه,16,False,https://cdn.snapp.express/media/cache/vendor_logo/uploads/images/vendors/logos/64e225ca89934.png,True,False,30,,8.8,VendorListItem
112224,دیلی مارکت خیابان دانش تبریز(همواره تخفیف),False,https://cdn.snapp.express/media/cache/vendor_item_cover/uploads/images/vendors/covers/649c44c40e00e.jpg,0,90000,0wqe85,ACTIVE,زعفرانیه,3,False,https://cdn.snapp.express/media/cache/vendor_logo/uploads/images/vendors/logos/65b61b0956c96.jpg,True,False,30,,9.0,VendorListItem
113334,سوپرمارکت آسان خرید آلپر,False,https://cdn.snapp.express/media/cache/vendor_item_cover/uploads/images/vendors/covers/65b610335267c.jpg,0,70000,pz9821,ACTIVE,ویلاشهر,1,False,https://cdn.snapp.express/media/cache/vendor_logo/uploads/images/vendors/logos/65b610334d39b.png,True,False,30,,8.8,VendorListItem
91019,جانبو یاغچیان تبریز (همواره تخفیف),False,https://cdn.snapp.express/media/cache/vendor_item_cover/uploads/images/vendors/covers/6140db5c10ded.png,3510,80000,0j21e6,ACTIVE,شهید یاغچیان,183,False,https://cdn.snapp.express/media/cache/vendor_logo/uploads/images/vendors/logos/64342aba32ce7.png,True,False,30,,8.4,VendorListItem
113454,سوپرمارکت تعاونی عبدالرضا,False,https://cdn.snapp.express/media/cache/vendor_item_cover/uploads/images/vendors/covers/65d1bc93af212.jpg,0,70000,p6z7xg,ACTIVE,اخماقایا,2,False,https://cdn.snapp.express/media/cache/vendor_logo/uploads/images/vendors/logos/65d1bc9390d30.png,True,False,30,,8.4,VendorListItem
109972,جانبو مهستان تبریز (همواره تخفیف),False,https://cdn.snapp.express/media/cache/vendor_item_cover/uploads/images/vendors/covers/620ca42bb8f60.png,762,80000,0wwxxz,ACTIVE,اخماقایا,33,False,https://cdn.snapp.express/media/cache/vendor_logo/uploads/images/vendors/logos/66432180f36a2.jpg,True,False,30,,8.01,VendorListItem
113528,سوپرمارکت هایپر ویتال,False,https://cdn.snapp.express/media/cache/vendor_item_cover/uploads/images/vendors/covers/65ddd29060fc8.jpg,0,70000,0ygjkg,ACTIVE,مخابرات,8,False,https://cdn.snapp.express/media/cache/vendor_logo/uploads/images/vendors/logos/65ddd2901aad0.png,True,False,30,,7.4,VendorListItem
112154,سوپرمارکت هایپرمارکت پردیس,False,https://cdn.snapp.express/media/cache/vendor_item_cover/uploads/images/vendors/covers/645a116036525.jpg,0,70000,p6zoqo,ACTIVE,کوی فرهنگیان,16,False,https://cdn.snapp.express/media/cache/vendor_logo/uploads/images/vendors/logos/645a116031369.png,True,False,30,,6.2,VendorListItem
83122,سوپرمارکت جهان ساتراپ,False,https://cdn.snapp.express/media/cache/vendor_item_cover/uploads/images/vendors/covers/6107d5478fe05.jpg,4008,70000,p5w2qv,ACTIVE,سیابان,320,False,https://cdn.snapp.express/media/cache/vendor_logo/uploads/images/vendors/logos/default.png,True,False,30,,9.0,VendorListItem
113944,دیلی مارکت شهرک مرزداران تبریز (همواره تخفیف),False,https://cdn.snapp.express/media/cache/vendor_item_cover/uploads/images/vendors/covers/6672e11372e4b.jpg,0,90000,3kj7dq,ACTIVE,کوی فرهنگیان,3,False,https://cdn.snapp.express/media/cache/vendor_logo/uploads/images/vendors/logos/6672e1136d82e.jpg,True,False,30,,0.0,VendorListItem
113864,سوپرمارکت لوکس ممتاز,False,,0,70000,3xwr6w,ACTIVE,کوی فرهنگیان,0,False,https://cdn.snapp.express/media/cache/vendor_logo/uploads/images/vendors/logos/664c67223d31a.jpg,True,False,30,,0.0,VendorListItem
109892,سوپرمارکت کاج,False,https://cdn.snapp.express/media/cache/vendor_item_cover/uploads/images/vendors/covers/62075f4c32327.jpg,3053,70000,3k9yeg,ACTIVE,زعفرانیه,233,False,https://cdn.snapp.express/media/cache/vendor_logo/uploads/images/vendors/logos/default.png,True,False,30,,7.2,VendorListItem
112475,سوپرمارکت مکث,False,https://cdn.snapp.express/media/cache/vendor_item_cover/uploads/images/vendors/covers/64bcd12a5cb0b.jpg,0,70000,3degvw,ACTIVE,FIXME,26,False,https://cdn.snapp.express/media/cache/vendor_logo/uploads/images/vendors/logos/64bcd12a55d22.png,True,False,30,,8.8,VendorListItem
112080,گندم مرزداران تبریز (همواره تخفیف),False,https://cdn.snapp.express/media/cache/vendor_item_cover/uploads/images/vendors/covers/641190d86b58b.jpg,0,80000,0lj67n,ACTIVE,کوی فرهنگیان,5,False,https://cdn.snapp.express/media/cache/vendor_logo/uploads/images/vendors/logos/64342b3a8d27d.png,True,False,30,,7.4,VendorListItem
110721,دیلی مارکت زعفرانیه تبریز (همواره تخفیف),False,https://cdn.snapp.express/media/cache/vendor_item_cover/uploads/images/vendors/covers/62b03f474d8b8.jpg,621,90000,31zv4w,ACTIVE,زعفرانیه,48,False,https://cdn.snapp.express/media/cache/vendor_logo/uploads/images/vendors/logos/65b61aea20194.jpg,True,False,30,,9.0,VendorListItem
109521,جانبو زعفرانیه تبریز (همواره تخفیف),False,https://cdn.snapp.express/media/cache/vendor_item_cover/uploads/images/vendors/covers/6630c0eacc81f.png,1654,110000,31qolw,ACTIVE,زعفرانیه,101,False,https://cdn.snapp.express/media/cache/vendor_logo/uploads/images/vendors/logos/6630c0eac8f48.jpg,True,False,30,,8.6,VendorListItem
55533,سوپرمارکت سجاد,False,https://cdn.snapp.express/media/cache/vendor_item_cover/uploads/images/vendors/covers/60a50973a1cfc.jpg,46846,70000,0q5ox2,ACTIVE,لاله,2487,False,https://cdn.snapp.express/media/cache/vendor_logo/uploads/images/vendors/logos/default.png,True,False,30,,8.8,VendorListItem
113945,دیلی مارکت ابوذر تبریز(همواره تخفیف),False,https://cdn.snapp.express/media/cache/vendor_item_cover/uploads/images/vendors/covers/6672e2d015b8a.jpg,0,90000,31z49y,ACTIVE,FIXME,1,False,https://cdn.snapp.express/media/cache/vendor_logo/uploads/images/vendors/logos/6672e2d01155f.jpg,True,False,30,,0.0,VendorListItem
112494,دیلی مارکت وی منظریه (همواره تخفیف),False,https://cdn.snapp.express/media/cache/vendor_item_cover/uploads/images/vendors/covers/64c12c929a72b.jpg,0,90000,p5z9qw,ACTIVE,منظریه,7,False,https://cdn.snapp.express/media/cache/vendor_logo/uploads/images/vendors/logos/65b61c95dcdf7.jpg,True,False,30,,9.4,VendorListItem
55946,سوپرمارکت دنیز (منظریه),False,https://cdn.snapp.express/media/cache/vendor_item_cover/uploads/images/vendors/covers/60a60b6aabecf.jpg,21828,70000,p5ro9j,ACTIVE,منظریه,1404,False,https://cdn.snapp.express/media/cache/vendor_logo/uploads/images/vendors/logos/default.png,True,False,30,,8.4,VendorListItem
63320,سوپرمارکت دانش مارکت,False,https://cdn.snapp.express/media/cache/vendor_item_cover/uploads/images/vendors/covers/60a8ea015bdb6.jpg,26393,70000,3koxyj,ACTIVE,منظریه,1632,False,https://cdn.snapp.express/media/cache/vendor_logo/uploads/images/vendors/logos/default.png,True,False,30,,9.2,VendorListItem
112775,سوپرمارکت هایپر دنیز (کندو),False,https://cdn.snapp.express/media/cache/vendor_item_cover/uploads/images/vendors/covers/652552beabd4d.jpg,0,70000,3degzx,ACTIVE,منظریه,10,False,https://cdn.snapp.express/media/cache/vendor_logo/uploads/images/vendors/logos/652552bea711b.png,True,False,30,,9.0,VendorListItem
90978,جانبو پاشایی تبریز (همواره تخفیف),False,https://cdn.snapp.express/media/cache/vendor_item_cover/uploads/images/vendors/covers/65e70b7d18fc0.png,6630,80000,p6gkew,ACTIVE,مارالان,405,False,https://cdn.snapp.express/media/cache/vendor_logo/uploads/images/vendors/logos/64342aba32ce7.png,True,False,30,,9.2,VendorListItem
85419,سوپرمارکت میلاد,False,https://cdn.snapp.express/media/cache/vendor_item_cover/uploads/images/vendors/covers/611bc178eac8d.jpg,5612,70000,0j24gr,ACTIVE,FIXME,412,False,https://cdn.snapp.express/media/cache/vendor_logo/uploads/images/vendors/logos/default.png,True,False,30,,8.18,VendorListItem
55523,سوپرمارکت آلفا مارکت,False,https://cdn.snapp.express/media/cache/vendor_item_cover/uploads/images/vendors/covers/60a507a760952.jpg,32147,70000,32r6ge,ACTIVE,وليعصر,1874,False,https://cdn.snapp.express/media/cache/vendor_logo/uploads/images/vendors/logos/default.png,True,False,30,,8.0,VendorListItem
113436,سوپرمارکت هایپر مارکت مهر,False,https://cdn.snapp.express/media/cache/vendor_item_cover/uploads/images/vendors/covers/65d06e0832945.jpg,0,70000,pojolk,ACTIVE,کوی نصر,6,False,https://cdn.snapp.express/media/cache/vendor_logo/uploads/images/vendors/logos/65d06e08093e8.png,True,False,30,,9.0,VendorListItem
113434,سوپرمارکت آی سودا,False,https://cdn.snapp.express/media/cache/vendor_item_cover/uploads/images/vendors/covers/65d063091cf16.jpg,0,70000,pz98jo,ACTIVE,شهرك باغميشه,13,False,https://cdn.snapp.express/media/cache/vendor_logo/uploads/images/vendors/logos/65d06309099b8.png,True,False,30,,9.4,VendorListItem
113842,سوپرمارکت پردیس ولیعصر,False,,0,70000,37rw1m,ACTIVE,وليعصر,3,False,https://cdn.snapp.express/media/cache/vendor_logo/uploads/images/vendors/logos/6644649024d18.png,True,False,30,,0.0,VendorListItem
111820,دیلی مارکت کوی نصر تبریز (همواره تخفیف),False,https://cdn.snapp.express/media/cache/vendor_item_cover/uploads/images/vendors/covers/6385d82ad4fb7.jpg,179,90000,3kj6vo,ACTIVE,کوی نصر,28,False,https://cdn.snapp.express/media/cache/vendor_logo/uploads/images/vendors/logos/65b61cabd21ca.jpg,True,False,30,,8.6,VendorListItem
112592,سوپرمارکت هایپرمارکت نارنج,False,https://cdn.snapp.express/media/cache/vendor_item_cover/uploads/images/vendors/covers/64eda556a9697.jpg,0,70000,3kjv2j,ACTIVE,زبردست,12,False,https://cdn.snapp.express/media/cache/vendor_logo/uploads/images/vendors/logos/64eda556a1332.png,True,False,30,,7.8,VendorListItem
90980,جانبو ابوریحان تبریز (همواره تخفیف),False,https://cdn.snapp.express/media/cache/vendor_item_cover/uploads/images/vendors/covers/6630c20cd76ba.png,4620,100000,0lgxv9,ACTIVE,زبردست,288,False,https://cdn.snapp.express/media/cache/vendor_logo/uploads/images/vendors/logos/6630c20cd3afc.jpg,True,False,30,,8.8,VendorListItem
113868,سوپرمارکت بیزیم,False,,0,70000,3kj7qk,ACTIVE,مقصودیه,1,False,https://cdn.snapp.express/media/cache/vendor_logo/uploads/images/vendors/logos/664ca5a607d60.png,True,False,30,,0.0,VendorListItem
110632,دیلی مارکت نایب تبریز2 (همواره تخفیف),False,https://cdn.snapp.express/media/cache/vendor_item_cover/uploads/images/vendors/covers/629daa8b8f255.jpg,2700,90000,0ljn2z,ACTIVE,مقصودیه,197,False,https://cdn.snapp.express/media/cache/vendor_logo/uploads/images/vendors/logos/65b61b4c40758.jpg,True,False,30,,9.2,VendorListItem
56540,سوپرمارکت هایپر استار مارکت,False,https://cdn.snapp.express/media/cache/vendor_item_cover/uploads/images/vendors/covers/5ead6c16b8d32.jpg,10544,70000,3x2j14,ACTIVE,وليعصر,603,False,https://cdn.snapp.express/media/cache/vendor_logo/uploads/images/vendors/logos/default.png,True,False,30,,8.8,VendorListItem
63412,سوپرمارکت دنیز (باغمیشه),False,https://cdn.snapp.express/media/cache/vendor_item_cover/uploads/images/vendors/covers/60a8ea065167c.jpg,30563,70000,poo7zo,ACTIVE,کوی نصر,2324,False,https://cdn.snapp.express/media/cache/vendor_logo/uploads/images/vendors/logos/default.png,True,False,30,,8.4,VendorListItem
112221,دیلی مارکت رسالت تبریز(همواره تخفیف),False,https://cdn.snapp.express/media/cache/vendor_item_cover/uploads/images/vendors/covers/649c46a13e0ea.jpg,0,90000,31zm97,ACTIVE,FIXME,6,False,https://cdn.snapp.express/media/cache/vendor_logo/uploads/images/vendors/logos/65b61c864bf6f.jpg,True,False,30,,9.2,VendorListItem
114050,جانبو رسالت (همواره تخفیف),False,,0,80000,09eyx6,ACTIVE,میلاد,0,False,https://cdn.snapp.express/media/cache/vendor_logo/uploads/images/vendors/logos/default.png,True,False,30,,0.0,VendorListItem
110630,دیلی مارکت زبردست (همواره تخفیف),False,https://cdn.snapp.express/media/cache/vendor_item_cover/uploads/images/vendors/covers/629da7965d43a.jpg,1511,90000,p6z4dn,ACTIVE,زبردست,118,False,https://cdn.snapp.express/media/cache/vendor_logo/uploads/images/vendors/logos/65b61b30ca67f.jpg,True,False,30,,9.2,VendorListItem
109526,جانبو جبار نایب تبریز (همواره تخفیف),False,https://cdn.snapp.express/media/cache/vendor_item_cover/uploads/images/vendors/covers/6603e150cfb3e.png,2805,100000,09jkwn,ACTIVE,مقصودیه,139,False,https://cdn.snapp.express/media/cache/vendor_logo/uploads/images/vendors/logos/6603e150b78ea.jpg,True,False,30,,9.0,VendorListItem
113554,سوپرمارکت هایپر نیاوران,False,https://cdn.snapp.express/media/cache/vendor_item_cover/uploads/images/vendors/covers/65e4237f40038.jpg,0,70000,p6z2j6,ACTIVE,خیابان,4,False,https://cdn.snapp.express/media/cache/vendor_logo/uploads/images/vendors/logos/65e4237f24ce4.png,True,False,30,,8.4,VendorListItem
110631,دیلی مارکت پاستور تبریز(همواره تخفیف),False,https://cdn.snapp.express/media/cache/vendor_item_cover/uploads/images/vendors/covers/629da8e18f713.jpg,3241,90000,0mjleo,ACTIVE,خیابان,260,False,https://cdn.snapp.express/media/cache/vendor_logo/uploads/images/vendors/logos/65b61b3f451df.jpg,True,False,30,,8.8,VendorListItem
113605,سوپرمارکت هایپر تعاونی فرهنگ,False,,0,70000,pvq11m,ACTIVE,گلکار,3,False,https://cdn.snapp.express/media/cache/vendor_logo/uploads/images/vendors/logos/65ed591c63b35.png,True,False,30,,8.8,VendorListItem
112225,دیلی مارکت خیابان علامه تبریز(همواره تخفیف),False,https://cdn.snapp.express/media/cache/vendor_item_cover/uploads/images/vendors/covers/649c447696501.jpg,0,90000,0gkoen,ACTIVE,بارنج,6,False,https://cdn.snapp.express/media/cache/vendor_logo/uploads/images/vendors/logos/65b61cb979790.jpg,True,False,30,,8.6,VendorListItem
112609,سوپرمارکت اسکندریان,False,https://cdn.snapp.express/media/cache/vendor_item_cover/uploads/images/vendors/covers/64f6c9759dbe9.jpg,0,70000,0q1rky,ACTIVE,شهرك باغميشه,22,False,https://cdn.snapp.express/media/cache/vendor_logo/uploads/images/vendors/logos/64f6c9759900a.png,True,False,30,,8.8,VendorListItem
111503,گندم باغمیشه تبریز (همواره تخفیف),False,https://cdn.snapp.express/media/cache/vendor_item_cover/uploads/images/vendors/covers/6313493538e12.jpg,796,80000,3deq2x,ACTIVE,شهرك باغميشه,66,False,https://cdn.snapp.express/media/cache/vendor_logo/uploads/images/vendors/logos/64342b3a8d27d.png,True,False,30,,8.6,VendorListItem
113828,سوپرمارکت نویان,False,,0,70000,0ygj5n,ACTIVE,زبردست,2,False,https://cdn.snapp.express/media/cache/vendor_logo/uploads/images/vendors/logos/66408e8815412.png,True,False,30,,0.0,VendorListItem
110910,دیلی مارکت لاله زار تبریز(همواره تخفیف),False,https://cdn.snapp.express/media/cache/vendor_item_cover/uploads/images/vendors/covers/62cd5e8f5ff52.jpg,394,90000,pz96r1,ACTIVE,اهراب,33,False,https://cdn.snapp.express/media/cache/vendor_logo/uploads/images/vendors/logos/65ad1b6c5684d.jpg,True,False,30,,9.2,VendorListItem
62904,سوپرمارکت زارعی,False,https://cdn.snapp.express/media/cache/vendor_item_cover/uploads/images/vendors/covers/610fa5a60bb33.jpg,21937,70000,0yrzjy,ACTIVE,شنب غازان,1765,False,https://cdn.snapp.express/media/cache/vendor_logo/uploads/images/vendors/logos/default.png,True,False,30,,8.6,VendorListItem
112776,سوپرمارکت هایپر بیزیم,False,https://cdn.snapp.express/media/cache/vendor_item_cover/uploads/images/vendors/covers/652554ece4abe.jpg,0,70000,0ygvey,ACTIVE,میلاد,20,False,https://cdn.snapp.express/media/cache/vendor_logo/uploads/images/vendors/logos/652554ecdfc98.png,True,False,30,,9.0,VendorListItem
112223,دیلی مارکت میدان شهاب تبریز(همواره تخفیف),False,https://cdn.snapp.express/media/cache/vendor_item_cover/uploads/images/vendors/covers/64a27b97b9ae9.jpg,0,90000,32zmdl,ACTIVE,کوچه باغ,17,False,https://cdn.snapp.express/media/cache/vendor_logo/uploads/images/vendors/logos/65b61b261dc0c.jpg,True,False,30,,9.0,VendorListItem
112610,سوپرمارکت ترکان مارکت,False,https://cdn.snapp.express/media/cache/vendor_item_cover/uploads/images/vendors/covers/64f6cbeede673.jpg,0,70000,pz9vye,ACTIVE,FIXME,8,False,https://cdn.snapp.express/media/cache/vendor_logo/uploads/images/vendors/logos/64f6cbeed8207.png,True,False,30,,8.6,VendorListItem
111824,دیلی مارکت خیابان عباسی تبریز (همواره تخفیف),False,https://cdn.snapp.express/media/cache/vendor_item_cover/uploads/images/vendors/covers/6385f4b5dec9a.jpg,342,90000,0wqe9q,ACTIVE,سیابان,51,False,https://cdn.snapp.express/media/cache/vendor_logo/uploads/images/vendors/logos/65b6229dc6597.jpg,True,False,30,,9.2,VendorListItem
90984,جانبو الهیه تبریز (همواره تخفیف),False,https://cdn.snapp.express/media/cache/vendor_item_cover/uploads/images/vendors/covers/6630c1943dabb.png,4272,100000,poywnq,ACTIVE,شهرك باغميشه,222,False,https://cdn.snapp.express/media/cache/vendor_logo/uploads/images/vendors/logos/6630c194378ba.jpg,True,False,30,,9.0,VendorListItem
114052,جانبو کوچه باغ(همواره تخفیف),False,https://cdn.snapp.express/media/cache/vendor_item_cover/uploads/images/vendors/covers/669f5d981cad1.png,0,80000,0ygxyr,ACTIVE,کوچه باغ,0,False,https://cdn.snapp.express/media/cache/vendor_logo/uploads/images/vendors/logos/669f5d9819b8c.jpg,True,False,30,,0.0,VendorListItem
110911,دیلی مارکت قدس تبریز (همواره تخفیف),False,https://cdn.snapp.express/media/cache/vendor_item_cover/uploads/images/vendors/covers/62cd5f7ce38a1.jpg,732,90000,0rqmdo,ACTIVE,کوچه باغ,52,False,https://cdn.snapp.express/media/cache/vendor_logo/uploads/images/vendors/logos/65b61b145ec24.jpg,True,False,30,,9.4,VendorListItem
112812,سوپرمارکت هایپر شوک مارکت,False,https://cdn.snapp.express/media/cache/vendor_item_cover/uploads/images/vendors/covers/6533b72219f06.jpg,0,70000,pojrvk,ACTIVE,FIXME,2,False,https://cdn.snapp.express/media/cache/vendor_logo/uploads/images/vendors/logos/6533b7220fd6c.png,True,False,30,,8.8,VendorListItem
113135,سوپرمارکت هایپر ارزان مارکت عباسی,False,https://cdn.snapp.express/media/cache/vendor_item_cover/uploads/images/vendors/covers/6587d06bdb91b.jpg,0,70000,0rqxn1,ACTIVE,FIXME,4,False,https://cdn.snapp.express/media/cache/vendor_logo/uploads/images/vendors/logos/6587d06bd5bc2.png,True,False,30,,9.0,VendorListItem
112222,دیلی مارکت چهارراه عباسی تبریز (همواره تخفیف),False,https://cdn.snapp.express/media/cache/vendor_item_cover/uploads/images/vendors/covers/649c453493b57.jpg,0,90000,p5zj6x,ACTIVE,FIXME,22,False,https://cdn.snapp.express/media/cache/vendor_logo/uploads/images/vendors/logos/65b61bc4f12aa.jpg,True,False,30,,8.8,VendorListItem
110909,دیلی مارکت آخونی تبریز(همواره تخفیف),False,https://cdn.snapp.express/media/cache/vendor_item_cover/uploads/images/vendors/covers/62cd5ccec81bd.jpg,371,90000,0q1o9d,ACTIVE,قره آغاج,45,False,https://cdn.snapp.express/media/cache/vendor_logo/uploads/images/vendors/logos/65b61b91eb209.jpg,True,False,30,,9.0,VendorListItem
110912,دیلی مارکت عارف تبریز (همواره تخفیف),False,https://cdn.snapp.express/media/cache/vendor_item_cover/uploads/images/vendors/covers/62cd62063b8c2.jpg,600,90000,pojqwj,ACTIVE,دوه چی,56,False,https://cdn.snapp.express/media/cache/vendor_logo/uploads/images/vendors/logos/65b61b9ed1c42.jpg,True,False,30,,9.0,VendorListItem
82091,سوپرمارکت محمدزاده,False,https://cdn.snapp.express/media/cache/vendor_item_cover/uploads/images/vendors/covers/60feaa85b8c32.jpg,6104,70000,0jmdk6,ACTIVE,قره آغاج,479,False,https://cdn.snapp.express/media/cache/vendor_logo/uploads/images/vendors/logos/default.png,True,False,30,,8.6,VendorListItem
113219,سوپرمارکت هایپر ده شصت بهار,False,https://cdn.snapp.express/media/cache/vendor_item_cover/uploads/images/vendors/covers/6593c3cf18e12.jpg,0,70000,0jj476,ACTIVE,FIXME,0,False,https://cdn.snapp.express/media/cache/vendor_logo/uploads/images/vendors/logos/6593c3cf1413b.png,True,False,30,,8.0,VendorListItem
110914,دیلی مارکت شمس تبریزی تبریز (همواره تخفیف),False,https://cdn.snapp.express/media/cache/vendor_item_cover/uploads/images/vendors/covers/62cd66dc3bb57.jpg,265,90000,p4zlky,ACTIVE,FIXME,28,False,https://cdn.snapp.express/media/cache/vendor_logo/uploads/images/vendors/logos/65b6228f49e7a.jpg,True,False,30,,8.8,VendorListItem
91086,جانبو شمس تبریزی(همواره تخفیف),False,https://cdn.snapp.express/media/cache/vendor_item_cover/uploads/images/vendors/covers/66796d709b356.png,3865,110000,p4j5gj,ACTIVE,بازار,236,False,https://cdn.snapp.express/media/cache/vendor_logo/uploads/images/vendors/logos/66796d709836b.jpg,True,False,30,,8.47,VendorListItem
114051,جانبو سردار(همواره تخفیف),False,https://cdn.snapp.express/media/cache/vendor_item_cover/uploads/images/vendors/covers/669f5c491f1d1.png,0,80000,3devlg,ACTIVE,سرخاب,0,False,https://cdn.snapp.express/media/cache/vendor_logo/uploads/images/vendors/logos/669f5c491bff9.jpg,True,False,30,,0.0,VendorListItem
112557,دیلی مارکت خیابان توکلی تبریز(همواره تخفیف),False,https://cdn.snapp.express/media/cache/vendor_item_cover/uploads/images/vendors/covers/64e1d064d24dd.jpg,0,90000,0q1rx2,ACTIVE,امیرخیز,2,False,https://cdn.snapp.express/media/cache/vendor_logo/uploads/images/vendors/logos/65b61bb7e5366.jpg,True,False,30,,9.0,VendorListItem
111822,دیلی مارکت خیابان انقلاب تبریز (همواره تخفیف),False,https://cdn.snapp.express/media/cache/vendor_item_cover/uploads/images/vendors/covers/6385de801dbfc.jpg,116,90000,p5zj9w,ACTIVE,FIXME,23,False,https://cdn.snapp.express/media/cache/vendor_logo/uploads/images/vendors/logos/65b61bacd6b58.jpg,True,False,30,,8.8,VendorListItem
113586,سوپرمارکت هایپر تبریز تک,False,,0,70000,p4z72x,ACTIVE,FIXME,0,False,https://cdn.snapp.express/media/cache/vendor_logo/uploads/images/vendors/logos/65ec1a13095cb.png,True,False,30,,8.2,VendorListItem
55558,سوپرمارکت شبانه روزی مهر,False,https://cdn.snapp.express/media/cache/vendor_item_cover/uploads/images/vendors/covers/60a504bc06265.jpg,13906,70000,pz86oj,ACTIVE,جنت,666,False,https://cdn.snapp.express/media/cache/vendor_logo/uploads/images/vendors/logos/default.png,True,False,30,,9.8,VendorListItem
113926,گندم پاسداران تبریز (همواره تخفیف),False,https://cdn.snapp.express/media/cache/vendor_item_cover/uploads/images/vendors/covers/6669506aa7d8e.png,0,80000,09e9dk,ACTIVE,ارم,0,False,https://cdn.snapp.express/media/cache/vendor_logo/uploads/images/vendors/logos/6669506aa4091.png,True,False,30,,0.0,VendorListItem
56243,سوپرمارکت هایپر احمدی (ولنجک),False,https://cdn.snapp.express/media/cache/vendor_item_cover/uploads/images/vendors/covers/60a63da6b72e0.jpg,46169,80000,0j4yq6,ACTIVE,ولنجک,1147,False,https://cdn.snapp.express/media/cache/vendor_logo/uploads/images/vendors/logos/default.png,True,False,45,,8.2,VendorListItem
67057,سوپرمارکت الماس (زعفرانیه),False,https://cdn.snapp.express/media/cache/vendor_item_cover/uploads/images/vendors/covers/60ab50540e591.jpg,44360,80000,0q5m4y,ACTIVE,زعفرانيه,1182,False,https://cdn.snapp.express/media/cache/vendor_logo/uploads/images/vendors/logos/64bbc55244741.png,True,False,45,,8.6,VendorListItem
113061,سوپرمارکت ولنجک (ولنجک),False,https://cdn.snapp.express/media/cache/vendor_item_cover/uploads/images/vendors/covers/65757205d7a53.jpg,0,80000,p8e7dy,ACTIVE,ولنجک,4,False,https://cdn.snapp.express/media/cache/vendor_logo/uploads/images/vendors/logos/65757205d1d39.png,True,False,45,,7.6,VendorListItem
112654,سوپرمارکت هایپر نیاز زاده (زعفرانیه),False,https://cdn.snapp.express/media/cache/vendor_item_cover/uploads/images/vendors/covers/650944fd11588.jpg,0,80000,p6zjke,ACTIVE,زعفرانيه,19,False,https://cdn.snapp.express/media/cache/vendor_logo/uploads/images/vendors/logos/650944fd0cf9a.png,True,False,45,,8.0,VendorListItem
112967,سوپرمارکت نادرلند (زعفرانیه),False,https://cdn.snapp.express/media/cache/vendor_item_cover/uploads/images/vendors/covers/654f5a1099313.jpg,0,80000,0jj4nv,ACTIVE,زعفرانيه,5,False,https://cdn.snapp.express/media/cache/vendor_logo/uploads/images/vendors/logos/654f5a1092bce.png,True,False,45,,7.0,VendorListItem
107608,اسمارت تجریش (سوپرمارکت زنجیره ای اسنپ),False,https://cdn.snapp.express/media/cache/vendor_item_cover/uploads/images/vendors/covers/65231160a480e.png,104292,100000,0ldwyz,ACTIVE,دربند,8511,True,https://cdn.snapp.express/media/cache/vendor_logo/uploads/images/vendors/logos/652311609f277.png,True,False,45,,8.4,VendorListItem
113333,فروشگاه هیرو (شوینده بهداشتی),False,,0,180000,0q15vd,ACTIVE,گلاب دره,0,False,https://cdn.snapp.express/media/cache/vendor_logo/uploads/images/vendors/logos/65e6fb4b9cc5c.jpg,True,False,45,,0.0,VendorListItem
112574,هایپراستار پارک سنتر پاسداران (همواره تخفیف),False,,0,90000,09ewqn,ACTIVE,اقدسیه,41,False,https://cdn.snapp.express/media/cache/vendor_logo/uploads/images/vendors/logos/64e325b71dba9.png,True,False,45,,8.0,VendorListItem
56682,سوپرمارکت 110 (نیاوران),False,https://cdn.snapp.express/media/cache/vendor_item_cover/uploads/images/vendors/covers/60a76da910914.jpg,24751,80000,pz8eg2,ACTIVE,نياوران,503,False,https://cdn.snapp.express/media/cache/vendor_logo/uploads/images/vendors/logos/default.png,True,False,45,,8.0,VendorListItem
111665,سوپرمارکت یاران دریان کامرانیه (نیاوران),False,https://cdn.snapp.express/media/cache/vendor_item_cover/uploads/images/vendors/covers/634fc37f3400c.jpg,1090,80000,3ee5nv,ACTIVE,دزاشيب,76,False,https://cdn.snapp.express/media/cache/vendor_logo/uploads/images/vendors/logos/64342e475771d.png,True,False,45,,8.2,VendorListItem
109375,سوپرمارکت من مارکت (نیاوران),False,https://cdn.snapp.express/media/cache/vendor_item_cover/uploads/images/vendors/covers/61a62c8555d65.jpg,7931,80000,3d7667,ACTIVE,نياوران,273,False,https://cdn.snapp.express/media/cache/vendor_logo/uploads/images/vendors/logos/default.png,True,False,45,,8.6,VendorListItem
113937,سوپرمارکت هایپر سالار (آجودانیه),False,,0,80000,p8egqm,ACTIVE,كاشانک,5,False,https://cdn.snapp.express/media/cache/vendor_logo/uploads/images/vendors/logos/66718f8450aa1.jpg,True,False,45,,0.0,VendorListItem
113855,سوپرمارکت طایی (نیاوران),False,,0,80000,0mjmor,ACTIVE,كاشانک,2,False,https://cdn.snapp.express/media/cache/vendor_logo/uploads/images/vendors/logos/6649ac72c889d.png,True,False,45,,0.0,VendorListItem
114085,جانبو گلابدره(همواره تخفیف),False,https://cdn.snapp.express/media/cache/vendor_item_cover/uploads/images/vendors/covers/66a0a6008ecb3.png,0,90000,p8ed52,ACTIVE,گلاب دره,0,False,https://cdn.snapp.express/media/cache/vendor_logo/uploads/images/vendors/logos/66a0a60088ebd.jpg,True,False,45,,0.0,VendorListItem
64882,هایپراستار جماران(همواره تخفیف),False,https://cdn.snapp.express/media/cache/vendor_item_cover/uploads/images/vendors/covers/64342c693de82.png,58141,150000,pz8lzo,ACTIVE,جماران,1816,False,https://cdn.snapp.express/media/cache/vendor_logo/uploads/images/vendors/logos/64342c5ac47df.png,True,False,45,,8.4,VendorListItem
112043,جانبو امام زاده قاسم تهران (همواره تخفیف),False,https://cdn.snapp.express/media/cache/vendor_item_cover/uploads/images/vendors/covers/63ebec997fc34.png,0,100000,0jjnk6,ACTIVE,FIXME,0,False,https://cdn.snapp.express/media/cache/vendor_logo/uploads/images/vendors/logos/66a1014138537.jpg,True,False,45,,0.0,VendorListItem
111044,سوپر مارکت تیهو (نیاوران),False,https://cdn.snapp.express/media/cache/vendor_item_cover/uploads/images/vendors/covers/62ce7e7f0ccaf.jpg,1234,80000,3kjneg,ACTIVE,امامزاده قاسم,99,False,https://cdn.snapp.express/media/cache/vendor_logo/uploads/images/vendors/logos/default.png,True,False,45,,7.4,VendorListItem
20603,سوپرمارکت لاکچری (تجریش),False,https://cdn.snapp.express/media/cache/vendor_item_cover/uploads/images/vendors/covers/655bce76e4dc0.jpg,130017,80000,3dqwzw,ACTIVE,دزاشيب,2654,False,https://cdn.snapp.express/media/cache/vendor_logo/uploads/images/vendors/logos/653161e42e4da.jpeg,True,False,45,,8.6,VendorListItem
110585,سوپرمارکت تهرانتو (بوکان),False,https://cdn.snapp.express/media/cache/vendor_item_cover/uploads/images/vendors/covers/6288ceac1a5ae.jpg,471,80000,p8okkr,ACTIVE,امامزاده قاسم,31,False,https://cdn.snapp.express/media/cache/vendor_logo/uploads/images/vendors/logos/default.png,True,False,45,,8.4,VendorListItem
112756,سوپرمارکت زی مارکت (نیاوران),False,https://cdn.snapp.express/media/cache/vendor_item_cover/uploads/images/vendors/covers/6521341103ca9.jpg,0,80000,0lj8we,ACTIVE,امامزاده قاسم,6,False,https://cdn.snapp.express/media/cache/vendor_logo/uploads/images/vendors/logos/65213410f2e61.png,True,False,45,,7.2,VendorListItem
113610,فروشگاه آویژه(شوینده بهداشتی),False,,0,180000,pz9kk2,ACTIVE,تجريش,1,False,https://cdn.snapp.express/media/cache/vendor_logo/uploads/images/vendors/logos/65ed86c544430.jpg,True,False,45,,9.0,VendorListItem
71484,سوپرمارکت نوبخت (میدان قدس),False,https://cdn.snapp.express/media/cache/vendor_item_cover/uploads/images/vendors/covers/60ab484cb1621.jpg,6905,80000,pogozk,ACTIVE,امامزاده قاسم,337,False,https://cdn.snapp.express/media/cache/vendor_logo/uploads/images/vendors/logos/default.png,True,False,45,,7.6,VendorListItem
111775,سوپرمارکت متین (آجودانیه),False,https://cdn.snapp.express/media/cache/vendor_item_cover/uploads/images/vendors/covers/637b19d9ad099.jpg,0,80000,3de5q7,ACTIVE,كاشانک,13,False,https://cdn.snapp.express/media/cache/vendor_logo/uploads/images/vendors/logos/637b19d9a6085.jpg,True,False,45,,8.6,VendorListItem
42980,سوپرمارکت آوا (کاشانک),False,https://cdn.snapp.express/media/cache/vendor_item_cover/uploads/images/vendors/covers/60a4d80c5f0ce.jpg,34882,80000,0l8679,ACTIVE,كاشانک,765,False,https://cdn.snapp.express/media/cache/vendor_logo/uploads/images/vendors/logos/default.png,True,False,45,,8.6,VendorListItem
111658,سوپر مارکت یاران دریان هایپر مرکزی دارآباد (میدان داراباد),False,https://cdn.snapp.express/media/cache/vendor_item_cover/uploads/images/vendors/covers/634a67f9822a0.jpg,1038,70000,pz9nxo,ACTIVE,دارآباد,154,False,https://cdn.snapp.express/media/cache/vendor_logo/uploads/images/vendors/logos/655dc99c8b9db.png,True,False,45,,8.0,VendorListItem
55855,سوپرمارکت تک (تجریش),False,https://cdn.snapp.express/media/cache/vendor_item_cover/uploads/images/vendors/covers/60a6081f2f755.jpg,38041,80000,0m1lry,ACTIVE,دربند,877,False,https://cdn.snapp.express/media/cache/vendor_logo/uploads/images/vendors/logos/default.png,True,False,45,,8.0,VendorListItem
48740,سوپرمارکت میلاد (اقدسیه),False,https://cdn.snapp.express/media/cache/vendor_item_cover/uploads/images/vendors/covers/653396c5a62e4.jpg,114348,80000,3x1974,ACTIVE,كاشانک,2698,False,https://cdn.snapp.express/media/cache/vendor_logo/uploads/images/vendors/logos/653396c59c987.jpg,True,False,45,,7.2,VendorListItem
113934,فروشگاه به قیمت (شوینده بهداشتی),False,,0,180000,pz9k71,ACTIVE,دارآباد,0,False,https://cdn.snapp.express/media/cache/vendor_logo/uploads/images/vendors/logos/666efd749958c.jpg,False,True,45,,0.0,VendorListItem
108828,سوپرمارکت دریان مارکت (مینی سیتی),False,https://cdn.snapp.express/media/cache/vendor_item_cover/uploads/images/vendors/covers/619e08db308d5.jpg,6530,70000,0y9n7d,ACTIVE,شهرک نفت,269,False,https://cdn.snapp.express/media/cache/vendor_logo/uploads/images/vendors/logos/default.png,True,False,45,,7.4,VendorListItem
109450,جانبو لشگرک قایم (همواره تخفیف),False,https://cdn.snapp.express/media/cache/vendor_item_cover/uploads/images/vendors/covers/61b73402357bd.png,976,80000,09jkxq,ACTIVE,مینی سیتی,21,False,https://cdn.snapp.express/media/cache/vendor_logo/uploads/images/vendors/logos/6679674f55c15.jpg,True,False,45,,5.2,VendorListItem
26312,سوپرمارکت باغ گیلاس (ولنجک),False,https://cdn.snapp.express/media/cache/vendor_item_cover/uploads/images/vendors/covers/60a4d6e95172b.jpg,30823,80000,po9e8j,ACTIVE,ولنجک,875,False,https://cdn.snapp.express/media/cache/vendor_logo/uploads/images/vendors/logos/default.png,True,False,45,,7.0,VendorListItem
112996,سوپرمارکت سورنا ولنجک (ولنجک),False,https://cdn.snapp.express/media/cache/vendor_item_cover/uploads/images/vendors/covers/6558b19208dfa.jpg,0,80000,0wqzzz,ACTIVE,ولنجک,11,False,https://cdn.snapp.express/media/cache/vendor_logo/uploads/images/vendors/logos/6558b19200f53.png,True,False,45,,8.8,VendorListItem
59885,سوپرمارکت یاران دریان محمدی (ولنجک),False,https://cdn.snapp.express/media/cache/vendor_item_cover/uploads/images/vendors/covers/5f3b6f33f184b.jpg,10247,80000,p87okg,ACTIVE,ولنجک,283,False,https://cdn.snapp.express/media/cache/vendor_logo/uploads/images/vendors/logos/64342e475771d.png,True,False,45,,7.6,VendorListItem
112932,سوپرمارکت یاران دریان وی ای پی تجریش (تجریش),False,https://cdn.snapp.express/media/cache/vendor_item_cover/uploads/images/vendors/covers/654642f2a198d.jpg,0,80000,0lje2k,ACTIVE,دربند,13,False,https://cdn.snapp.express/media/cache/vendor_logo/uploads/images/vendors/logos/6576beffe3e83.png,True,False,45,,7.8,VendorListItem
111615,سوپرمارکت یاران دریان مژده (نیاوران),False,https://cdn.snapp.express/media/cache/vendor_item_cover/uploads/images/vendors/covers/633aa18f33ad2.jpg,1021,80000,0njn92,ACTIVE,امامزاده قاسم,63,False,https://cdn.snapp.express/media/cache/vendor_logo/uploads/images/vendors/logos/64342e475771d.png,True,False,45,,7.8,VendorListItem
113062,سوپرمارکت یاران دریان عرش اجودانیه (اجودانیه),False,https://cdn.snapp.express/media/cache/vendor_item_cover/uploads/images/vendors/covers/65757dfc335f2.jpg,0,80000,p4z2jn,ACTIVE,كاشانک,11,False,https://cdn.snapp.express/media/cache/vendor_logo/uploads/images/vendors/logos/6576bc0cc847a.png,True,False,45,,8.6,VendorListItem
113368,سوپرمارکت سرو (اقدسیه),False,https://cdn.snapp.express/media/cache/vendor_item_cover/uploads/images/vendors/covers/65bf4b062b32a.jpg,0,70000,3kjodq,ACTIVE,اراج,1,False,https://cdn.snapp.express/media/cache/vendor_logo/uploads/images/vendors/logos/65bf4b05cfa46.png,True,False,45,,7.2,VendorListItem
114044,سوپرمارکت آفر مارکت (فرمانیه),False,,0,80000,3kj7mg,ACTIVE,حكمت,1,False,https://cdn.snapp.express/media/cache/vendor_logo/uploads/images/vendors/logos/669ce39e9e201.jpg,True,False,45,,0.0,VendorListItem
113797,سوپرمارکت دلفین (زعفرانیه),False,,0,80000,0gkrxx,ACTIVE,زعفرانيه,1,False,https://cdn.snapp.express/media/cache/vendor_logo/uploads/images/vendors/logos/6632084c99ba2.png,True,False,45,,0.0,VendorListItem
109489,سوپرمارکت هایپر پرمیوم,False,https://cdn.snapp.express/media/cache/vendor_item_cover/uploads/images/vendors/covers/61c8744c6f710.jpg,1496,90000,3ezk65,ACTIVE,دزاشيب,89,False,https://cdn.snapp.express/media/cache/vendor_logo/uploads/images/vendors/logos/default.png,True,False,45,,7.0,VendorListItem
112075,سوپر مارکت گلستان (اقدسیه),False,https://cdn.snapp.express/media/cache/vendor_item_cover/uploads/images/vendors/covers/6405948cebe32.jpg,0,80000,3de52n,ACTIVE,اقدسیه,19,False,https://cdn.snapp.express/media/cache/vendor_logo/uploads/images/vendors/logos/default.png,True,False,45,,7.0,VendorListItem
84133,سوپرمارکت صبا (زعفرانیه),False,https://cdn.snapp.express/media/cache/vendor_item_cover/uploads/images/vendors/covers/6110cd5b200cd.jpg,3935,80000,0qe6y9,ACTIVE,زعفرانيه,151,False,https://cdn.snapp.express/media/cache/vendor_logo/uploads/images/vendors/logos/default.png,True,False,45,,9.0,VendorListItem
112094,سوپرمارکت یاران دریان هایپر دنیز (زعفرانیه),False,https://cdn.snapp.express/media/cache/vendor_item_cover/uploads/images/vendors/covers/642d34059b4e5.jpg,0,80000,p5zjnn,ACTIVE,زعفرانيه,37,False,https://cdn.snapp.express/media/cache/vendor_logo/uploads/images/vendors/logos/64342e475771d.png,True,False,45,,7.6,VendorListItem
109764,سوپرمارکت یاران دریان بلومارت (فرمانیه),False,https://cdn.snapp.express/media/cache/vendor_item_cover/uploads/images/vendors/covers/61f7bac7f3816.jpg,3007,80000,3xgeq9,ACTIVE,حكمت,119,False,https://cdn.snapp.express/media/cache/vendor_logo/uploads/images/vendors/logos/64342e475771d.png,True,False,45,,8.8,VendorListItem
70323,سوپرمارکت ایفل (فرمانیه),False,https://cdn.snapp.express/media/cache/vendor_item_cover/uploads/images/vendors/covers/60ab4b42387cc.jpg,18311,80000,32xmm2,ACTIVE,حصار بوعلی,427,False,https://cdn.snapp.express/media/cache/vendor_logo/uploads/images/vendors/logos/default.png,True,False,45,,8.6,VendorListItem
111667,سوپرمارکت لوکس 40C (دریانی),False,https://cdn.snapp.express/media/cache/vendor_item_cover/uploads/images/vendors/covers/635697f05f5ac.jpg,124,80000,0jjyw9,ACTIVE,دزاشيب,36,False,https://cdn.snapp.express/media/cache/vendor_logo/uploads/images/vendors/logos/default.png,True,False,45,,6.2,VendorListItem
113971,سوپرمارکت تک فرشته (تجریش),False,,0,80000,32zxyd,ACTIVE,باغ فردوس,0,False,https://cdn.snapp.express/media/cache/vendor_logo/uploads/images/vendors/logos/66798e1edc770.jpg,True,False,45,,0.0,VendorListItem
60766,سوپرمارکت شبانه روزی گلدن استور (ساقدوش-هروی),False,,68406,80000,3756e2,ACTIVE,مبارك آباد - حسين آباد,1979,False,https://cdn.snapp.express/media/cache/vendor_logo/uploads/images/vendors/logos/default.png,True,False,45,,7.0,VendorListItem
112758,سوپرمارکت غفوری (ارتش),False,https://cdn.snapp.express/media/cache/vendor_item_cover/uploads/images/vendors/covers/65213e4fe207e.jpg,0,70000,pz9v21,ACTIVE,دانشگاه -شهرک گلها,6,False,https://cdn.snapp.express/media/cache/vendor_logo/uploads/images/vendors/logos/6521504f410dc.png,True,False,45,,7.8,VendorListItem
111337,سوپرمارکت شیراز (مقدس اردبیلی),False,https://cdn.snapp.express/media/cache/vendor_item_cover/uploads/images/vendors/covers/62fc6fe8db0c9.jpg,442,80000,p8e5o5,ACTIVE,زعفرانيه,36,False,https://cdn.snapp.express/media/cache/vendor_logo/uploads/images/vendors/logos/default.png,True,False,45,,8.4,VendorListItem
112785,سوپرمارکت هایپر مارکت امیر (شریعتی),False,https://cdn.snapp.express/media/cache/vendor_item_cover/uploads/images/vendors/covers/652a55e8b9507.jpg,0,90000,p8e4qm,ACTIVE,حكمت,7,False,https://cdn.snapp.express/media/cache/vendor_logo/uploads/images/vendors/logos/652a55e8ae9e1.png,True,False,45,,7.8,VendorListItem
113673,سوپرمارکت یاران دریان مکس مارت (اندرزگو),False,,0,90000,0gkrk2,ACTIVE,حكمت,12,False,https://cdn.snapp.express/media/cache/vendor_logo/uploads/images/vendors/logos/6603eb6847800.png,True,False,45,,8.6,VendorListItem
70173,سوپرمارکت کوهستان (اقدسیه),False,,13806,80000,0grn7q,ACTIVE,كاشانک,336,False,https://cdn.snapp.express/media/cache/vendor_logo/uploads/images/vendors/logos/6434322655d43.png,True,False,45,,8.4,VendorListItem
70170,سوپرمارکت پاسداران (صاحبقرانیه),False,https://cdn.snapp.express/media/cache/vendor_item_cover/uploads/images/vendors/covers/60ab4c56b39b7.jpg,2707,80000,p55o6e,ACTIVE,حصار بوعلی,80,False,https://cdn.snapp.express/media/cache/vendor_logo/uploads/images/vendors/logos/default.png,True,False,45,,8.8,VendorListItem
112980,فروشگاه هفت مینی سیتی (همواره تخفیف),False,https://cdn.snapp.express/media/cache/vendor_item_cover/uploads/images/vendors/covers/656c66a12c4c3.png,0,80000,0lje8k,ACTIVE,دانشگاه -شهرک گلها,3,False,https://cdn.snapp.express/media/cache/vendor_logo/uploads/images/vendors/logos/656c66a126087.png,True,False,45,,9.2,VendorListItem
111705,سوپرقهوه تلخ (مینی سیتی),False,https://cdn.snapp.express/media/cache/vendor_item_cover/uploads/images/vendors/covers/636bb2035e115.jpg,7,70000,pvqxn5,ACTIVE,دانشگاه -شهرک گلها,3,False,https://cdn.snapp.express/media/cache/vendor_logo/uploads/images/vendors/logos/64345c8734d77.png,True,False,45,,9.43,VendorListItem
48483,سوپرمارکت بام تهران (کوی فراز),False,https://cdn.snapp.express/media/cache/vendor_item_cover/uploads/images/vendors/covers/60a4e5f747aef.jpg,30363,80000,0rv2xv,ACTIVE,فراز,757,False,https://cdn.snapp.express/media/cache/vendor_logo/uploads/images/vendors/logos/default.png,True,False,45,,8.0,VendorListItem
112719,سوپرمارکت دیدمارکت (باشگاه انقلاب),False,https://cdn.snapp.express/media/cache/vendor_item_cover/uploads/images/vendors/covers/651d47644680f.jpg,0,80000,0jjrlq,ACTIVE,آرارات,4,False,https://cdn.snapp.express/media/cache/vendor_logo/uploads/images/vendors/logos/651d47643e41a.png,True,False,45,,6.8,VendorListItem
110157,فروشگاه هفت دزاشیب (همواره تخفیف),False,https://cdn.snapp.express/media/cache/vendor_item_cover/uploads/images/vendors/covers/63f22deb052fd.png,1006,90000,0qljd2,ACTIVE,حكمت,50,False,https://cdn.snapp.express/media/cache/vendor_logo/uploads/images/vendors/logos/64342a4c8225c.png,True,False,45,,9.2,VendorListItem
46901,سوپرمارکت فاطمیه (پل رومی),False,https://cdn.snapp.express/media/cache/vendor_item_cover/uploads/images/vendors/covers/60a4e2d3d8490.jpg,45825,90000,0gy2jr,ACTIVE,قيطريه,975,False,https://cdn.snapp.express/media/cache/vendor_logo/uploads/images/vendors/logos/6624d7eb6f546.jpg,True,False,45,,8.8,VendorListItem
113829,فروشگاه ترو تمیز (شوینده بهداشتی),False,,0,180000,pvq17d,ACTIVE,چیذر,0,False,https://cdn.snapp.express/media/cache/vendor_logo/uploads/images/vendors/logos/664090863fde6.jpg,True,False,45,,0.0,VendorListItem
33304,سوپرمارکت جام جم مرکزی (جردن),False,https://cdn.snapp.express/media/cache/vendor_item_cover/uploads/images/vendors/covers/60a4fcceda2fb.jpg,62766,80000,0ykwem,ACTIVE,امانيه,1681,False,https://cdn.snapp.express/media/cache/vendor_logo/uploads/images/vendors/logos/default.png,True,False,45,,6.4,VendorListItem
113621,سوپرمارکت 110 چیذری (قیطریه),False,,0,90000,31z4j4,ACTIVE,چیذر,3,False,https://cdn.snapp.express/media/cache/vendor_logo/uploads/images/vendors/logos/65f009b70f7ca.png,True,False,45,,8.0,VendorListItem
110353,سوپرمارکت امیران (ازگل),False,https://cdn.snapp.express/media/cache/vendor_item_cover/uploads/images/vendors/covers/62497f4099741.jpg,5034,70000,pvl67x,ACTIVE,ازگل,248,False,https://cdn.snapp.express/media/cache/vendor_logo/uploads/images/vendors/logos/default.png,True,False,45,,8.4,VendorListItem
59840,سوپرمارکت میثم (اوین),False,https://cdn.snapp.express/media/cache/vendor_item_cover/uploads/images/vendors/covers/5f3e36e7a438c.jpg,7271,80000,3x2gvw,ACTIVE,اوين,208,False,https://cdn.snapp.express/media/cache/vendor_logo/uploads/images/vendors/logos/default.png,True,False,45,,8.8,VendorListItem
110794,سوپرمارکت بهمن(زعفرانیه),False,https://cdn.snapp.express/media/cache/vendor_item_cover/uploads/images/vendors/covers/62b96942c92d1.jpg,206,80000,p5z2zv,ACTIVE,محموديه,22,False,https://cdn.snapp.express/media/cache/vendor_logo/uploads/images/vendors/logos/default.png,True,False,45,,7.8,VendorListItem
55554,سوپرمارکت گلستان (دزاشیب),False,https://cdn.snapp.express/media/cache/vendor_item_cover/uploads/images/vendors/covers/60a504b09123e.jpg,18195,90000,p6746w,ACTIVE,حكمت,501,False,https://cdn.snapp.express/media/cache/vendor_logo/uploads/images/vendors/logos/default.png,True,False,45,,8.4,VendorListItem
109659,فروشگاه هفت چیذر(همواره تخفیف),False,https://cdn.snapp.express/media/cache/vendor_item_cover/uploads/images/vendors/covers/63f22eff8ca97.png,1676,90000,0rornv,ACTIVE,چیذر,63,False,https://cdn.snapp.express/media/cache/vendor_logo/uploads/images/vendors/logos/66adf00241f65.png,True,False,45,,8.0,VendorListItem
110563,دیلی مارکت چیذر(همواره تخفیف),False,https://cdn.snapp.express/media/cache/vendor_item_cover/uploads/images/vendors/covers/627bbb8b97e7f.jpg,1121,90000,0nv8m6,ACTIVE,چیذر,48,False,https://cdn.snapp.express/media/cache/vendor_logo/uploads/images/vendors/logos/65b61e0a6195c.jpg,True,False,45,,7.6,VendorListItem
56607,سوپرمارکت هایپر مارکت قیطریه (بلوار صبا),False,https://cdn.snapp.express/media/cache/vendor_item_cover/uploads/images/vendors/covers/60a768ffef1fb.jpg,81414,90000,0m1w9o,ACTIVE,حكمت,1858,False,https://cdn.snapp.express/media/cache/vendor_logo/uploads/images/vendors/logos/default.png,True,False,45,,8.6,VendorListItem
48738,سوپرمارکت شادی (فرمانیه),False,https://cdn.snapp.express/media/cache/vendor_item_cover/uploads/images/vendors/covers/60a4f7786afa5.jpg,53347,70000,p4g85x,ACTIVE,فرمانیه,947,False,https://cdn.snapp.express/media/cache/vendor_logo/uploads/images/vendors/logos/default.png,True,False,45,,8.4,VendorListItem
113946,سوپرمارکت هایپر رضا (فرمانیه),False,,0,80000,p5z56e,ACTIVE,فرمانیه,2,False,https://cdn.snapp.express/media/cache/vendor_logo/uploads/images/vendors/logos/6672e31ad8cfc.jpg,True,False,45,,0.0,VendorListItem
110182,فروشگاه هفت ازگل(همواره تخفیف),False,https://cdn.snapp.express/media/cache/vendor_item_cover/uploads/images/vendors/covers/63f22d429128e.png,819,80000,pzd41j,ACTIVE,ازگل,51,False,https://cdn.snapp.express/media/cache/vendor_logo/uploads/images/vendors/logos/64342a4c8225c.png,True,False,45,,8.8,VendorListItem
69558,اسمارت سعادت آباد (سوپرمارکت زنجیره ای اسنپ),False,https://cdn.snapp.express/media/cache/vendor_item_cover/uploads/images/vendors/covers/6523156ba0f7f.png,120425,100000,pzk621,ACTIVE,آسمان,5820,True,https://cdn.snapp.express/media/cache/vendor_logo/uploads/images/vendors/logos/6523156b9ce36.png,True,False,45,,9.0,VendorListItem
62363,سوپرمارکت یاران دریان سعادت 110 (سعادت آباد),False,https://cdn.snapp.express/media/cache/vendor_item_cover/uploads/images/vendors/covers/60a7800e37ec5.jpg,20370,90000,0nqkdz,ACTIVE,سعادت آباد,519,False,https://cdn.snapp.express/media/cache/vendor_logo/uploads/images/vendors/logos/64342e475771d.png,True,False,45,,8.8,VendorListItem
111515,سوپرمارکت مارکین (سعادت آباد),False,https://cdn.snapp.express/media/cache/vendor_item_cover/uploads/images/vendors/covers/631d86d101998.jpg,1536,80000,0njn7z,ACTIVE,سعادت آباد,109,False,https://cdn.snapp.express/media/cache/vendor_logo/uploads/images/vendors/logos/default.png,True,False,45,,8.8,VendorListItem
112673,سوپرمارکت جام جم صنایع (میدان ارتش),False,https://cdn.snapp.express/media/cache/vendor_item_cover/uploads/images/vendors/covers/6513dd88902a0.jpg,0,70000,0gky1m,ACTIVE,اراج,30,False,https://cdn.snapp.express/media/cache/vendor_logo/uploads/images/vendors/logos/6513dd8889b1b.png,True,False,45,,8.4,VendorListItem
110255,سوپرمارکت گلزار (نوبنیاد),False,https://cdn.snapp.express/media/cache/vendor_item_cover/uploads/images/vendors/covers/622f1ea97c7f4.jpeg,2022,70000,0myr5r,ACTIVE,اراج,70,False,https://cdn.snapp.express/media/cache/vendor_logo/uploads/images/vendors/logos/default.png,True,False,45,,7.0,VendorListItem
38645,سوپرمارکت لاله (بلوار ارتش),False,https://cdn.snapp.express/media/cache/vendor_item_cover/uploads/images/vendors/covers/60a4ff23eaa5a.jpg,54720,75000,31m9m4,ACTIVE,سوهانک,1475,False,https://cdn.snapp.express/media/cache/vendor_logo/uploads/images/vendors/logos/default.png,True,False,45,,8.0,VendorListItem
113130,سوپرمارکت فرشته (فرشته),False,https://cdn.snapp.express/media/cache/vendor_item_cover/uploads/images/vendors/covers/6582f25d10b8b.jpg,0,80000,p6z7vw,ACTIVE,باغ فردوس,2,False,https://cdn.snapp.express/media/cache/vendor_logo/uploads/images/vendors/logos/6582f25d08a6b.png,True,False,45,,8.2,VendorListItem
87324,سوپرمارکت شهربانو (فرشته),False,https://cdn.snapp.express/media/cache/vendor_item_cover/uploads/images/vendors/covers/612b7f76c96d5.jpg,7896,80000,0w4w7g,ACTIVE,باغ فردوس,253,False,https://cdn.snapp.express/media/cache/vendor_logo/uploads/images/vendors/logos/default.png,True,False,45,,6.8,VendorListItem
110222,سوپرمارکت یاران دریان هانتر (الهیه),False,https://cdn.snapp.express/media/cache/vendor_item_cover/uploads/images/vendors/covers/62230eb6b8c62.jpg,1415,80000,p5q4zn,ACTIVE,باغ فردوس,62,False,https://cdn.snapp.express/media/cache/vendor_logo/uploads/images/vendors/logos/64342e475771d.png,True,False,45,,7.4,VendorListItem
36343,سوپرمارکت هدایت (دروس),False,https://cdn.snapp.express/media/cache/vendor_item_cover/uploads/images/vendors/covers/652d89d7c16a9.jpg,78704,85000,0jnqng,ACTIVE,دروس,2520,False,https://cdn.snapp.express/media/cache/vendor_logo/uploads/images/vendors/logos/652d89d7bdcbf.jpg,True,False,45,,8.2,VendorListItem
44156,سوپرمارکت باربد (میدان سرو),False,https://cdn.snapp.express/media/cache/vendor_item_cover/uploads/images/vendors/covers/60a4d986dc119.jpg,87772,80000,0l8er9,ACTIVE,سعادت آباد,2069,False,https://cdn.snapp.express/media/cache/vendor_logo/uploads/images/vendors/logos/default.png,True,False,45,,8.0,VendorListItem
85931,سوپرمارکت یاران دریان جام جم پرواز (فرحزادی),False,https://cdn.snapp.express/media/cache/vendor_item_cover/uploads/images/vendors/covers/612239b996ef9.jpg,3123,80000,0m9m1q,ACTIVE,پرواز,118,False,https://cdn.snapp.express/media/cache/vendor_logo/uploads/images/vendors/logos/64342e475771d.png,True,False,45,,6.8,VendorListItem
18217,سوپرمارکت گلستان (سعادت آباد),False,https://cdn.snapp.express/media/cache/vendor_item_cover/uploads/images/vendors/covers/60a4d28225543.jpg,81218,80000,3e5zy5,ACTIVE,سعادت آباد,2225,False,https://cdn.snapp.express/media/cache/vendor_logo/uploads/images/vendors/logos/default.png,True,False,45,,8.2,VendorListItem
60491,سوپرمارکت مک (فرشته),False,https://cdn.snapp.express/media/cache/vendor_item_cover/uploads/images/vendors/covers/60a78ede8a7b0.jpg,16286,80000,0j45e6,ACTIVE,باغ فردوس,358,False,https://cdn.snapp.express/media/cache/vendor_logo/uploads/images/vendors/logos/default.png,True,False,45,,8.2,VendorListItem
112626,سوپرمارکت مردم مارکت (الهیه),False,https://cdn.snapp.express/media/cache/vendor_item_cover/uploads/images/vendors/covers/64fdc8e2e6d3e.jpg,0,80000,09ew8d,ACTIVE,باغ فردوس,10,False,https://cdn.snapp.express/media/cache/vendor_logo/uploads/images/vendors/logos/64fdc8e2e07d5.png,True,False,45,,6.8,VendorListItem
110160,فروشگاه هفت اختیاریه (همواره تخفیف),False,https://cdn.snapp.express/media/cache/vendor_item_cover/uploads/images/vendors/covers/63f22dd4c7f77.png,1744,90000,po6nyq,ACTIVE,اختیاریه,89,False,https://cdn.snapp.express/media/cache/vendor_logo/uploads/images/vendors/logos/64342a4c8225c.png,True,False,45,,8.0,VendorListItem
112578,سوپرمارکت داب (میدان کاج),False,https://cdn.snapp.express/media/cache/vendor_item_cover/uploads/images/vendors/covers/64e48db432bf5.jpg,0,80000,p6zj6w,ACTIVE,سعادت آباد,15,False,https://cdn.snapp.express/media/cache/vendor_logo/uploads/images/vendors/logos/64e48db429717.png,True,False,45,,8.6,VendorListItem
113440,سوپرمارکت یاران دریان هامون (سیمون بلیوار),False,,0,70000,3xw2e6,ACTIVE,شهرک نفت,1,False,https://cdn.snapp.express/media/cache/vendor_logo/uploads/images/vendors/logos/65d079f6bac10.png,True,False,45,,8.2,VendorListItem
64887,هایپراستار افرا(همواره تخفیف),False,https://cdn.snapp.express/media/cache/vendor_item_cover/uploads/images/vendors/covers/60ab774389bf2.jpg,27531,150000,0nqo22,ACTIVE,پرواز,1102,False,https://cdn.snapp.express/media/cache/vendor_logo/uploads/images/vendors/logos/64342c5ac47df.png,True,False,45,,8.2,VendorListItem
61012,سوپرمارکت علی بابا (میدان کاج),False,https://cdn.snapp.express/media/cache/vendor_item_cover/uploads/images/vendors/covers/60a775009c69d.jpg,12325,80000,poo5lo,ACTIVE,سعادت آباد,812,False,https://cdn.snapp.express/media/cache/vendor_logo/uploads/images/vendors/logos/default.png,True,False,45,,8.2,VendorListItem
83865,جانبو سعادت آباد-شقایق (همواره تخفیف),False,https://cdn.snapp.express/media/cache/vendor_item_cover/uploads/images/vendors/covers/6603d8be94a5e.png,3191,100000,3ew51o,ACTIVE,سعادت آباد,129,False,https://cdn.snapp.express/media/cache/vendor_logo/uploads/images/vendors/logos/6603d8be6db38.jpg,True,False,45,,8.4,VendorListItem
49035,سوپرمارکت آتی (آتی ساز),False,https://cdn.snapp.express/media/cache/vendor_item_cover/uploads/images/vendors/covers/60a4f8924d070.jpg,56230,80000,0rvdvv,ACTIVE,سعادت آباد,1275,False,https://cdn.snapp.express/media/cache/vendor_logo/uploads/images/vendors/logos/default.png,True,False,45,,8.4,VendorListItem
112675,سوپرمارکت گرین مارکت (سعادت اباد),False,https://cdn.snapp.express/media/cache/vendor_item_cover/uploads/images/vendors/covers/6513f1cf09e01.jpg,0,80000,3deg1n,ACTIVE,سعادت آباد,12,False,https://cdn.snapp.express/media/cache/vendor_logo/uploads/images/vendors/logos/6513f1cf0379c.png,True,False,45,,8.2,VendorListItem
112811,سوپرمارکت بلوارمارکت (پاسداران),False,https://cdn.snapp.express/media/cache/vendor_item_cover/uploads/images/vendors/covers/6533acca07c95.jpg,0,80000,0rqvl8,ACTIVE,اختیاریه,1,False,https://cdn.snapp.express/media/cache/vendor_logo/uploads/images/vendors/logos/6533acc9f376b.png,True,False,45,,7.6,VendorListItem
113247,سوپرمارکت استار (دروس),False,https://cdn.snapp.express/media/cache/vendor_item_cover/uploads/images/vendors/covers/659a4bdd2fd59.jpg,0,80000,32zro5,ACTIVE,دروس,23,False,https://cdn.snapp.express/media/cache/vendor_logo/uploads/images/vendors/logos/659a4bdd1282a.png,True,False,45,,8.0,VendorListItem
44220,سوپرمارکت میتا (فرشته),False,https://cdn.snapp.express/media/cache/vendor_item_cover/uploads/images/vendors/covers/60a4dac51607d.jpg,39337,80000,3kvoek,ACTIVE,باغ فردوس,1035,False,https://cdn.snapp.express/media/cache/vendor_logo/uploads/images/vendors/logos/default.png,True,False,45,,7.6,VendorListItem
109844,سوپرمارکت سورنا سرو,False,https://cdn.snapp.express/media/cache/vendor_item_cover/uploads/images/vendors/covers/630c6f4fefc8a.jpg,6227,80000,3k9yqg,ACTIVE,سعادت آباد,337,False,https://cdn.snapp.express/media/cache/vendor_logo/uploads/images/vendors/logos/default.png,True,False,45,,8.6,VendorListItem
111660,سوپرمارکت سهند (سعادت آباد),False,https://cdn.snapp.express/media/cache/vendor_item_cover/uploads/images/vendors/covers/634a822d73a1b.jpg,302,80000,poj9vk,ACTIVE,سعادت آباد,38,False,https://cdn.snapp.express/media/cache/vendor_logo/uploads/images/vendors/logos/default.png,True,False,45,,7.2,VendorListItem
55359,سوپرمارکت هنگامه (بلوار کاوه),False,https://cdn.snapp.express/media/cache/vendor_item_cover/uploads/images/vendors/covers/60a4faba93e2d.jpg,10131,90000,0rxmj9,ACTIVE,اختیاریه,281,False,https://cdn.snapp.express/media/cache/vendor_logo/uploads/images/vendors/logos/default.png,True,False,45,,7.8,VendorListItem
56039,سوپرمارکت شندی 342 (شهرک نفت),False,https://cdn.snapp.express/media/cache/vendor_item_cover/uploads/images/vendors/covers/60a616626bbee.jpg,19924,70000,0nqnd8,ACTIVE,شهرک نفت,698,False,https://cdn.snapp.express/media/cache/vendor_logo/uploads/images/vendors/logos/default.png,True,False,45,,8.4,VendorListItem
111848,سوپرقهوه تینو (پونک),False,https://cdn.snapp.express/media/cache/vendor_item_cover/uploads/images/vendors/covers/6385c8a0a65aa.jpg,9,70000,0wqezq,ACTIVE,کوهسار,11,False,https://cdn.snapp.express/media/cache/vendor_logo/uploads/images/vendors/logos/64345c8734d77.png,True,False,45,,10.0,VendorListItem
55631,سوپرمارکت خوانساری (علامه شمالی),False,https://cdn.snapp.express/media/cache/vendor_item_cover/uploads/images/vendors/covers/60a50a605e7e3.jpg,35695,80000,0m1lxr,ACTIVE,سعادت آباد,899,False,https://cdn.snapp.express/media/cache/vendor_logo/uploads/images/vendors/logos/default.png,True,False,45,,8.4,VendorListItem
113675,سوپرمارکت یاران دریان قلهک (شریعتی),False,,0,70000,3derew,ACTIVE,حسن آباد-زرگنده,7,False,https://cdn.snapp.express/media/cache/vendor_logo/uploads/images/vendors/logos/662613f78f9df.png,True,False,45,,6.8,VendorListItem
50669,سوپرمارکت وحید (چهارراه قنات),False,https://cdn.snapp.express/media/cache/vendor_item_cover/uploads/images/vendors/covers/60a4f9c09cc52.jpg,55996,90000,31l564,ACTIVE,اختیاریه,1455,False,https://cdn.snapp.express/media/cache/vendor_logo/uploads/images/vendors/logos/default.png,True,False,45,,8.4,VendorListItem
112655,سوپرمارکت بلوط دروس (دولت),False,https://cdn.snapp.express/media/cache/vendor_item_cover/uploads/images/vendors/covers/6509476c996cc.jpg,0,80000,0mjzxr,ACTIVE,دروس,187,False,https://cdn.snapp.express/media/cache/vendor_logo/uploads/images/vendors/logos/6509476c927fc.png,True,False,45,,9.4,VendorListItem
110144,فروشگاه هفت دولت(همواره تخفیف),False,https://cdn.snapp.express/media/cache/vendor_item_cover/uploads/images/vendors/covers/63f22e53b4cad.png,1239,90000,3k9m7j,ACTIVE,اختیاریه,50,False,https://cdn.snapp.express/media/cache/vendor_logo/uploads/images/vendors/logos/64342a4c8225c.png,True,False,45,,8.6,VendorListItem
59839,سوپرمارکت سورنا 326 (چهارراه قنات),False,https://cdn.snapp.express/media/cache/vendor_item_cover/uploads/images/vendors/covers/60a655776ff2d.jpg,13551,90000,0nqvxv,ACTIVE,اختیاریه,395,False,https://cdn.snapp.express/media/cache/vendor_logo/uploads/images/vendors/logos/default.png,True,False,45,,8.4,VendorListItem
113427,سوپرمارکت برادران بابایی (جنت آباد),False,https://cdn.snapp.express/media/cache/vendor_item_cover/uploads/images/vendors/covers/65cca1bb5ac6f.jpg,0,70000,3demjg,ACTIVE,جنت آباد شمالی,0,False,https://cdn.snapp.express/media/cache/vendor_logo/uploads/images/vendors/logos/65cca1bb44f1a.png,True,False,45,,7.2,VendorListItem
109669,فروشگاه هفت شهرک نفت (همواره تخفیف),False,https://cdn.snapp.express/media/cache/vendor_item_cover/uploads/images/vendors/covers/63f22e91348f2.png,1497,80000,31qowk,ACTIVE,شهرک نفت,108,False,https://cdn.snapp.express/media/cache/vendor_logo/uploads/images/vendors/logos/64342a4c8225c.png,True,False,45,,8.6,VendorListItem
111618,سوپرمارکت سعادت (سعادت آباد),False,https://cdn.snapp.express/media/cache/vendor_item_cover/uploads/images/vendors/covers/634168419a162.jpg,610,80000,37rjgg,ACTIVE,سعادت آباد,69,False,https://cdn.snapp.express/media/cache/vendor_logo/uploads/images/vendors/logos/default.png,True,False,45,,7.8,VendorListItem
113442,فروشگاه هیمالیا (شوینده بهداشتی),False,,0,180000,37r52g,ACTIVE,دریا,1,False,https://cdn.snapp.express/media/cache/vendor_logo/uploads/images/vendors/logos/65e6fb0c48563.jpg,True,False,45,,0.0,VendorListItem
13884,سوپرمارکت روژان (جردن),False,https://cdn.snapp.express/media/cache/vendor_item_cover/uploads/images/vendors/covers/60a4d22d5c362.jpg,78603,80000,po9qzk,ACTIVE,امانيه,2144,False,https://cdn.snapp.express/media/cache/vendor_logo/uploads/images/vendors/logos/default.png,True,False,45,,8.8,VendorListItem
111297,سوپرمارکت سحر(ظفر),False,https://cdn.snapp.express/media/cache/vendor_item_cover/uploads/images/vendors/covers/62e9208cc28e7.jpg,3065,70000,0gknr2,ACTIVE,حسن آباد-زرگنده,209,False,https://cdn.snapp.express/media/cache/vendor_logo/uploads/images/vendors/logos/default.png,True,False,45,,8.4,VendorListItem
63595,سوپرمارکت یاران دریان فاطیما (دولت),False,https://cdn.snapp.express/media/cache/vendor_item_cover/uploads/images/vendors/covers/60a7a5b961da3.jpg,35101,70000,32rogd,ACTIVE,قلهک,963,False,https://cdn.snapp.express/media/cache/vendor_logo/uploads/images/vendors/logos/64342e475771d.png,True,False,45,,8.6,VendorListItem
28435,سوپرمارکت شایان (دولت),False,https://cdn.snapp.express/media/cache/vendor_item_cover/uploads/images/vendors/covers/60a4fb1c45139.jpg,58096,70000,0rj5qz,ACTIVE,درب دوم,1323,False,https://cdn.snapp.express/media/cache/vendor_logo/uploads/images/vendors/logos/default.png,True,False,45,,8.6,VendorListItem
112809,سوپرمارکت آرون مارکت (دروس),False,https://cdn.snapp.express/media/cache/vendor_item_cover/uploads/images/vendors/covers/65338777a3811.jpg,0,80000,0q1rmx,ACTIVE,دروس,10,False,https://cdn.snapp.express/media/cache/vendor_logo/uploads/images/vendors/logos/653387779c44f.png,True,False,45,,8.8,VendorListItem
109793,جانبو دروس (همواره تخفیف),False,https://cdn.snapp.express/media/cache/vendor_item_cover/uploads/images/vendors/covers/61fa771138918.png,569,100000,31qory,ACTIVE,دروس,21,False,https://cdn.snapp.express/media/cache/vendor_logo/uploads/images/vendors/logos/66a101797d628.jpg,True,False,45,,7.41,VendorListItem
110230,سوپرمارکت هایپر اختیاریه (اختیاریه جنوبی),False,https://cdn.snapp.express/media/cache/vendor_item_cover/uploads/images/vendors/covers/622328f6b1a6c.jpg,2149,80000,p6rxze,ACTIVE,دروس,106,False,https://cdn.snapp.express/media/cache/vendor_logo/uploads/images/vendors/logos/66922f2a0c6bc.jpg,True,False,45,,8.2,VendorListItem
109737,جانبو دولت (همواره تخفیف),False,https://cdn.snapp.express/media/cache/vendor_item_cover/uploads/images/vendors/covers/61f2b33a369c8.png,766,100000,p8oj8m,ACTIVE,اختیاریه,24,False,https://cdn.snapp.express/media/cache/vendor_logo/uploads/images/vendors/logos/64342aba32ce7.png,True,False,45,,7.0,VendorListItem
70378,هایپراستار هدیش (همواره تخفیف),False,https://cdn.snapp.express/media/cache/vendor_item_cover/uploads/images/vendors/covers/606d7a695b8f4.jpg,34446,150000,p62o76,ACTIVE,مبارك آباد - حسين آباد,1429,False,https://cdn.snapp.express/media/cache/vendor_logo/uploads/images/vendors/logos/64342c5ac47df.png,True,False,45,,8.0,VendorListItem
111347,اسمارت پاسداران (سوپرمارکت زنجیره ای اسنپ),False,https://cdn.snapp.express/media/cache/vendor_item_cover/uploads/images/vendors/covers/65231041e8ddd.png,41260,100000,32z7qe,ACTIVE,مبارك آباد - حسين آباد,2507,True,https://cdn.snapp.express/media/cache/vendor_logo/uploads/images/vendors/logos/65231041e3dfb.png,True,False,45,,9.0,VendorListItem
110177,فروشگاه هفت زیتون (همواره تخفیف),False,https://cdn.snapp.express/media/cache/vendor_item_cover/uploads/images/vendors/covers/63f22cf8c808b.png,0,80000,pvl6ev,ACTIVE,المهدی,22,False,https://cdn.snapp.express/media/cache/vendor_logo/uploads/images/vendors/logos/64342a4c8225c.png,True,False,45,,9.0,VendorListItem
109509,جانبو سعادت آباد مطهری (همواره تخفیف),False,https://cdn.snapp.express/media/cache/vendor_item_cover/uploads/images/vendors/covers/61cb04963ec12.png,635,100000,0qlz62,ACTIVE,آسمان,19,False,https://cdn.snapp.express/media/cache/vendor_logo/uploads/images/vendors/logos/66a0fd48d9f72.jpg,True,False,45,,7.19,VendorListItem
112705,سوپرمارکت کیان طاهر خانی (سعادت اباد),False,https://cdn.snapp.express/media/cache/vendor_item_cover/uploads/images/vendors/covers/651a8fbdd56f1.jpg,0,80000,pvqgyx,ACTIVE,آسمان,28,False,https://cdn.snapp.express/media/cache/vendor_logo/uploads/images/vendors/logos/652264da06627.png,True,False,45,,8.2,VendorListItem
113930,سوپرمارکت 110 محسنی (سعادت آباد),False,,0,80000,p6z2mo,ACTIVE,دریا,1,False,https://cdn.snapp.express/media/cache/vendor_logo/uploads/images/vendors/logos/6669a290c106d.jpg,True,False,45,,0.0,VendorListItem
95032,سوپرمارکت ستاره هشتم (جردن),False,https://cdn.snapp.express/media/cache/vendor_item_cover/uploads/images/vendors/covers/616d15c7462fb.jpg,1974,80000,0lg9qz,ACTIVE,امانيه,89,False,https://cdn.snapp.express/media/cache/vendor_logo/uploads/images/vendors/logos/default.png,True,False,45,,8.2,VendorListItem
19903,سوپرمارکت سحر پلاس (زرگنده),False,https://cdn.snapp.express/media/cache/vendor_item_cover/uploads/images/vendors/covers/60a4d3e19707a.jpg,144936,75000,3dq827,ACTIVE,حسن آباد-زرگنده,3460,False,https://cdn.snapp.express/media/cache/vendor_logo/uploads/images/vendors/logos/default.png,True,False,45,,8.6,VendorListItem
113216,تست شایگان,False,,0,45000,3xw2qw,ACTIVE,FIXME,0,False,https://cdn.snapp.express/media/cache/vendor_logo/uploads/images/vendors/logos/default.png,True,False,30,,0.0,VendorListItem
72395,اسمارت میرداماد (سوپرمارکت زنجیره ای اسنپ),False,https://cdn.snapp.express/media/cache/vendor_item_cover/uploads/images/vendors/covers/652508f92502c.png,133646,100000,32xxwe,ACTIVE,میرداماد,6677,True,https://cdn.snapp.express/media/cache/vendor_logo/uploads/images/vendors/logos/6523153b48e9b.png,True,False,45,,8.6,VendorListItem
110523,سوپرمارکت یاران دریان نونهالان(ظفر),False,https://cdn.snapp.express/media/cache/vendor_item_cover/uploads/images/vendors/covers/6270f6c0663e2.jpg,6220,70000,32qlj2,ACTIVE,حسن آباد-زرگنده,364,False,https://cdn.snapp.express/media/cache/vendor_logo/uploads/images/vendors/logos/64342e475771d.png,True,False,45,,8.8,VendorListItem
56448,سوپرمارکت یاران دریان اتحاد (دولت),False,https://cdn.snapp.express/media/cache/vendor_item_cover/uploads/images/vendors/covers/6576c658a2621.jpg,4428,70000,0wze55,ACTIVE,درب دوم,162,False,https://cdn.snapp.express/media/cache/vendor_logo/uploads/images/vendors/logos/6576c6589c501.png,True,False,45,,8.8,VendorListItem
90908,سوپرمارکت شقایق (پاسداران),False,https://cdn.snapp.express/media/cache/vendor_item_cover/uploads/images/vendors/covers/65a38b2b17b2e.jpg,9737,80000,0lgxy9,ACTIVE,دروس,295,False,https://cdn.snapp.express/media/cache/vendor_logo/uploads/images/vendors/logos/65a38b2b07815.png,True,False,45,,8.8,VendorListItem
110210,فروشگاه هفت لویزان (همواره تخفیف),False,https://cdn.snapp.express/media/cache/vendor_item_cover/uploads/images/vendors/covers/63f22c64dc2a2.png,992,90000,pzd49e,ACTIVE,لویزان - شیان,52,False,https://cdn.snapp.express/media/cache/vendor_logo/uploads/images/vendors/logos/64342a4c8225c.png,True,False,45,,8.2,VendorListItem
112829,سوپرمارکت یاران دریان آف مارکت صالحی (جنت اباد),False,https://cdn.snapp.express/media/cache/vendor_item_cover/uploads/images/vendors/covers/653cfc1ea44b7.jpg,0,70000,pvqgd1,ACTIVE,جنت آباد شمالی,8,False,https://cdn.snapp.express/media/cache/vendor_logo/uploads/images/vendors/logos/653cfc1e9f311.png,True,False,45,,8.8,VendorListItem
82762,سوپرمارکت لاکچری نظرلو (شهران),False,https://cdn.snapp.express/media/cache/vendor_item_cover/uploads/images/vendors/covers/61054c950db56.jpg,1473,70000,p47o9y,ACTIVE,شهران شمالی,81,False,https://cdn.snapp.express/media/cache/vendor_logo/uploads/images/vendors/logos/default.png,True,False,45,,8.0,VendorListItem
111619,سوپرمارکت دریا (پونک),False,https://cdn.snapp.express/media/cache/vendor_item_cover/uploads/images/vendors/covers/63426e4ff0503.jpg,325,70000,0jjyx9,ACTIVE,المهدی,57,False,https://cdn.snapp.express/media/cache/vendor_logo/uploads/images/vendors/logos/default.png,True,False,45,,7.4,VendorListItem
106577,سوپرمارکت سلام (بلوار دریا),False,https://cdn.snapp.express/media/cache/vendor_item_cover/uploads/images/vendors/covers/6193b4b4bde49.jpg,5421,80000,pvlv9v,ACTIVE,دریا,223,False,https://cdn.snapp.express/media/cache/vendor_logo/uploads/images/vendors/logos/666dabaea0ca9.jpg,True,False,45,,8.6,VendorListItem
113880,سوپرمارکت دنیز(فرحزادی),False,,0,80000,0ljmon,ACTIVE,آسمان,7,False,https://cdn.snapp.express/media/cache/vendor_logo/uploads/images/vendors/logos/6654864f43966.jpg,True,False,45,,0.0,VendorListItem
112126,سوپرمارکت یاران دریان اولوس (سعادت آباد),False,https://cdn.snapp.express/media/cache/vendor_item_cover/uploads/images/vendors/covers/643e7957d2c64.jpg,0,80000,09e61k,ACTIVE,دریا,27,False,https://cdn.snapp.express/media/cache/vendor_logo/uploads/images/vendors/logos/6576bfccc65ae.png,True,False,45,,8.0,VendorListItem
101717,سوپرمارکت سایه (پارک ملت),False,https://cdn.snapp.express/media/cache/vendor_item_cover/uploads/images/vendors/covers/617fec8769043.jpg,2909,80000,3eze12,ACTIVE,امانيه,155,False,https://cdn.snapp.express/media/cache/vendor_logo/uploads/images/vendors/logos/default.png,True,False,45,,8.0,VendorListItem
110601,سوپرمارکت مگا مارکت دریانی,False,https://cdn.snapp.express/media/cache/vendor_item_cover/uploads/images/vendors/covers/6293537d31be5.jpg,2832,70000,0gkll2,ACTIVE,حسن آباد-زرگنده,169,False,https://cdn.snapp.express/media/cache/vendor_logo/uploads/images/vendors/logos/default.png,True,False,45,,7.8,VendorListItem
112830,سوپرمارکت هدایت گودرزی (شریعتی),False,https://cdn.snapp.express/media/cache/vendor_item_cover/uploads/images/vendors/covers/653cffdcce79b.jpg,0,80000,p6zj9g,ACTIVE,دروس,18,False,https://cdn.snapp.express/media/cache/vendor_logo/uploads/images/vendors/logos/653cffdcc3da4.png,True,False,45,,8.2,VendorListItem
113839,سوپرمارکت دیدمارکت (جردن),False,,0,80000,0njw2v,ACTIVE,امانيه,1,False,https://cdn.snapp.express/media/cache/vendor_logo/uploads/images/vendors/logos/6641e198f28d9.png,True,False,45,,0.0,VendorListItem
113001,فروشگاه آرینا پاسداران (همواره تخفیف),False,,0,90000,0gkgg2,ACTIVE,دروس,6,False,https://cdn.snapp.express/media/cache/vendor_logo/uploads/images/vendors/logos/6644a482382d5.png,True,False,45,,6.6,VendorListItem
113547,فروشگاه سلین (شوینده بهداشتی),False,,0,180000,32zx22,ACTIVE,شهران شمالی,0,False,https://cdn.snapp.express/media/cache/vendor_logo/uploads/images/vendors/logos/65e6f9f70357c.jpg,True,False,45,,0.0,VendorListItem
110010,اسمارت پونک (سوپرمارکت زنجیره ای اسنپ),False,https://cdn.snapp.express/media/cache/vendor_item_cover/uploads/images/vendors/covers/652310922bee8.png,73828,100000,pzdj42,ACTIVE,پونک شمالی,4687,True,https://cdn.snapp.express/media/cache/vendor_logo/uploads/images/vendors/logos/6523109223072.png,True,False,45,,8.6,VendorListItem
84421,جانبو سردارجنگل-زیتون (همواره تخفیف),False,https://cdn.snapp.express/media/cache/vendor_item_cover/uploads/images/vendors/covers/6603df52e7ff7.png,6469,100000,31jmkk,ACTIVE,المهدی,241,False,https://cdn.snapp.express/media/cache/vendor_logo/uploads/images/vendors/logos/6603df52c655f.jpg,True,False,45,,7.4,VendorListItem
44223,سوپرمارکت خاطره (پونک),False,,43307,70000,322r45,ACTIVE,المهدی,1388,False,https://cdn.snapp.express/media/cache/vendor_logo/uploads/images/vendors/logos/default.png,True,False,45,,8.2,VendorListItem
110162,فروشگاه هفت فکوری 2 (همواره تخفیف),False,https://cdn.snapp.express/media/cache/vendor_item_cover/uploads/images/vendors/covers/63f22dcea7fdc.png,1108,80000,p4qojr,ACTIVE,المهدی,52,False,https://cdn.snapp.express/media/cache/vendor_logo/uploads/images/vendors/logos/64342a4c8225c.png,True,False,45,,9.0,VendorListItem
113131,سوپرمارکت زروان (سعادت اباد),False,https://cdn.snapp.express/media/cache/vendor_item_cover/uploads/images/vendors/covers/6582f4bfa5ce1.jpg,0,80000,0mj15v,ACTIVE,درختی,9,False,https://cdn.snapp.express/media/cache/vendor_logo/uploads/images/vendors/logos/6582f4bfa0857.png,True,False,45,,8.2,VendorListItem
55609,سوپرمارکت دریان لند (فرحزادی),False,https://cdn.snapp.express/media/cache/vendor_item_cover/uploads/images/vendors/covers/60a507212d06a.jpg,58318,80000,0q5o9y,ACTIVE,درختی,1582,False,https://cdn.snapp.express/media/cache/vendor_logo/uploads/images/vendors/logos/default.png,True,False,45,,9.0,VendorListItem
114106,سوپرمارکت موج(بلوار دریا),False,,0,80000,p6zgo6,ACTIVE,دریا,0,False,https://cdn.snapp.express/media/cache/vendor_logo/uploads/images/vendors/logos/66a0b4f932b75.png,True,False,45,,0.0,VendorListItem
45359,سوپرمارکت پارک دریانی (بلوار دریا),False,https://cdn.snapp.express/media/cache/vendor_item_cover/uploads/images/vendors/covers/60a4e1fc1a2b4.jpg,52790,85000,0rveg1,ACTIVE,درختی,1376,False,https://cdn.snapp.express/media/cache/vendor_logo/uploads/images/vendors/logos/default.png,True,False,45,,7.6,VendorListItem
65226,سوپرمارکت یاران دریان صبا (جردن),False,https://cdn.snapp.express/media/cache/vendor_item_cover/uploads/images/vendors/covers/5feb3e16c427d.jpg,22436,80000,097o9d,ACTIVE,امانيه,598,False,https://cdn.snapp.express/media/cache/vendor_logo/uploads/images/vendors/logos/64342e475771d.png,True,False,45,,7.2,VendorListItem
113366,مینو مارت زرگنده (همواره تخفیف),False,https://cdn.snapp.express/media/cache/vendor_item_cover/uploads/images/vendors/covers/65cc9375a196b.jpg,0,80000,37r5ln,ACTIVE,حسن آباد-زرگنده,1,False,https://cdn.snapp.express/media/cache/vendor_logo/uploads/images/vendors/logos/65cc937581366.jpg,True,False,45,,8.0,VendorListItem
113576,فروشگاه مانا (شوینده بهداشتی),False,,0,180000,0ygjrg,ACTIVE,مبارك آباد - حسين آباد,1,False,https://cdn.snapp.express/media/cache/vendor_logo/uploads/images/vendors/logos/65e712bf1dec9.jpg,True,False,45,,8.6,VendorListItem
62474,سوپرمارکت یاران دریان آذربایجان خداکرمی (لویزان),False,https://cdn.snapp.express/media/cache/vendor_item_cover/uploads/images/vendors/covers/60a788b5b0e76.jpg,5920,80000,0978g6,ACTIVE,لویزان - شیان,262,False,https://cdn.snapp.express/media/cache/vendor_logo/uploads/images/vendors/logos/64342e475771d.png,True,False,45,,8.4,VendorListItem
111782,سوپرمارکت یاران دریان نگین (شهرک نفت),False,https://cdn.snapp.express/media/cache/vendor_item_cover/uploads/images/vendors/covers/637c7946d7503.jpg,248,70000,pz9enw,ACTIVE,شهران شمالی,89,False,https://cdn.snapp.express/media/cache/vendor_logo/uploads/images/vendors/logos/64342e475771d.png,True,False,45,,8.4,VendorListItem
113879,سوپرمارکت اقاقیا (شاهین شمالی),False,,0,70000,0mjm2r,ACTIVE,شاهین,2,False,https://cdn.snapp.express/media/cache/vendor_logo/uploads/images/vendors/logos/66544c46751de.png,True,False,45,,0.0,VendorListItem
55600,سوپرمارکت کامو (سردار جنگل شمالی),False,https://cdn.snapp.express/media/cache/vendor_item_cover/uploads/images/vendors/covers/60a507070c321.jpg,33221,70000,0wz5gv,ACTIVE,المهدی,1205,False,https://cdn.snapp.express/media/cache/vendor_logo/uploads/images/vendors/logos/default.png,True,False,45,,8.4,VendorListItem
56025,سوپرمارکت یاران دریان ارکیده آذربایجان,False,https://cdn.snapp.express/media/cache/vendor_item_cover/uploads/images/vendors/covers/60a615f3d2c96.jpg,33206,70000,0ggn92,ACTIVE,المهدی,909,False,https://cdn.snapp.express/media/cache/vendor_logo/uploads/images/vendors/logos/default.png,True,False,45,,7.8,VendorListItem
78945,سوپرمارکت یاران دریان باران (سردارجنگل),False,https://cdn.snapp.express/media/cache/vendor_item_cover/uploads/images/vendors/covers/60e2c11817ed3.jpg,4141,70000,314y2w,ACTIVE,المهدی,180,False,https://cdn.snapp.express/media/cache/vendor_logo/uploads/images/vendors/logos/64342e475771d.png,True,False,45,,8.4,VendorListItem
40363,سوپرمارکت یاران دریان مارتیا (شهرک غرب),False,https://cdn.snapp.express/media/cache/vendor_item_cover/uploads/images/vendors/covers/6576c699d0a41.jpg,26336,80000,0ngmn6,ACTIVE,درختی,870,False,https://cdn.snapp.express/media/cache/vendor_logo/uploads/images/vendors/logos/6576c699cb4cf.png,True,False,45,,7.2,VendorListItem
56174,سوپرمارکت شفق,False,https://cdn.snapp.express/media/cache/vendor_item_cover/uploads/images/vendors/covers/60a62d1f3732c.jpg,18640,80000,09748n,ACTIVE,دریا,506,False,https://cdn.snapp.express/media/cache/vendor_logo/uploads/images/vendors/logos/default.png,True,False,45,,8.4,VendorListItem
69559,سوپرمارکت یاران دریان شکیبایی (ملاصدرا),False,https://cdn.snapp.express/media/cache/vendor_item_cover/uploads/images/vendors/covers/60ab4e73702ad.jpg,17421,80000,0rym6o,ACTIVE,ونک,504,False,https://cdn.snapp.express/media/cache/vendor_logo/uploads/images/vendors/logos/64342e475771d.png,True,False,45,,8.6,VendorListItem
73404,سوپرمارکت دارچین (ظفر),False,https://cdn.snapp.express/media/cache/vendor_item_cover/uploads/images/vendors/covers/60ab39dddf5c9.jpg,2399,70000,0yj92d,ACTIVE,حسن آباد-زرگنده,108,False,https://cdn.snapp.express/media/cache/vendor_logo/uploads/images/vendors/logos/default.png,True,False,45,,7.6,VendorListItem
60284,سوپرمارکت دلاور (یخچال),False,https://cdn.snapp.express/media/cache/vendor_item_cover/uploads/images/vendors/covers/60a7633f01953.jpg,11198,70000,pooj4v,ACTIVE,قلهک,371,False,https://cdn.snapp.express/media/cache/vendor_logo/uploads/images/vendors/logos/default.png,True,False,45,,8.8,VendorListItem
110279,سوپرمارکت سیتی مارکت(یخچال),False,https://cdn.snapp.express/media/cache/vendor_item_cover/uploads/images/vendors/covers/62272962417d5.jpg,2482,70000,0myr4r,ACTIVE,قلهک,133,False,https://cdn.snapp.express/media/cache/vendor_logo/uploads/images/vendors/logos/default.png,True,False,45,,8.4,VendorListItem
112513,فروشگاه اسپار پاسداران (همواره تخفیف),False,https://cdn.snapp.express/media/cache/vendor_item_cover/uploads/images/vendors/covers/65c9c3fc88dbe.PNG,0,80000,p8e4e5,ACTIVE,دروس,5,False,https://cdn.snapp.express/media/cache/vendor_logo/uploads/images/vendors/logos/65c9c3fc65fd7.PNG,True,False,45,,6.6,VendorListItem
111335,سوپرمارکت یاران دریان یاس فرهنگیان (ولیعصر),False,https://cdn.snapp.express/media/cache/vendor_item_cover/uploads/images/vendors/covers/62fb756f1b101.jpg,5,80000,0rq5e1,ACTIVE,کاووسیه,0,False,https://cdn.snapp.express/media/cache/vendor_logo/uploads/images/vendors/logos/6671552874faf.jpg,True,False,45,,10.0,VendorListItem
113954,سوپرمارکت یاران دریان هروی (هروی),False,,0,80000,p6z2lo,ACTIVE,مبارك آباد - حسين آباد,3,False,https://cdn.snapp.express/media/cache/vendor_logo/uploads/images/vendors/logos/6676ae18922be.jpg,True,False,45,,0.0,VendorListItem
109690,دیلی مارکت شهران(همواره تخفیف),False,https://cdn.snapp.express/media/cache/vendor_item_cover/uploads/images/vendors/covers/620cdeb153069.jpg,1269,100000,37o2mm,ACTIVE,شهران شمالی,70,False,https://cdn.snapp.express/media/cache/vendor_logo/uploads/images/vendors/logos/65b61d4ce6833.jpg,True,False,45,,9.0,VendorListItem
69312,سوپرمارکت یاران دریان تک (شهران),False,https://cdn.snapp.express/media/cache/vendor_item_cover/uploads/images/vendors/covers/60ab4ea09fc52.jpg,8444,70000,pogqjq,ACTIVE,شهران شمالی,317,False,https://cdn.snapp.express/media/cache/vendor_logo/uploads/images/vendors/logos/64342e475771d.png,True,False,45,,8.4,VendorListItem
83807,جانبو کوهسار (همواره تخفیف),False,https://cdn.snapp.express/media/cache/vendor_item_cover/uploads/images/vendors/covers/63ba642887797.png,4493,80000,0m9eqr,ACTIVE,شهران شمالی,175,False,https://cdn.snapp.express/media/cache/vendor_logo/uploads/images/vendors/logos/64342aba32ce7.png,True,False,45,,9.0,VendorListItem
110159,فروشگاه هفت جنت آباد (همواره تخفیف),False,https://cdn.snapp.express/media/cache/vendor_item_cover/uploads/images/vendors/covers/63f22de51d7f9.png,2728,80000,0ro1y1,ACTIVE,جنت آباد شمالی,196,False,https://cdn.snapp.express/media/cache/vendor_logo/uploads/images/vendors/logos/64342a4c8225c.png,True,False,45,,8.0,VendorListItem
113295,سوپرمارکت سبلان (پونک),False,https://cdn.snapp.express/media/cache/vendor_item_cover/uploads/images/vendors/covers/65ab80b58687c.jpg,0,70000,32zrw5,ACTIVE,پونک شمالی,10,False,https://cdn.snapp.express/media/cache/vendor_logo/uploads/images/vendors/logos/65ab80b57f3ad.png,True,False,45,,8.2,VendorListItem
113445,فروشگاه هفت دادمان (همواره تخفیف),False,https://cdn.snapp.express/media/cache/vendor_item_cover/uploads/images/vendors/covers/65d0afda56f60.png,0,90000,31zxo7,ACTIVE,درختی,3,False,https://cdn.snapp.express/media/cache/vendor_logo/uploads/images/vendors/logos/65d0afda4b64e.png,True,False,45,,8.8,VendorListItem
109746,اسمارت ملاصدرا (سوپرمارکت زنجیره ای اسنپ),False,https://cdn.snapp.express/media/cache/vendor_item_cover/uploads/images/vendors/covers/652310e540393.png,64586,100000,p5qx8e,ACTIVE,آرارات,3529,True,https://cdn.snapp.express/media/cache/vendor_logo/uploads/images/vendors/logos/652310e538cdb.png,True,False,45,,8.8,VendorListItem
112676,سوپرمارکت ظفر (ارش),False,https://cdn.snapp.express/media/cache/vendor_item_cover/uploads/images/vendors/covers/6513f7641e895.jpg,0,80000,0ygv5n,ACTIVE,حسن آباد-زرگنده,11,False,https://cdn.snapp.express/media/cache/vendor_logo/uploads/images/vendors/logos/6513f76416419.png,True,False,45,,8.8,VendorListItem
110915,دیلی مارکت دروس (همواره تخفیف),False,https://cdn.snapp.express/media/cache/vendor_item_cover/uploads/images/vendors/covers/62cd67b9a58d2.jpg,373,90000,0njl1z,ACTIVE,دروس,27,False,https://cdn.snapp.express/media/cache/vendor_logo/uploads/images/vendors/logos/65b61d3128d6a.jpg,True,False,45,,7.86,VendorListItem
44700,سوپرمارکت احتشامیه (پاسداران),False,https://cdn.snapp.express/media/cache/vendor_item_cover/uploads/images/vendors/covers/60a4e1b5a9e08.jpg,51086,80000,0w917g,ACTIVE,دروس,1234,False,https://cdn.snapp.express/media/cache/vendor_logo/uploads/images/vendors/logos/default.png,True,False,45,,8.2,VendorListItem
110339,سوپرمارکت آیلار (هروی),False,https://cdn.snapp.express/media/cache/vendor_item_cover/uploads/images/vendors/covers/6231f41a9efb1.jpg,932,80000,0nv81z,ACTIVE,مبارك آباد - حسين آباد,72,False,https://cdn.snapp.express/media/cache/vendor_logo/uploads/images/vendors/logos/default.png,True,False,45,,7.6,VendorListItem
97934,سوپرمارکت پاسداران (شهرک شهید باقری),False,https://cdn.snapp.express/media/cache/vendor_item_cover/uploads/images/vendors/covers/616d5b039f14f.jpg,4174,70000,pzde6w,ACTIVE,شهید باقری,214,False,https://cdn.snapp.express/media/cache/vendor_logo/uploads/images/vendors/logos/default.png,True,False,45,,8.2,VendorListItem
69621,هایپراستار دهکده المپیک(همواره تخفیف),False,https://cdn.snapp.express/media/cache/vendor_item_cover/uploads/images/vendors/covers/606996b3363fe.jpg,14209,150000,314vd7,ACTIVE,زیبا دشت,645,False,https://cdn.snapp.express/media/cache/vendor_logo/uploads/images/vendors/logos/64342c5ac47df.png,True,False,45,,8.4,VendorListItem
113869,سوپرمارکت یاران (شهران),False,,0,70000,31z4nk,ACTIVE,شهران جنوبی,5,False,https://cdn.snapp.express/media/cache/vendor_logo/uploads/images/vendors/logos/664ca87979366.png,True,False,45,,0.0,VendorListItem
113416,فروشگاه هفت ایران پارس(همواره تخفیف),False,https://cdn.snapp.express/media/cache/vendor_item_cover/uploads/images/vendors/covers/65cb5242f3792.png,0,80000,3xw2v6,ACTIVE,جنت آباد مركزی,6,False,https://cdn.snapp.express/media/cache/vendor_logo/uploads/images/vendors/logos/65cb5242d7bba.png,True,False,45,,8.2,VendorListItem
113931,سوپرمارکت آداک (جنت آباد),False,,0,70000,0mjmvz,ACTIVE,جنت آباد جنوبی,4,False,https://cdn.snapp.express/media/cache/vendor_logo/uploads/images/vendors/logos/666da5369d73e.jpg,True,False,45,,0.0,VendorListItem
104262,سوپرمارکت مگامارت (شاهین شمالی),False,https://cdn.snapp.express/media/cache/vendor_item_cover/uploads/images/vendors/covers/644e4b6188841.png,12638,75000,p4qklj,ACTIVE,جنت آباد مركزی,800,False,https://cdn.snapp.express/media/cache/vendor_logo/uploads/images/vendors/logos/64bbd069e90f9.png,True,False,45,,7.6,VendorListItem
111635,سوپرمارکت بهار (شاهین شمالی),False,https://cdn.snapp.express/media/cache/vendor_item_cover/uploads/images/vendors/covers/6343faf5e446c.jpg,372,70000,0rq5z8,ACTIVE,شاهین,52,False,https://cdn.snapp.express/media/cache/vendor_logo/uploads/images/vendors/logos/default.png,True,False,45,,8.0,VendorListItem
110084,سوپرمارکت یاران دریان شقایق (سردارجنگل),False,https://cdn.snapp.express/media/cache/vendor_item_cover/uploads/images/vendors/covers/6214a1de066ad.jpg,2928,70000,po6nzv,ACTIVE,پونک شمالی,102,False,https://cdn.snapp.express/media/cache/vendor_logo/uploads/images/vendors/logos/64342e475771d.png,True,False,45,,7.8,VendorListItem
72602,سوپرمارکت یاران دریان پردیس (ونک),False,https://cdn.snapp.express/media/cache/vendor_item_cover/uploads/images/vendors/covers/60ab43b114ba7.jpg,3992,80000,099y46,ACTIVE,کاووسیه,180,False,https://cdn.snapp.express/media/cache/vendor_logo/uploads/images/vendors/logos/64342e475771d.png,True,False,45,,7.6,VendorListItem
71676,سوپرمارکت قصر (ظفر),False,https://cdn.snapp.express/media/cache/vendor_item_cover/uploads/images/vendors/covers/60ab458540847.jpg,7027,70000,0yjr2d,ACTIVE,میرداماد,291,False,https://cdn.snapp.express/media/cache/vendor_logo/uploads/images/vendors/logos/default.png,True,False,45,,8.6,VendorListItem
113707,فروشگاه ترو تمیز (شوینده بهداشتی),False,,0,180000,0mjm5v,ACTIVE,میرداماد,1,False,https://cdn.snapp.express/media/cache/vendor_logo/uploads/images/vendors/logos/6614efb0018a4.jpg,True,False,45,,0.0,VendorListItem
19378,سوپرمارکت دی لند مارکت (میرداماد),False,,116753,80000,p6dv16,ACTIVE,میرداماد,3619,False,https://cdn.snapp.express/media/cache/vendor_logo/uploads/images/vendors/logos/64bbc52b05f69.png,True,False,45,,9.4,VendorListItem
55355,سوپرمارکت شاهین (شهرک امید),False,https://cdn.snapp.express/media/cache/vendor_item_cover/uploads/images/vendors/covers/60a4fa58ad54f.jpg,20018,70000,0m1lwq,ACTIVE,قنات كوثر,673,False,https://cdn.snapp.express/media/cache/vendor_logo/uploads/images/vendors/logos/default.png,True,False,45,,8.8,VendorListItem
110166,سوپرمارکت پروویتا(شهرک امید),False,https://cdn.snapp.express/media/cache/vendor_item_cover/uploads/images/vendors/covers/621b80a64e84b.jpg,603,70000,37o799,ACTIVE,قنات كوثر,44,False,https://cdn.snapp.express/media/cache/vendor_logo/uploads/images/vendors/logos/default.png,True,False,45,,8.0,VendorListItem
110287,سوپرمارکت بیگی (پونک),False,https://cdn.snapp.express/media/cache/vendor_item_cover/uploads/images/vendors/covers/622864c8e96b5.jpg,949,70000,0nv8zv,ACTIVE,پونک شمالی,66,False,https://cdn.snapp.express/media/cache/vendor_logo/uploads/images/vendors/logos/default.png,True,False,45,,9.2,VendorListItem
111063,سوپرمارکت 110 (سردار جنگل),False,https://cdn.snapp.express/media/cache/vendor_item_cover/uploads/images/vendors/covers/62d66b91ac4d0.jpg,4164,70000,0njl62,ACTIVE,پونک جنوبی,221,False,https://cdn.snapp.express/media/cache/vendor_logo/uploads/images/vendors/logos/default.png,True,False,45,,8.4,VendorListItem
113492,هایپراستار همیلا (همواره تخفیف),False,https://cdn.snapp.express/media/cache/vendor_item_cover/uploads/images/vendors/covers/65d44e3ac9fb0.jpg,0,100000,3kj7ng,ACTIVE,پونک,17,False,https://cdn.snapp.express/media/cache/vendor_logo/uploads/images/vendors/logos/65d44e3ab4fba.png,True,False,45,,8.0,VendorListItem
75347,سوپرمارکت پلاس مارکت (پاسداران),False,,8178,80000,32x9de,ACTIVE,پاسداران و ضرابخانه,278,False,https://cdn.snapp.express/media/cache/vendor_logo/uploads/images/vendors/logos/default.png,True,False,45,,8.6,VendorListItem
62539,سوپرمارکت یاران دریان ساحل (شهرک کاج),False,https://cdn.snapp.express/media/cache/vendor_item_cover/uploads/images/vendors/covers/60a78e0249743.jpg,5833,70000,0nqk16,ACTIVE,مجید آباد,335,False,https://cdn.snapp.express/media/cache/vendor_logo/uploads/images/vendors/logos/64342e475771d.png,True,False,45,,8.4,VendorListItem
114061,جانبو شهرک امید(همواره تخفیف),False,https://cdn.snapp.express/media/cache/vendor_item_cover/uploads/images/vendors/covers/669f6caee52aa.png,0,80000,p8edx2,ACTIVE,قاسم آباد - ده نارمک,1,False,https://cdn.snapp.express/media/cache/vendor_logo/uploads/images/vendors/logos/669f6caee1e1f.jpg,True,False,45,,0.0,VendorListItem
110579,سوپرمارکت گلستان (زیبادشت),False,https://cdn.snapp.express/media/cache/vendor_item_cover/uploads/images/vendors/covers/628883b20745d.jpg,1082,70000,0myrrq,ACTIVE,زیبا دشت,116,False,https://cdn.snapp.express/media/cache/vendor_logo/uploads/images/vendors/logos/default.png,True,False,45,,8.8,VendorListItem
52314,سوپرمارکت تک (جنت آباد مرکزی),False,https://cdn.snapp.express/media/cache/vendor_item_cover/uploads/images/vendors/covers/60a4f83e4e83e.jpg,38518,70000,p4gxvx,ACTIVE,جنت آباد مركزی,1353,False,https://cdn.snapp.express/media/cache/vendor_logo/uploads/images/vendors/logos/default.png,True,False,45,,8.0,VendorListItem
113447,فروشگاه کالازاد 1 (شوینده بهداشتی),False,,0,180000,32zr8l,ACTIVE,شاهین,0,False,https://cdn.snapp.express/media/cache/vendor_logo/uploads/images/vendors/logos/65e6fa605afe1.jpg,True,False,45,,0.0,VendorListItem
113595,فروشگاه خورشید (شوینده بهداشتی),False,,0,180000,32zxx2,ACTIVE,شهران جنوبی,0,False,https://cdn.snapp.express/media/cache/vendor_logo/uploads/images/vendors/logos/65ec36eb1c28e.jpg,True,False,45,,9.6,VendorListItem
62511,سوپرمارکت یاران دریان شاهین بال (جنت آباد),False,https://cdn.snapp.express/media/cache/vendor_item_cover/uploads/images/vendors/covers/5fa951bc51a7b.jpg,19956,70000,0rx229,ACTIVE,شاهین,672,False,https://cdn.snapp.express/media/cache/vendor_logo/uploads/images/vendors/logos/64342e475771d.png,True,False,45,,7.2,VendorListItem
56465,سوپرمارکت ایران (میرداماد),False,https://cdn.snapp.express/media/cache/vendor_item_cover/uploads/images/vendors/covers/60a6277318d15.jpg,10046,70000,3eq6lv,ACTIVE,میرداماد,336,False,https://cdn.snapp.express/media/cache/vendor_logo/uploads/images/vendors/logos/default.png,True,False,45,,8.6,VendorListItem
114176,فروشگاه هفت عراقی (همواره تخفیف),False,https://cdn.snapp.express/media/cache/vendor_item_cover/uploads/images/vendors/covers/66b0d3a5679f5.jpeg,0,90000,0ygxjg,ACTIVE,پاسداران و ضرابخانه,0,False,https://cdn.snapp.express/media/cache/vendor_logo/uploads/images/vendors/logos/66b0d3a563974.jfif,True,False,30,,0.0,VendorListItem
70557,سوپرمارکت یاران دریان باستان (ونک),False,https://cdn.snapp.express/media/cache/vendor_item_cover/uploads/images/vendors/covers/60ab49c1d69fd.jpg,2143,80000,0qd682,ACTIVE,کاووسیه,96,False,https://cdn.snapp.express/media/cache/vendor_logo/uploads/images/vendors/logos/64342e475771d.png,True,False,45,,8.4,VendorListItem
113468,مینو مارت استقلال (همواره تخفیف),False,https://cdn.snapp.express/media/cache/vendor_item_cover/uploads/images/vendors/covers/65d204ec4f971.jpg,0,80000,3kjomg,ACTIVE,قاسم آباد - ده نارمک,0,False,https://cdn.snapp.express/media/cache/vendor_logo/uploads/images/vendors/logos/65d204ec309f7.jpg,True,False,45,,8.2,VendorListItem
113938,گندم قنات کوثر 2(همواره تخفیف),False,https://cdn.snapp.express/media/cache/vendor_item_cover/uploads/images/vendors/covers/6672920ad2086.png,0,80000,p4z7vy,ACTIVE,قاسم آباد - ده نارمک,0,False,https://cdn.snapp.express/media/cache/vendor_logo/uploads/images/vendors/logos/6672920acc9d7.png,True,False,45,,0.0,VendorListItem
113570,سوپرمارکت وست مارکت (اردستانی),False,https://cdn.snapp.express/media/cache/vendor_item_cover/uploads/images/vendors/covers/65e6f1a94ea08.jpg,0,70000,p5z5rj,ACTIVE,شریف,6,False,https://cdn.snapp.express/media/cache/vendor_logo/uploads/images/vendors/logos/65e6f1a921e5f.png,True,False,45,,7.8,VendorListItem
110393,جانبو گلستان قایم (همواره تخفیف),False,https://cdn.snapp.express/media/cache/vendor_item_cover/uploads/images/vendors/covers/625c1658d5cac.png,147,100000,31q65y,ACTIVE,گلستان ,6,False,https://cdn.snapp.express/media/cache/vendor_logo/uploads/images/vendors/logos/66796bbfabff9.jpg,True,False,45,,7.76,VendorListItem
113572,سوپرمارکت رجال (شهرک راه آهن),False,,0,70000,0wq1zz,ACTIVE,گلستان شرقی,1,False,https://cdn.snapp.express/media/cache/vendor_logo/uploads/images/vendors/logos/65e707d89de93.png,True,False,45,,8.8,VendorListItem
109796,جانبو ساحل (همواره تخفیف),False,https://cdn.snapp.express/media/cache/vendor_item_cover/uploads/images/vendors/covers/61fa7ed9aa04c.png,989,80000,0wwx78,ACTIVE,گلستان ,39,False,https://cdn.snapp.express/media/cache/vendor_logo/uploads/images/vendors/logos/64342aba32ce7.png,True,False,45,,8.6,VendorListItem
65224,سوپرمارکت یاران دریان ایران (شهران),False,https://cdn.snapp.express/media/cache/vendor_item_cover/uploads/images/vendors/covers/60b0e23da6165.jpg,13816,70000,0wz61v,ACTIVE,شهران جنوبی,513,False,https://cdn.snapp.express/media/cache/vendor_logo/uploads/images/vendors/logos/64342e475771d.png,True,False,45,,8.2,VendorListItem
55358,سوپرمارکت موسی الرضا (شاهین شمالی),False,https://cdn.snapp.express/media/cache/vendor_item_cover/uploads/images/vendors/covers/60a4faa092112.jpg,10632,70000,pz86ew,ACTIVE,شاهین,422,False,https://cdn.snapp.express/media/cache/vendor_logo/uploads/images/vendors/logos/default.png,True,False,45,,8.2,VendorListItem
56722,سوپرمارکت پرستیژ (شهرک غرب),False,https://cdn.snapp.express/media/cache/vendor_item_cover/uploads/images/vendors/covers/60a770d1e8a17.jpg,2028,80000,p5rj7v,ACTIVE,شهرک غرب,102,False,https://cdn.snapp.express/media/cache/vendor_logo/uploads/images/vendors/logos/default.png,True,False,45,,7.4,VendorListItem
48784,سوپرمارکت بردیا (ایران زمین),False,https://cdn.snapp.express/media/cache/vendor_item_cover/uploads/images/vendors/covers/60a4f84cc4b85.jpg,28371,85000,pork88,ACTIVE,شهرک غرب,788,False,https://cdn.snapp.express/media/cache/vendor_logo/uploads/images/vendors/logos/default.png,True,False,45,,7.6,VendorListItem
113823,سوپرمارکت هایپر هشت (میرداماد),False,,0,70000,32zxo5,ACTIVE,میرداماد,4,False,https://cdn.snapp.express/media/cache/vendor_logo/uploads/images/vendors/logos/663f623eef6de.png,True,False,45,,0.0,VendorListItem
53166,سوپرمارکت اتحادیه دریانی (میرداماد),False,https://cdn.snapp.express/media/cache/vendor_item_cover/uploads/images/vendors/covers/60a4f9f349979.jpg,5880,70000,37yqo9,ACTIVE,میرداماد,202,False,https://cdn.snapp.express/media/cache/vendor_logo/uploads/images/vendors/logos/default.png,True,False,45,,8.0,VendorListItem
114041,سوپرمارکت مصطفی (میرداماد),False,,0,70000,3ee27v,ACTIVE,میرداماد,0,False,https://cdn.snapp.express/media/cache/vendor_logo/uploads/images/vendors/logos/669ca0af8da6e.jpg,True,False,45,,0.0,VendorListItem
55692,سوپرمارکت گلریز (میرداماد),False,https://cdn.snapp.express/media/cache/vendor_item_cover/uploads/images/vendors/covers/60a50d90eec8d.jpg,25166,70000,3konqk,ACTIVE,میرداماد,682,False,https://cdn.snapp.express/media/cache/vendor_logo/uploads/images/vendors/logos/default.png,True,False,45,,8.4,VendorListItem
113667,فروشگاه هفت میدان ملت (همواره تخفیف ),False,https://cdn.snapp.express/media/cache/vendor_item_cover/uploads/images/vendors/covers/65f7f904d716f.jpeg,0,85000,0jjmjr,ACTIVE,شمس آباد - مجيديه,7,False,https://cdn.snapp.express/media/cache/vendor_logo/uploads/images/vendors/logos/65f7f904adef3.jfif,True,False,45,,8.0,VendorListItem
86469,وال مارکت باقری(همواره تخفیف),False,https://cdn.snapp.express/media/cache/vendor_item_cover/uploads/images/vendors/covers/6321c5ee08440.jpg,3057,100000,31jjm7,ACTIVE,تهران پارس غربی,227,False,https://cdn.snapp.express/media/cache/vendor_logo/uploads/images/vendors/logos/64342de96b47f.png,True,False,45,,7.8,VendorListItem
81444,جانبو شهرک راه آهن (همواره تخفیف),False,https://cdn.snapp.express/media/cache/vendor_item_cover/uploads/images/vendors/covers/60f7c49abc1b1.png,3411,80000,3k785k,ACTIVE,گلستان شرقی,174,False,https://cdn.snapp.express/media/cache/vendor_logo/uploads/images/vendors/logos/64342aba32ce7.png,True,False,45,,8.8,VendorListItem
114039,سوپرمارکت وان مارت (شهرزیبا),False,,0,70000,0njw82,ACTIVE,انديشه,5,False,https://cdn.snapp.express/media/cache/vendor_logo/uploads/images/vendors/logos/669c92c8ee14a.jpg,True,False,45,,0.0,VendorListItem
110530,گندم بعثت(همواره تخفیف),False,https://cdn.snapp.express/media/cache/vendor_item_cover/uploads/images/vendors/covers/62765c1c6998a.jpg,967,80000,p6rx96,ACTIVE,جنت آباد مركزی,64,False,https://cdn.snapp.express/media/cache/vendor_logo/uploads/images/vendors/logos/64342b3a8d27d.png,True,False,45,,8.6,VendorListItem
111046,سوپرمارکت شیث (شهرک غرب),False,https://cdn.snapp.express/media/cache/vendor_item_cover/uploads/images/vendors/covers/62cea54329736.jpg,188,80000,p5z2ex,ACTIVE,ايوانک,25,False,https://cdn.snapp.express/media/cache/vendor_logo/uploads/images/vendors/logos/default.png,True,False,45,,7.0,VendorListItem
56378,سوپرمارکت سنتی ایران زمین (میدان صنعت),False,https://cdn.snapp.express/media/cache/vendor_item_cover/uploads/images/vendors/covers/60a61a0b29ef5.jpg,5089,80000,p67d9o,ACTIVE,شهرک غرب,189,False,https://cdn.snapp.express/media/cache/vendor_logo/uploads/images/vendors/logos/default.png,True,False,45,,8.4,VendorListItem
97949,سوپرمارکت یاران دریان برادران ذوقی (شهرک غرب),False,https://cdn.snapp.express/media/cache/vendor_item_cover/uploads/images/vendors/covers/616d62891075f.jpg,1114,80000,0gzonr,ACTIVE,شهرک غرب,70,False,https://cdn.snapp.express/media/cache/vendor_logo/uploads/images/vendors/logos/64342e475771d.png,True,False,45,,7.6,VendorListItem
35232,سوپرمارکت گاندی (ونک),False,https://cdn.snapp.express/media/cache/vendor_item_cover/uploads/images/vendors/covers/60a4fe96ca24e.jpg,87992,80000,0l6xen,ACTIVE,کاووسیه,2372,False,https://cdn.snapp.express/media/cache/vendor_logo/uploads/images/vendors/logos/default.png,True,False,45,,8.2,VendorListItem
72584,سوپرمارکت میرداماد (میدان مادر),False,https://cdn.snapp.express/media/cache/vendor_item_cover/uploads/images/vendors/covers/60ab43570e192.jpg,2394,70000,pogyqj,ACTIVE,میرداماد,107,False,https://cdn.snapp.express/media/cache/vendor_logo/uploads/images/vendors/logos/default.png,True,False,45,,8.4,VendorListItem
114066,جانبومجیدیه ادیب(همواره تخفیف),False,https://cdn.snapp.express/media/cache/vendor_item_cover/uploads/images/vendors/covers/66aa03ad1557a.png,0,80000,37r94g,ACTIVE,كاظم آباد,1,False,https://cdn.snapp.express/media/cache/vendor_logo/uploads/images/vendors/logos/66aa03ad11d96.jpg,True,False,45,,0.0,VendorListItem
110584,سوپرمارکت بهرام (اردیبهشت),False,https://cdn.snapp.express/media/cache/vendor_item_cover/uploads/images/vendors/covers/6288c5c76c980.jpg,2499,70000,po6nn8,ACTIVE,اوقاف,351,False,https://cdn.snapp.express/media/cache/vendor_logo/uploads/images/vendors/logos/default.png,True,False,45,,9.0,VendorListItem
81195,سوپرمارکت سورنا 32 (استخر),False,https://cdn.snapp.express/media/cache/vendor_item_cover/uploads/images/vendors/covers/60f581255945b.jpg,3612,70000,32xyl2,ACTIVE,كوهسار,192,False,https://cdn.snapp.express/media/cache/vendor_logo/uploads/images/vendors/logos/default.png,True,False,45,,8.2,VendorListItem
75999,سوپرمارکت سورنا (وردآورد),False,https://cdn.snapp.express/media/cache/vendor_item_cover/uploads/images/vendors/covers/60c7553464d4d.jpg,2330,70000,3drwjd,ACTIVE,وردآورد,120,False,https://cdn.snapp.express/media/cache/vendor_logo/uploads/images/vendors/logos/default.png,True,False,45,,7.8,VendorListItem
111777,سوپرمارکت های لند (شهرک گلستان),False,https://cdn.snapp.express/media/cache/vendor_item_cover/uploads/images/vendors/covers/637b2934065e2.jpg,320,70000,pvqrx5,ACTIVE,گلستان ,73,False,https://cdn.snapp.express/media/cache/vendor_logo/uploads/images/vendors/logos/637b2933f341f.jpg,True,False,45,,7.4,VendorListItem
62595,سوپرمارکت یاران دریان رشیدی (بلوار کاج),False,https://cdn.snapp.express/media/cache/vendor_item_cover/uploads/images/vendors/covers/60a78f9e51d5a.jpg,6521,70000,32rnw2,ACTIVE,گلستان شرقی,263,False,https://cdn.snapp.express/media/cache/vendor_logo/uploads/images/vendors/logos/64342e475771d.png,True,False,45,,6.6,VendorListItem
113889,فروشگاه هفت چهار باغ (همواره تخفیف),False,https://cdn.snapp.express/media/cache/vendor_item_cover/uploads/images/vendors/covers/667d2ee5c00a1.jpeg,0,80000,3ee2vo,ACTIVE,جنت آباد جنوبی,1,False,https://cdn.snapp.express/media/cache/vendor_logo/uploads/images/vendors/logos/667d2ee5bac12.jfif,True,False,45,,0.0,VendorListItem
83879,سوپرمارکت یاران دریان آلما (سردارجنگل),False,https://cdn.snapp.express/media/cache/vendor_item_cover/uploads/images/vendors/covers/610e9e1739c84.jpg,8065,70000,0m9e7r,ACTIVE,پونک جنوبی,311,False,https://cdn.snapp.express/media/cache/vendor_logo/uploads/images/vendors/logos/64342e475771d.png,True,False,45,,8.6,VendorListItem
109564,فروشگاه هفت پونک (همواره تخفیف),False,https://cdn.snapp.express/media/cache/vendor_item_cover/uploads/images/vendors/covers/63f22f2c279ed.png,2957,80000,3xger2,ACTIVE,پونک جنوبی,160,False,https://cdn.snapp.express/media/cache/vendor_logo/uploads/images/vendors/logos/64342a4c8225c.png,True,False,45,,7.6,VendorListItem
56334,سوپرمارکت یاران دریان پارسا (سید خندان),False,https://cdn.snapp.express/media/cache/vendor_item_cover/uploads/images/vendors/covers/5e9bf4c53fba9.jpg,20812,70000,pz8n71,ACTIVE,سید خندان,533,False,https://cdn.snapp.express/media/cache/vendor_logo/uploads/images/vendors/logos/default.png,True,False,45,,7.6,VendorListItem
56171,سوپرمارکت 1374 (جلفا),False,https://cdn.snapp.express/media/cache/vendor_item_cover/uploads/images/vendors/covers/60a62cfa60b42.jpg,10597,70000,32r7ne,ACTIVE,سید خندان,413,False,https://cdn.snapp.express/media/cache/vendor_logo/uploads/images/vendors/logos/default.png,True,False,45,,7.4,VendorListItem
110922,دیلی مارکت استاد حسن بنا(همواره تخفیف),False,https://cdn.snapp.express/media/cache/vendor_item_cover/uploads/images/vendors/covers/6317063839b9d.jpg,358,100000,p5z2ke,ACTIVE,كاظم آباد,23,False,https://cdn.snapp.express/media/cache/vendor_logo/uploads/images/vendors/logos/65b62324e6cd1.jpg,True,False,45,,8.03,VendorListItem
113617,فروشگاه شاپرک (شوینده بهداشتی),False,,0,180000,3ee2w5,ACTIVE,شمیران نو,0,False,https://cdn.snapp.express/media/cache/vendor_logo/uploads/images/vendors/logos/65eff515343da.jpg,True,False,45,,0.0,VendorListItem
110196,فروشگاه هفت تکاوران(همواره تخفیف),False,https://cdn.snapp.express/media/cache/vendor_item_cover/uploads/images/vendors/covers/63f22d180a5b3.png,873,80000,0wwlwg,ACTIVE,اوقاف,55,False,https://cdn.snapp.express/media/cache/vendor_logo/uploads/images/vendors/logos/65d88499cf1fa.png,True,False,45,,8.4,VendorListItem
109728,جانبو تکاوران (همواره تخفیف),False,https://cdn.snapp.express/media/cache/vendor_item_cover/uploads/images/vendors/covers/61f27c3c9f01f.png,763,100000,0y97dy,ACTIVE,اوقاف,27,False,https://cdn.snapp.express/media/cache/vendor_logo/uploads/images/vendors/logos/66431435756ee.jpg,True,False,45,,8.08,VendorListItem
82764,سوپرمارکت ون مارت (تهرانپارس),False,https://cdn.snapp.express/media/cache/vendor_item_cover/uploads/images/vendors/covers/6527013561d31.png,21543,70000,3xrz69,ACTIVE,تهران پارس غربی,1015,False,https://cdn.snapp.express/media/cache/vendor_logo/uploads/images/vendors/logos/652701355cf29.jpg,True,False,45,,8.6,VendorListItem
85875,اسمارت تهرانپارس (سوپرمارکت زنجیره ای اسنپ),False,https://cdn.snapp.express/media/cache/vendor_item_cover/uploads/images/vendors/covers/65231498a3292.png,102980,100000,3dvr5g,ACTIVE,تهران پارس غربی,5899,True,https://cdn.snapp.express/media/cache/vendor_logo/uploads/images/vendors/logos/652314989d8ed.png,True,False,45,,8.4,VendorListItem
113025,سوپرمارکت هایپر عرب (فرجام),False,https://cdn.snapp.express/media/cache/vendor_item_cover/uploads/images/vendors/covers/65634bb9af926.jpg,0,70000,0gkgr2,ACTIVE,اوقاف,5,False,https://cdn.snapp.express/media/cache/vendor_logo/uploads/images/vendors/logos/65634bb9a8288.png,True,False,45,,0.0,VendorListItem
110169,سوپرمارکت یاران دریان پاریز (چیتگر),False,https://cdn.snapp.express/media/cache/vendor_item_cover/uploads/images/vendors/covers/621b8c7cd373e.jpg,1875,70000,31q6jw,ACTIVE,دریاچه شهدای خلیج فارس,68,False,https://cdn.snapp.express/media/cache/vendor_logo/uploads/images/vendors/logos/64342e475771d.png,True,False,45,,8.6,VendorListItem
113571,سوپرمارکت یاران دریان خلیج فارس (دریاچه),False,,0,70000,32zxr2,ACTIVE,دریاچه شهدای خلیج فارس,3,False,https://cdn.snapp.express/media/cache/vendor_logo/uploads/images/vendors/logos/65e70563af986.png,True,False,45,,7.0,VendorListItem
113331,سوپرمارکت اقاقیا (چیتگر),False,https://cdn.snapp.express/media/cache/vendor_item_cover/uploads/images/vendors/covers/65b603f97a556.jpg,0,70000,0mj1gz,ACTIVE,گلستان ,4,False,https://cdn.snapp.express/media/cache/vendor_logo/uploads/images/vendors/logos/65b603f95cde1.png,True,False,45,,8.8,VendorListItem
113613,فروشگاه پاک بانو(شوینده بهداشتی),False,,0,180000,p8eggy,ACTIVE,هوانیروز,0,False,https://cdn.snapp.express/media/cache/vendor_logo/uploads/images/vendors/logos/65edc3321f41d.jpg,True,False,45,,0.0,VendorListItem
56244,سوپرمارکت سنتر استار (شهرک راه آهن),False,https://cdn.snapp.express/media/cache/vendor_item_cover/uploads/images/vendors/covers/60a63e473ba01.jpg,15950,70000,3kolzk,ACTIVE,هوانیروز,512,False,https://cdn.snapp.express/media/cache/vendor_logo/uploads/images/vendors/logos/default.png,True,False,45,,9.2,VendorListItem
113575,فروشگاه ابریشم (شوینده بهداشتی),False,,0,180000,3derm7,ACTIVE,هوانیروز,2,False,https://cdn.snapp.express/media/cache/vendor_logo/uploads/images/vendors/logos/65e70ffc5d1c3.jpg,True,False,45,,9.4,VendorListItem
80175,اسمارت جنت آباد (سوپرمارکت زنجیره ای اسنپ),False,https://cdn.snapp.express/media/cache/vendor_item_cover/uploads/images/vendors/covers/652314ed88a8f.png,135556,100000,3drnmd,ACTIVE,سازمان برنامه شمالی‎ - شاهین,8932,True,https://cdn.snapp.express/media/cache/vendor_logo/uploads/images/vendors/logos/652314ed83ef9.png,True,False,45,,8.2,VendorListItem
113683,فروشگاه همت (شوینده بهداشتی),False,,0,180000,0rqyqz,ACTIVE,شهرک هما,0,False,https://cdn.snapp.express/media/cache/vendor_logo/uploads/images/vendors/logos/660bcbb4c92b8.jpg,True,False,45,,0.0,VendorListItem
109829,اسمارت شریعتی (سوپرمارکت زنجیره ای اسنپ),False,https://cdn.snapp.express/media/cache/vendor_item_cover/uploads/images/vendors/covers/652310bb32c63.png,100722,100000,pvlny1,ACTIVE,نيلوفر-شهيد قندی,6112,True,https://cdn.snapp.express/media/cache/vendor_logo/uploads/images/vendors/logos/652310bb2a80d.png,True,False,45,,9.0,VendorListItem
64885,هایپراستار تهرانپارس(همواره تخفیف),False,https://cdn.snapp.express/media/cache/vendor_item_cover/uploads/images/vendors/covers/60ab769756342.jpg,85079,85000,p87612,ACTIVE,تهران پارس غربی,3543,False,https://cdn.snapp.express/media/cache/vendor_logo/uploads/images/vendors/logos/64342c5ac47df.png,True,False,45,,8.4,VendorListItem
71370,سوپرمارکت قایم (رسالت),False,https://cdn.snapp.express/media/cache/vendor_item_cover/uploads/images/vendors/covers/60ab482f78237.jpg,2806,70000,p559ge,ACTIVE,شمیران نو,144,False,https://cdn.snapp.express/media/cache/vendor_logo/uploads/images/vendors/logos/default.png,True,False,45,,7.6,VendorListItem
114071,جانبوتهرانپارس شاهد(همواره تخفیف),False,https://cdn.snapp.express/media/cache/vendor_item_cover/uploads/images/vendors/covers/66aa0de07558c.png,0,80000,32z16l,ACTIVE,تهران پارس غربی,0,False,https://cdn.snapp.express/media/cache/vendor_logo/uploads/images/vendors/logos/66aa0de0721ef.jpg,True,False,45,,0.0,VendorListItem
111346,سوپرمارکت مادر (حکیمیه),False,https://cdn.snapp.express/media/cache/vendor_item_cover/uploads/images/vendors/covers/6301cf0ab3725.jpg,693,70000,p5zoqv,ACTIVE,گلشن,73,False,https://cdn.snapp.express/media/cache/vendor_logo/uploads/images/vendors/logos/default.png,True,False,45,,7.6,VendorListItem
112576,سوپرمارکت مورمارکت (کوهک),False,https://cdn.snapp.express/media/cache/vendor_item_cover/uploads/images/vendors/covers/64e4867929b08.jpg,0,70000,0ygv2m,ACTIVE,هوانیروز,19,False,https://cdn.snapp.express/media/cache/vendor_logo/uploads/images/vendors/logos/64e486791dcfa.png,True,False,45,,8.4,VendorListItem
110345,سوپرمارکت مارال (باغ فیض),False,https://cdn.snapp.express/media/cache/vendor_item_cover/uploads/images/vendors/covers/6235b30766311.jpg,3187,70000,31q6ky,ACTIVE,باغ فيض,187,False,https://cdn.snapp.express/media/cache/vendor_logo/uploads/images/vendors/logos/default.png,True,False,45,,8.4,VendorListItem
111189,سوپرمارکت آیدین (اشرفی اصفهانی),False,https://cdn.snapp.express/media/cache/vendor_item_cover/uploads/images/vendors/covers/62e532b36da7b.jpg,755,70000,3ee5lm,ACTIVE,باغ فيض,70,False,https://cdn.snapp.express/media/cache/vendor_logo/uploads/images/vendors/logos/default.png,True,False,45,,8.4,VendorListItem
112953,سوپرمارکت مریم (امازاده جعفر),False,https://cdn.snapp.express/media/cache/vendor_item_cover/uploads/images/vendors/covers/654b46c6a9982.jpg,0,70000,pvqjr5,ACTIVE,باغ فيض,6,False,https://cdn.snapp.express/media/cache/vendor_logo/uploads/images/vendors/logos/654b46c6999ed.png,True,False,45,,8.2,VendorListItem
113066,سوپر مارکت آرمان (اشرفی اصفهانی),False,https://cdn.snapp.express/media/cache/vendor_item_cover/uploads/images/vendors/covers/657598f93c583.jpg,0,70000,37r5ox,ACTIVE,باغ فيض,3,False,https://cdn.snapp.express/media/cache/vendor_logo/uploads/images/vendors/logos/657598f9338ca.png,True,False,45,,7.8,VendorListItem
114028,فروشگاه هفت باغ فیض (همواره تخفیف),False,https://cdn.snapp.express/media/cache/vendor_item_cover/uploads/images/vendors/covers/669246dd94a3c.jpeg,0,90000,0ygjor,ACTIVE,باغ فيض,0,False,https://cdn.snapp.express/media/cache/vendor_logo/uploads/images/vendors/logos/669246dd8d984.jfif,True,False,45,,0.0,VendorListItem
93753,سوپرمارکت یاران دریان کوروش (ایت الله کاشانی),False,https://cdn.snapp.express/media/cache/vendor_item_cover/uploads/images/vendors/covers/6152f5a8697f6.jpg,3598,75000,pvezz5,ACTIVE,سازمان برنامه شمالی‎ - شاهین,132,False,https://cdn.snapp.express/media/cache/vendor_logo/uploads/images/vendors/logos/64342e475771d.png,True,False,45,,9.2,VendorListItem
111034,سوپرمارکت یاران دریان توانیر (عباسپور),False,https://cdn.snapp.express/media/cache/vendor_item_cover/uploads/images/vendors/covers/62cbd17df088b.jpg,4162,105000,pz962o,ACTIVE,توانیر,193,False,https://cdn.snapp.express/media/cache/vendor_logo/uploads/images/vendors/logos/64342e475771d.png,True,False,45,,7.2,VendorListItem
90924,سوپرمارکت یاران دریان ارسباران (سید خندان),False,https://cdn.snapp.express/media/cache/vendor_item_cover/uploads/images/vendors/covers/614076442b1a9.jpg,13088,85000,0w428g,ACTIVE,سید خندان,465,False,https://cdn.snapp.express/media/cache/vendor_logo/uploads/images/vendors/logos/668b8b6f32233.jpg,True,False,45,,8.2,VendorListItem
85813,جانبو خواجه عبدالله انصاری (همواره تخفیف),False,https://cdn.snapp.express/media/cache/vendor_item_cover/uploads/images/vendors/covers/63babbdd1a13f.png,5619,100000,p8d7k2,ACTIVE,خواجه عبدالله انصاری,228,False,https://cdn.snapp.express/media/cache/vendor_logo/uploads/images/vendors/logos/66a101b7882dc.jpg,True,False,45,,6.4,VendorListItem
112959,سوپرمارکت یاران دریان ای تک (عراقی),False,https://cdn.snapp.express/media/cache/vendor_item_cover/uploads/images/vendors/covers/654b7bd63beff.jpg,0,70000,0rqxj9,ACTIVE,خواجه عبدالله انصاری,12,False,https://cdn.snapp.express/media/cache/vendor_logo/uploads/images/vendors/logos/654b7bd631a6a.png,True,False,45,,8.2,VendorListItem
111494,سوپرمارکت پایتخت (شهید عراقی),False,https://cdn.snapp.express/media/cache/vendor_item_cover/uploads/images/vendors/covers/630ef911da1bf.jpg,1792,100000,p5zokn,ACTIVE,خواجه عبدالله انصاری,149,False,https://cdn.snapp.express/media/cache/vendor_logo/uploads/images/vendors/logos/default.png,True,False,45,,8.6,VendorListItem
114029,سوپرمارکت آنا (رسالت),False,,0,70000,pvq161,ACTIVE,كاظم آباد,1,False,https://cdn.snapp.express/media/cache/vendor_logo/uploads/images/vendors/logos/669258947ebe0.jpg,True,False,45,,0.0,VendorListItem
110181,فروشگاه هفت استاد حسن بنا (همواره تخفیف),False,https://cdn.snapp.express/media/cache/vendor_item_cover/uploads/images/vendors/covers/63f22d48f3acb.png,1399,80000,0qlje2,ACTIVE,كاظم آباد,85,False,https://cdn.snapp.express/media/cache/vendor_logo/uploads/images/vendors/logos/64342a4c8225c.png,True,False,45,,7.72,VendorListItem
111125,فروشگاه هفت شمیران نو (همواره تخفیف),False,https://cdn.snapp.express/media/cache/vendor_item_cover/uploads/images/vendors/covers/63f22a98466a7.png,337,80000,0gklwr,ACTIVE,شمیران نو,29,False,https://cdn.snapp.express/media/cache/vendor_logo/uploads/images/vendors/logos/64342a4c8225c.png,True,False,45,,9.0,VendorListItem
85407,اسمارت رسالت (سوپرمارکت زنجیره ای اسنپ),False,https://cdn.snapp.express/media/cache/vendor_item_cover/uploads/images/vendors/covers/652314c8d6181.png,97851,100000,0m919o,ACTIVE,نارمک شمالی,6997,True,https://cdn.snapp.express/media/cache/vendor_logo/uploads/images/vendors/logos/652314c8d0fd2.png,True,False,45,,8.8,VendorListItem
113292,فروشگاه هیراد 2 (شوینده بهداشتی),False,,0,180000,3kjoqk,ACTIVE,كاظم آباد,1,False,https://cdn.snapp.express/media/cache/vendor_logo/uploads/images/vendors/logos/65e6fb71413a8.jpg,True,False,45,,7.6,VendorListItem
44532,سوپرمارکت یاران دریان 24 (تهرانپارس),False,https://cdn.snapp.express/media/cache/vendor_item_cover/uploads/images/vendors/covers/60a4e15511392.jpg,101502,70000,0l8mdk,ACTIVE,تهران پارس غربی,2777,False,https://cdn.snapp.express/media/cache/vendor_logo/uploads/images/vendors/logos/64342e475771d.png,True,False,45,,8.4,VendorListItem
110214,سوپرمارکت شبانه روزی آنام (تهرانپارس),False,https://cdn.snapp.express/media/cache/vendor_item_cover/uploads/images/vendors/covers/62205477b4e4d.jpg,5235,70000,p4qozj,ACTIVE,تهران پارس غربی,454,False,https://cdn.snapp.express/media/cache/vendor_logo/uploads/images/vendors/logos/default.png,True,False,45,,9.0,VendorListItem
112349,گندم تهرانپارس شرقی2 (همواره تخفیف),False,https://cdn.snapp.express/media/cache/vendor_item_cover/uploads/images/vendors/covers/64a3c278ddf8d.png,0,80000,0gkynr,ACTIVE,تهران پارس شرقی,1,False,https://cdn.snapp.express/media/cache/vendor_logo/uploads/images/vendors/logos/64a3c278d443f.png,True,False,45,,0.0,VendorListItem
113234,فروشگاه پاکلند (شوینده بهداشتی),False,,0,180000,pz98we,ACTIVE,حكيميه,0,False,https://cdn.snapp.express/media/cache/vendor_logo/uploads/images/vendors/logos/65e6fb895bfab.jpg,True,False,45,,0.0,VendorListItem
110431,سوپرمارکت لاله هریسی (جنت آباد),False,https://cdn.snapp.express/media/cache/vendor_item_cover/uploads/images/vendors/covers/62650501526fb.jpg,1458,70000,0myr8y,ACTIVE,سازمان برنامه شمالی‎ - شاهین,130,False,https://cdn.snapp.express/media/cache/vendor_logo/uploads/images/vendors/logos/default.png,True,False,45,,9.0,VendorListItem
110921,دیلی مارکت باغ فیض (همواره تخفیف),False,https://cdn.snapp.express/media/cache/vendor_item_cover/uploads/images/vendors/covers/62ce5de585556.jpg,408,100000,31zvky,ACTIVE,باغ فيض,29,False,https://cdn.snapp.express/media/cache/vendor_logo/uploads/images/vendors/logos/65b61d403609f.jpg,True,False,45,,9.2,VendorListItem
113483,سوپرمارکت اوا (اشرفی اصفهانی),False,https://cdn.snapp.express/media/cache/vendor_item_cover/uploads/images/vendors/covers/65d309323d832.jpg,0,70000,0rqym8,ACTIVE,شهرک هما,15,False,https://cdn.snapp.express/media/cache/vendor_logo/uploads/images/vendors/logos/65d3093225f8b.png,True,False,45,,8.4,VendorListItem
71483,سوپرمارکت ققنوس (باغ فیض),False,https://cdn.snapp.express/media/cache/vendor_item_cover/uploads/images/vendors/covers/60ab4871d7465.jpg,11658,70000,0ryxj8,ACTIVE,باغ فيض,695,False,https://cdn.snapp.express/media/cache/vendor_logo/uploads/images/vendors/logos/default.png,True,False,45,,8.2,VendorListItem
113335,فروشگاه اسپار آ اس پ (همواره تخفیف),False,https://cdn.snapp.express/media/cache/vendor_item_cover/uploads/images/vendors/covers/669232c2e6822.png,0,80000,0rqx6o,ACTIVE,والفجر,1,False,https://cdn.snapp.express/media/cache/vendor_logo/uploads/images/vendors/logos/669232c2df2a3.png,True,False,45,,0.0,VendorListItem
25332,سوپرمارکت کیشگا (آرژانتین),False,https://cdn.snapp.express/media/cache/vendor_item_cover/uploads/images/vendors/covers/60a4d6a98edd7.jpg,44134,70000,0l2yqk,ACTIVE,میدان آرژانتین,1220,False,https://cdn.snapp.express/media/cache/vendor_logo/uploads/images/vendors/logos/default.png,True,False,45,,8.4,VendorListItem
113660,فروشگاه هفت قدس (همواره تخفیف),False,https://cdn.snapp.express/media/cache/vendor_item_cover/uploads/images/vendors/covers/65f6aef13fc05.png,0,85000,pojg6v,ACTIVE,شمس آباد - مجيديه,2,False,https://cdn.snapp.express/media/cache/vendor_logo/uploads/images/vendors/logos/65f6aef120dfd.png,True,False,45,,8.4,VendorListItem
110527,گندم شمس آباد3(همواره تخفیف),False,https://cdn.snapp.express/media/cache/vendor_item_cover/uploads/images/vendors/covers/627641bc4f16c.jpg,2256,80000,3d7x67,ACTIVE,شمس آباد - مجيديه,135,False,https://cdn.snapp.express/media/cache/vendor_logo/uploads/images/vendors/logos/64342b3a8d27d.png,True,False,45,,8.2,VendorListItem
85802,جانبو نیرو دریایی (همواره تخفیف),False,https://cdn.snapp.express/media/cache/vendor_item_cover/uploads/images/vendors/covers/66ae128cf379e.png,2906,100000,09y756,ACTIVE,كالاد,134,False,https://cdn.snapp.express/media/cache/vendor_logo/uploads/images/vendors/logos/66ae128cf04b6.jpg,True,False,45,,8.21,VendorListItem
110919,دیلی مارکت خیابان سراج(همواره تخفیف),False,https://cdn.snapp.express/media/cache/vendor_item_cover/uploads/images/vendors/covers/62ce5c87c783d.jpg,432,100000,0jje7q,ACTIVE,اوقاف,20,False,https://cdn.snapp.express/media/cache/vendor_logo/uploads/images/vendors/logos/65b61e4b57793.jpg,True,False,45,,7.8,VendorListItem
85854,جانبو تهرانپارس (همواره تخفیف),False,https://cdn.snapp.express/media/cache/vendor_item_cover/uploads/images/vendors/covers/6121d8ca60850.png,5509,80000,p6g2dg,ACTIVE,تهران پارس غربی,262,False,https://cdn.snapp.express/media/cache/vendor_logo/uploads/images/vendors/logos/64342aba32ce7.png,True,False,45,,8.4,VendorListItem
55853,سوپرمارکت زرین (حکیمیه),False,https://cdn.snapp.express/media/cache/vendor_item_cover/uploads/images/vendors/covers/60b5c5e07763e.jpg,20717,70000,pvj961,ACTIVE,حكيميه,1101,False,https://cdn.snapp.express/media/cache/vendor_logo/uploads/images/vendors/logos/default.png,True,False,45,,8.2,VendorListItem
114062,جانبوحکیمیه بهار(همواره تخفیف),False,https://cdn.snapp.express/media/cache/vendor_item_cover/uploads/images/vendors/covers/66a9ffb37602e.png,0,80000,p4zjl5,ACTIVE,حكيميه,0,False,https://cdn.snapp.express/media/cache/vendor_logo/uploads/images/vendors/logos/66a9ffb370619.jpg,True,False,45,,0.0,VendorListItem
55610,سوپرمارکت تانیش (شهر زیبا),False,https://cdn.snapp.express/media/cache/vendor_item_cover/uploads/images/vendors/covers/60a5072a01f0a.jpg,16860,70000,pz86re,ACTIVE,انديشه,661,False,https://cdn.snapp.express/media/cache/vendor_logo/uploads/images/vendors/logos/default.png,True,False,45,,8.2,VendorListItem
109768,جانبو شهر زیبا (همواره تخفیف),False,https://cdn.snapp.express/media/cache/vendor_item_cover/uploads/images/vendors/covers/661ce7e55f3ce.png,520,100000,3k9yxq,ACTIVE,انديشه,31,False,https://cdn.snapp.express/media/cache/vendor_logo/uploads/images/vendors/logos/661ce7e558fba.jpg,True,False,45,,8.2,VendorListItem
56245,سوپرمارکت یاران دریان شندی 110,False,https://cdn.snapp.express/media/cache/vendor_item_cover/uploads/images/vendors/covers/6576c65d3fca6.jpg,26506,70000,31x25k,ACTIVE,شاهین جنوبی,909,False,https://cdn.snapp.express/media/cache/vendor_logo/uploads/images/vendors/logos/6576c65d3a6e4.png,True,False,45,,8.6,VendorListItem
113425,مینو مارت باغ فیض (همواره تخفیف),False,https://cdn.snapp.express/media/cache/vendor_item_cover/uploads/images/vendors/covers/65cc965f17064.jpg,0,80000,0gkgwn,ACTIVE,باغ فيض,1,False,https://cdn.snapp.express/media/cache/vendor_logo/uploads/images/vendors/logos/65cc965ef2a45.jpg,True,False,45,,7.6,VendorListItem
113713,فروشگاه هفت کاشانی (همواره تخفیف),False,https://cdn.snapp.express/media/cache/vendor_item_cover/uploads/images/vendors/covers/661a590fbf361.png,0,80000,p8egl5,ACTIVE,سازمان برنامه شمالی‎ - شاهین,2,False,https://cdn.snapp.express/media/cache/vendor_logo/uploads/images/vendors/logos/661a590f98b8c.png,True,False,45,,8.8,VendorListItem
113865,سوپرمارکت یاران دریان لوکس (امیرآباد),False,,0,70000,3ee2do,ACTIVE,امیر آباد,2,False,https://cdn.snapp.express/media/cache/vendor_logo/uploads/images/vendors/logos/664c82e4f0b27.jpg,True,False,45,,0.0,VendorListItem
111103,فروشگاه هفت مجیدیه (همواره تخفیف),False,https://cdn.snapp.express/media/cache/vendor_item_cover/uploads/images/vendors/covers/63f22acb312fd.png,409,80000,3del67,ACTIVE,شمس آباد - مجيديه,52,False,https://cdn.snapp.express/media/cache/vendor_logo/uploads/images/vendors/logos/64342a4c8225c.png,True,False,45,,8.2,VendorListItem
72542,سوپرمارکت مایده (مجیدیه),False,https://cdn.snapp.express/media/cache/vendor_item_cover/uploads/images/vendors/covers/60ab438793e4a.jpg,3447,70000,37ww2n,ACTIVE,دبستان-مجيديه,199,False,https://cdn.snapp.express/media/cache/vendor_logo/uploads/images/vendors/logos/default.png,True,False,45,,8.8,VendorListItem
110660,فروشگاه هفت شهید کرد(همواره تخفیف),False,https://cdn.snapp.express/media/cache/vendor_item_cover/uploads/images/vendors/covers/63f22b5db12fd.png,1012,80000,pojqzv,ACTIVE,شمس آباد - مجيديه,113,False,https://cdn.snapp.express/media/cache/vendor_logo/uploads/images/vendors/logos/64342a4c8225c.png,True,False,45,,9.0,VendorListItem
113715,دیلی مارکت میدان صد نارمک(همواره تخفیف),False,https://cdn.snapp.express/media/cache/vendor_item_cover/uploads/images/vendors/covers/661a5ff7a3f1f.jpg,0,85000,0njwer,ACTIVE,علم و صنعت,5,False,https://cdn.snapp.express/media/cache/vendor_logo/uploads/images/vendors/logos/661a5ff77adf7.jpg,True,False,45,,0.0,VendorListItem
113596,مینو مارت فرجام (همواره تخفیف),False,https://cdn.snapp.express/media/cache/vendor_item_cover/uploads/images/vendors/covers/65ec3841ac2f2.jpg,0,80000,0wq11z,ACTIVE,كالاد,1,False,https://cdn.snapp.express/media/cache/vendor_logo/uploads/images/vendors/logos/65ec38419ccb9.jpg,True,False,45,,8.4,VendorListItem
35574,سوپرمارکت هاپیر مارکت زرفام (تهرانپارس),False,https://cdn.snapp.express/media/cache/vendor_item_cover/uploads/images/vendors/covers/60a4ff0647ba5.jpg,48886,70000,0962dy,ACTIVE,تهران پارس غربی,1763,False,https://cdn.snapp.express/media/cache/vendor_logo/uploads/images/vendors/logos/default.png,True,False,45,,8.4,VendorListItem
113364,مینو مارت تهرانپارس (همواره تخفیف),False,https://cdn.snapp.express/media/cache/vendor_item_cover/uploads/images/vendors/covers/65ccaffd3954e.jpg,0,80000,3xw2x9,ACTIVE,تهران پارس شرقی,6,False,https://cdn.snapp.express/media/cache/vendor_logo/uploads/images/vendors/logos/65ccaffd273f2.jpg,True,False,45,,8.0,VendorListItem
110666,فروشگاه هفت حکیمیه بهار (همواره تخفیف),False,https://cdn.snapp.express/media/cache/vendor_item_cover/uploads/images/vendors/covers/63f22b686d24d.png,1804,80000,37r4yx,ACTIVE,حكيميه,84,False,https://cdn.snapp.express/media/cache/vendor_logo/uploads/images/vendors/logos/64342a4c8225c.png,True,False,45,,8.6,VendorListItem
113666,فروشگاه هفت سرو آزاد (همواره تخفیف),False,https://cdn.snapp.express/media/cache/vendor_item_cover/uploads/images/vendors/covers/65f7f8912d95c.jpeg,0,85000,37rwrx,ACTIVE,سرو آزاد,2,False,https://cdn.snapp.express/media/cache/vendor_logo/uploads/images/vendors/logos/65f7f8910bf83.jfif,True,False,45,,8.8,VendorListItem
113255,سوپرمارکت دنیز (شهر زیبا),False,https://cdn.snapp.express/media/cache/vendor_item_cover/uploads/images/vendors/covers/659bb834a4589.jpg,0,70000,0mj17r,ACTIVE,انديشه,8,False,https://cdn.snapp.express/media/cache/vendor_logo/uploads/images/vendors/logos/659bb8347ecaf.png,True,False,45,,9.0,VendorListItem
56425,سوپرمارکت شندی 110 (ستاری شمال),False,https://cdn.snapp.express/media/cache/vendor_item_cover/uploads/images/vendors/covers/60a61d94e6d48.jpg,16050,70000,0ggn5n,ACTIVE,باغ فيض,614,False,https://cdn.snapp.express/media/cache/vendor_logo/uploads/images/vendors/logos/default.png,True,False,45,,7.8,VendorListItem
56474,سوپرمارکت شهرزاد (باغ فیض),False,https://cdn.snapp.express/media/cache/vendor_item_cover/uploads/images/vendors/covers/60a62804c0a05.jpg,15695,70000,097646,ACTIVE,باغ فيض,569,False,https://cdn.snapp.express/media/cache/vendor_logo/uploads/images/vendors/logos/default.png,True,False,45,,8.8,VendorListItem
62362,سوپرمارکت یاران دریان ابوالفضل (مرزداران),False,https://cdn.snapp.express/media/cache/vendor_item_cover/uploads/images/vendors/covers/60a50ffa8cabb.jpg,36349,75000,p428jy,ACTIVE,مرزداران غربی,1225,False,https://cdn.snapp.express/media/cache/vendor_logo/uploads/images/vendors/logos/64342e475771d.png,True,False,45,,8.8,VendorListItem
107601,اسمارت مرزداران (سوپرمارکت زنجیره ای اسنپ),False,https://cdn.snapp.express/media/cache/vendor_item_cover/uploads/images/vendors/covers/6523141f18435.png,71168,100000,0gz872,ACTIVE,مرزداران شرقی,3781,True,https://cdn.snapp.express/media/cache/vendor_logo/uploads/images/vendors/logos/6523141f117ab.png,True,False,45,,9.4,VendorListItem
110567,دیلی مارکت یوسف آباد (همواره تخفیف),False,https://cdn.snapp.express/media/cache/vendor_item_cover/uploads/images/vendors/covers/627bf9d957f0c.jpg,921,90000,0jgvdv,ACTIVE,یوسف آباد,56,False,https://cdn.snapp.express/media/cache/vendor_logo/uploads/images/vendors/logos/65b61efb43f04.jpg,True,False,45,,8.6,VendorListItem
93199,سوپرمارکت باغچه بان دریانی,False,https://cdn.snapp.express/media/cache/vendor_item_cover/uploads/images/vendors/covers/614f2bb7e278a.jpg,12409,75000,3dvyn7,ACTIVE,یوسف آباد,417,False,https://cdn.snapp.express/media/cache/vendor_logo/uploads/images/vendors/logos/default.png,True,False,45,,8.4,VendorListItem
113674,سوپرمارکت آبشار (ساعی),False,,0,90000,09e9eq,ACTIVE,توانیر,3,False,https://cdn.snapp.express/media/cache/vendor_logo/uploads/images/vendors/logos/6603eeaca8468.png,True,False,45,,8.2,VendorListItem
109514,سوپرمارکت سلام (هدایتی),False,https://cdn.snapp.express/media/cache/vendor_item_cover/uploads/images/vendors/covers/61cb64e6eef33.jpg,2552,70000,p4qngr,ACTIVE,شمس آباد - مجيديه,196,False,https://cdn.snapp.express/media/cache/vendor_logo/uploads/images/vendors/logos/default.png,True,False,45,,8.2,VendorListItem
113661,فروشگاه هفت 48 فرجام (همواره تخفیف),False,https://cdn.snapp.express/media/cache/vendor_item_cover/uploads/images/vendors/covers/65f6b2649f9db.png,0,85000,p8egoy,ACTIVE,علم و صنعت,3,False,https://cdn.snapp.express/media/cache/vendor_logo/uploads/images/vendors/logos/65f6b2647251f.png,True,False,45,,7.8,VendorListItem
114072,جانبو سرسبز(همواره تخفیف),False,https://cdn.snapp.express/media/cache/vendor_item_cover/uploads/images/vendors/covers/66aa0f9a3a134.png,0,80000,0wq4d5,ACTIVE,نارمک شمالی,0,False,https://cdn.snapp.express/media/cache/vendor_logo/uploads/images/vendors/logos/66aa0f9a379bd.jpg,True,False,45,,0.0,VendorListItem
113807,فروشگاه هفت حسن بنا جنوبی (همواره تخفیف ),False,https://cdn.snapp.express/media/cache/vendor_item_cover/uploads/images/vendors/covers/663b2304dbbca.jfif,0,80000,0mjmxr,ACTIVE,دبستان-مجيديه,0,False,https://cdn.snapp.express/media/cache/vendor_logo/uploads/images/vendors/logos/663b2304d6e92.jfif,True,False,45,,0.0,VendorListItem
109933,سوپرمارکت سورنا 2078,False,https://cdn.snapp.express/media/cache/vendor_item_cover/uploads/images/vendors/covers/6316f0185ab5d.jpg,1389,70000,0qlzm9,ACTIVE,تهران پارس غربی,96,False,https://cdn.snapp.express/media/cache/vendor_logo/uploads/images/vendors/logos/default.png,True,False,45,,8.0,VendorListItem
113024,سوپرمارکت دامدشت (فلکه دوم تهرانپارس),False,https://cdn.snapp.express/media/cache/vendor_item_cover/uploads/images/vendors/covers/656340393e72b.jpg,0,70000,0wqz1q,ACTIVE,تهران پارس غربی,26,False,https://cdn.snapp.express/media/cache/vendor_logo/uploads/images/vendors/logos/6563403938315.png,True,False,45,,8.2,VendorListItem
111504,سوپرمارکت اسکویی (مجیدیه),False,https://cdn.snapp.express/media/cache/vendor_item_cover/uploads/images/vendors/covers/63148aca7e7b5.jpg,1510,70000,0yg15y,ACTIVE,مجیديه,159,False,https://cdn.snapp.express/media/cache/vendor_logo/uploads/images/vendors/logos/default.png,True,False,45,,8.4,VendorListItem
114047,جانبو آزاد شهر(همواره تخفیف),False,,0,80000,32zxll,ACTIVE,سرو آزاد,1,False,https://cdn.snapp.express/media/cache/vendor_logo/uploads/images/vendors/logos/default.png,True,False,45,,0.0,VendorListItem
109771,جانبو آریاشهر (همواره تخفیف),False,https://cdn.snapp.express/media/cache/vendor_item_cover/uploads/images/vendors/covers/661ce3e2758cc.png,165,80000,32q8kd,ACTIVE,سازمان برنامه شمالی‎ - شاهین,12,False,https://cdn.snapp.express/media/cache/vendor_logo/uploads/images/vendors/logos/661ce3e270b0d.jpg,True,False,45,,8.6,VendorListItem
56255,سوپرمارکت سهند (باغ فیض),False,https://cdn.snapp.express/media/cache/vendor_item_cover/uploads/images/vendors/covers/61ce97b1139c6.jpg,30531,70000,0m1eor,ACTIVE,باغ فيض,993,False,https://cdn.snapp.express/media/cache/vendor_logo/uploads/images/vendors/logos/default.png,True,False,45,,8.2,VendorListItem
110046,سوپرمارکت لاله (مرزداران),False,https://cdn.snapp.express/media/cache/vendor_item_cover/uploads/images/vendors/covers/621234ec64648.jpg,1244,70000,p5q4ow,ACTIVE,مرزداران غربی,85,False,https://cdn.snapp.express/media/cache/vendor_logo/uploads/images/vendors/logos/default.png,True,False,45,,8.2,VendorListItem
114082,جانبوپیامبر اباذر(همواره تخفیف),False,https://cdn.snapp.express/media/cache/vendor_item_cover/uploads/images/vendors/covers/66a0a1616e4fb.png,0,80000,pz91no,ACTIVE,اباذر,1,False,https://cdn.snapp.express/media/cache/vendor_logo/uploads/images/vendors/logos/66a0a1616b0f3.jpg,True,False,45,,0.0,VendorListItem
71491,سوپرمارکت نگین کوهسار (مرزداران),False,https://cdn.snapp.express/media/cache/vendor_item_cover/uploads/images/vendors/covers/60ab4772045ff.jpg,10860,70000,0jm4n9,ACTIVE,مرزداران شرقی,450,False,https://cdn.snapp.express/media/cache/vendor_logo/uploads/images/vendors/logos/default.png,True,False,45,,9.0,VendorListItem
109670,فروشگاه هفت گیشا (همواره تخفیف),False,https://cdn.snapp.express/media/cache/vendor_item_cover/uploads/images/vendors/covers/63f22e85ca7bd.png,2053,80000,p5qxyn,ACTIVE,كوی نصر,116,False,https://cdn.snapp.express/media/cache/vendor_logo/uploads/images/vendors/logos/64342a4c8225c.png,True,False,45,,9.0,VendorListItem
54848,سوپرمارکت پیروزی (گیشا),False,https://cdn.snapp.express/media/cache/vendor_item_cover/uploads/images/vendors/covers/60a5000fe154f.jpg,33014,70000,0w9l1q,ACTIVE,كوی نصر,865,False,https://cdn.snapp.express/media/cache/vendor_logo/uploads/images/vendors/logos/default.png,True,False,45,,8.6,VendorListItem
112602,سوپرمارکت آپادانا مارکت (سهروردی),False,https://cdn.snapp.express/media/cache/vendor_item_cover/uploads/images/vendors/covers/64f2e112a6193.jpg,0,70000,09ewgd,ACTIVE,نيلوفر-شهيد قندی,21,False,https://cdn.snapp.express/media/cache/vendor_logo/uploads/images/vendors/logos/64f2e112a069e.png,True,False,45,,8.8,VendorListItem
55567,سوپرمارکت ویدا (سهروردی شمالی),False,https://cdn.snapp.express/media/cache/vendor_item_cover/uploads/images/vendors/covers/60a505db2f6f6.jpg,43716,70000,0j4e6g,ACTIVE,نيلوفر-شهيد قندی,1330,False,https://cdn.snapp.express/media/cache/vendor_logo/uploads/images/vendors/logos/default.png,True,False,45,,8.0,VendorListItem
114070,جانبو سهروردی (همواره تخفیف),False,https://cdn.snapp.express/media/cache/vendor_item_cover/uploads/images/vendors/covers/66aa070eca2bf.png,0,80000,p5zw2x,ACTIVE,نيلوفر-شهيد قندی,1,False,https://cdn.snapp.express/media/cache/vendor_logo/uploads/images/vendors/logos/66aa070ec73cc.jpg,True,False,45,,0.0,VendorListItem
109472,اسمارت گیشا (سوپرمارکت زنجیره ای اسنپ),False,https://cdn.snapp.express/media/cache/vendor_item_cover/uploads/images/vendors/covers/65231137e148e.png,61797,100000,0wwxdq,ACTIVE,كوی نصر,3510,True,https://cdn.snapp.express/media/cache/vendor_logo/uploads/images/vendors/logos/65231137dc52c.png,True,False,45,,8.8,VendorListItem
110923,دیلی مارکت بزرگراه رسالت (همواره تخفیف),False,https://cdn.snapp.express/media/cache/vendor_item_cover/uploads/images/vendors/covers/6317066eabb4e.jpg,326,95000,32z6kd,ACTIVE,مجیديه,29,False,https://cdn.snapp.express/media/cache/vendor_logo/uploads/images/vendors/logos/65b75efa77d8f.jpg,True,False,45,,9.2,VendorListItem
114077,جانبورسالت شاپرک(همواره تخفیف),False,https://cdn.snapp.express/media/cache/vendor_item_cover/uploads/images/vendors/covers/669faa611b20f.png,0,80000,pvqex1,ACTIVE,نارمک شمالی,0,False,https://cdn.snapp.express/media/cache/vendor_logo/uploads/images/vendors/logos/669faa6117949.jpg,True,False,45,,0.0,VendorListItem
112484,تست کیان(همواره تخفیف),False,https://cdn.snapp.express/media/cache/vendor_item_cover/uploads/images/vendors/covers/651d4240d9caf.png,0,1000,pojryv,ACTIVE,شهرک گلستان,0,False,https://cdn.snapp.express/media/cache/vendor_logo/uploads/images/vendors/logos/651d4240d3580.png,True,False,30,,0.0,VendorListItem
110591,تست کانتنت,False,,0,45000,0jgvvv,ACTIVE,شهرک گلستان,0,False,https://cdn.snapp.express/media/cache/vendor_logo/uploads/images/vendors/logos/default.png,True,False,45,,0.0,VendorListItem
106746,سوپرمارکت متانت (چیتگر),False,https://cdn.snapp.express/media/cache/vendor_item_cover/uploads/images/vendors/covers/6194a22190d02.jpg,1950,70000,p5qlqe,ACTIVE,هوانیروز,107,False,https://cdn.snapp.express/media/cache/vendor_logo/uploads/images/vendors/logos/default.png,True,False,45,,7.2,VendorListItem
113363,مینو مارت اشرفی (همواره تخفیف),False,https://cdn.snapp.express/media/cache/vendor_item_cover/uploads/images/vendors/covers/65ca2757a879b.jpg,0,80000,0njq6z,ACTIVE,مرزداران غربی,1,False,https://cdn.snapp.express/media/cache/vendor_logo/uploads/images/vendors/logos/65ca2757831cd.jpg,True,False,45,,7.4,VendorListItem
111710,سوپرمارکت دانش(آیت الله کاشانی),False,https://cdn.snapp.express/media/cache/vendor_item_cover/uploads/images/vendors/covers/636671e4204a5.jpg,235,70000,pz9njw,ACTIVE,اباذر,38,False,https://cdn.snapp.express/media/cache/vendor_logo/uploads/images/vendors/logos/default.png,True,False,45,,7.8,VendorListItem
113063,فروشگاه هایجین (شوینده بهداشتی),False,,0,180000,0njqd8,ACTIVE,مهران,0,False,https://cdn.snapp.express/media/cache/vendor_logo/uploads/images/vendors/logos/65e6fc616db26.jpg,True,False,45,,9.2,VendorListItem
77146,جانبو پیامبر (همواره تخفیف),False,https://cdn.snapp.express/media/cache/vendor_item_cover/uploads/images/vendors/covers/63ba6bf302790.png,8498,80000,p55kxv,ACTIVE,باغ فيض,362,False,https://cdn.snapp.express/media/cache/vendor_logo/uploads/images/vendors/logos/64342aba32ce7.png,True,False,45,,8.8,VendorListItem
113599,مینو مارت ایثار مرزداران (همواره تخفیف),False,https://cdn.snapp.express/media/cache/vendor_item_cover/uploads/images/vendors/covers/65ec5056c9776.jpg,0,80000,3derr7,ACTIVE,مرزداران شرقی,0,False,https://cdn.snapp.express/media/cache/vendor_logo/uploads/images/vendors/logos/65ec50569dd4a.jpg,True,False,45,,8.6,VendorListItem
113716,فروشگاه فمیلی مارت (شوینده بهداشتی),False,,0,180000,3xwrk2,ACTIVE,یوسف آباد,0,False,https://cdn.snapp.express/media/cache/vendor_logo/uploads/images/vendors/logos/661a65ef1bd78.jpg,True,False,45,,0.0,VendorListItem
56566,سوپرمارکت برکت (کرمان جنوبی),False,https://cdn.snapp.express/media/cache/vendor_item_cover/uploads/images/vendors/covers/60a76912d13b1.jpg,28081,70000,375x52,ACTIVE,كرمان,1043,False,https://cdn.snapp.express/media/cache/vendor_logo/uploads/images/vendors/logos/default.png,True,False,45,,8.6,VendorListItem
56779,سوپرمارکت 49 (نارمک),False,https://cdn.snapp.express/media/cache/vendor_item_cover/uploads/images/vendors/covers/60a770eb7f17f.jpg,52993,70000,0m1wxv,ACTIVE,هفت حوض,1969,False,https://cdn.snapp.express/media/cache/vendor_logo/uploads/images/vendors/logos/default.png,True,False,45,,8.6,VendorListItem
111344,سوپرمارکت شادکام (نارمک),False,https://cdn.snapp.express/media/cache/vendor_item_cover/uploads/images/vendors/covers/63009fa1d6e35.jpg,609,70000,3kjl9j,ACTIVE,مدائن,81,False,https://cdn.snapp.express/media/cache/vendor_logo/uploads/images/vendors/logos/default.png,True,False,45,,8.6,VendorListItem
114074,جانبوتهران پارس ناهید(همواره تخفیف),False,https://cdn.snapp.express/media/cache/vendor_item_cover/uploads/images/vendors/covers/66aa10ee484ec.png,0,80000,09ey46,ACTIVE,تهران پارس غربی,0,False,https://cdn.snapp.express/media/cache/vendor_logo/uploads/images/vendors/logos/66aa10ee45c26.jpg,True,False,45,,0.0,VendorListItem
113875,سوپر مارکت یاران دریان سن سو(حکیمیه),False,,0,70000,3der9n,ACTIVE,حكيميه,4,False,https://cdn.snapp.express/media/cache/vendor_logo/uploads/images/vendors/logos/6652e03a0fe00.jpg,True,False,45,,0.0,VendorListItem
113433,سوپرمارکت شهرک (جاده مخصوص),False,https://cdn.snapp.express/media/cache/vendor_item_cover/uploads/images/vendors/covers/65d05fc1f0a57.jpg,0,70000,0q15zx,ACTIVE,شهرک شهرداری,6,False,https://cdn.snapp.express/media/cache/vendor_logo/uploads/images/vendors/logos/65d05fc1d4766.png,True,False,45,,8.4,VendorListItem
58095,سوپرمارکت تست یار,False,https://cdn.snapp.express/media/cache/vendor_item_cover/uploads/images/vendors/covers/5ede3343affab.jpg,0,45000,32rry5,ACTIVE,FIXME,0,False,https://cdn.snapp.express/media/cache/vendor_logo/uploads/images/vendors/logos/default.png,True,False,30,,0.0,VendorListItem
109818,دیلی مارکت کوهک (همواره تخفیف),False,https://cdn.snapp.express/media/cache/vendor_item_cover/uploads/images/vendors/covers/61ff7436389f6.jpg,1552,100000,37o21g,ACTIVE,کوهک,55,False,https://cdn.snapp.express/media/cache/vendor_logo/uploads/images/vendors/logos/65b62306481b4.jpg,True,False,45,,7.8,VendorListItem
112035,تست نرم افزار سپیدز,False,https://cdn.snapp.express/media/cache/vendor_item_cover/uploads/images/vendors/covers/63eb406b4b519.jpg,0,45000,0rqj2v,ACTIVE,شهرک گلستان,0,False,https://cdn.snapp.express/media/cache/vendor_logo/uploads/images/vendors/logos/default.png,True,False,45,,0.0,VendorListItem
56045,سوپرمارکت یاران دریان یاس (فردوس غرب),False,https://cdn.snapp.express/media/cache/vendor_item_cover/uploads/images/vendors/covers/6576c6481b7d9.jpg,10924,70000,31x2q4,ACTIVE,ارم,404,False,https://cdn.snapp.express/media/cache/vendor_logo/uploads/images/vendors/logos/6576c64815d06.png,True,False,45,,8.4,VendorListItem
109606,سوپرمارکت مهر(سازمان برنامه شمالی),False,https://cdn.snapp.express/media/cache/vendor_item_cover/uploads/images/vendors/covers/61dbf94cd00b7.jpg,2711,70000,p6rege,ACTIVE,سازمان برنامه شمالی‎ - شاهین,111,False,https://cdn.snapp.express/media/cache/vendor_logo/uploads/images/vendors/logos/default.png,True,False,45,,8.4,VendorListItem
109519,گندم سازمان برنامه شمالی (همواره تخفیف),False,https://cdn.snapp.express/media/cache/vendor_item_cover/uploads/images/vendors/covers/61e3fcbab13db.jpg,2420,80000,0jgdrg,ACTIVE,سازمان برنامه شمالی‎ - شاهین,158,False,https://cdn.snapp.express/media/cache/vendor_logo/uploads/images/vendors/logos/64342b3a8d27d.png,True,False,45,,6.6,VendorListItem
63599,سوپرمارکت یاران دریان هستی (الهام),False,https://cdn.snapp.express/media/cache/vendor_item_cover/uploads/images/vendors/covers/60a7a5643023e.jpg,6636,70000,3dm1ox,ACTIVE,ارم,286,False,https://cdn.snapp.express/media/cache/vendor_logo/uploads/images/vendors/logos/64342e475771d.png,True,False,45,,8.8,VendorListItem
55013,سوپرمارکت تانیش (مرزداران),False,https://cdn.snapp.express/media/cache/vendor_item_cover/uploads/images/vendors/covers/60a5003e6fb0f.jpg,61620,70000,p84k8g,ACTIVE,مرزداران غربی,1884,False,https://cdn.snapp.express/media/cache/vendor_logo/uploads/images/vendors/logos/default.png,True,False,45,,8.6,VendorListItem
111566,فروشگاه هفت مرزداران (همواره تخفیف),False,https://cdn.snapp.express/media/cache/vendor_item_cover/uploads/images/vendors/covers/63f22a07472f4.png,609,80000,37rjvn,ACTIVE,مرزداران غربی,79,False,https://cdn.snapp.express/media/cache/vendor_logo/uploads/images/vendors/logos/64342a4c8225c.png,True,False,45,,9.2,VendorListItem
113257,عمده فروشی پکمارت,False,,0,300000,0q15gy,ACTIVE,هاشمی,3,True,https://cdn.snapp.express/media/cache/vendor_logo/uploads/images/vendors/logos/662df1a1cdc32.png,False,True,120,,8.2,VendorListItem
112975,سوپرمارکت نوین مارکت (مرزداران شرقی),False,https://cdn.snapp.express/media/cache/vendor_item_cover/uploads/images/vendors/covers/655204f18e8fc.jpg,0,70000,3demg7,ACTIVE,مرزداران شرقی,3,False,https://cdn.snapp.express/media/cache/vendor_logo/uploads/images/vendors/logos/655204f189075.png,True,False,45,,8.2,VendorListItem
113935,سوپرمارکت سون استار (آیت الله کاشانی),False,,0,70000,0rqyzo,ACTIVE,اباذر,3,False,https://cdn.snapp.express/media/cache/vendor_logo/uploads/images/vendors/logos/66712df5626f1.jpg,True,False,45,,0.0,VendorListItem
111148,فروشگاه هفت امیر آباد(همواره تخفیف),False,https://cdn.snapp.express/media/cache/vendor_item_cover/uploads/images/vendors/covers/63f229f9756ad.png,0,80000,0wq5lz,ACTIVE,امیر آباد,25,False,https://cdn.snapp.express/media/cache/vendor_logo/uploads/images/vendors/logos/6649afb728735.png,True,False,45,,8.0,VendorListItem
40362,سوپرمارکت شبانه روزی ادیب (بهشتی),False,https://cdn.snapp.express/media/cache/vendor_item_cover/uploads/images/vendors/covers/60a5000f09ce2.jpg,96794,70000,p4rn4x,ACTIVE,بهجت آباد,2804,False,https://cdn.snapp.express/media/cache/vendor_logo/uploads/images/vendors/logos/default.png,True,False,45,,8.6,VendorListItem
71652,سوپرمارکت هایپرپارک (مجیدیه جنوبی),False,https://cdn.snapp.express/media/cache/vendor_item_cover/uploads/images/vendors/covers/60ab47f55d9a3.jpg,3529,70000,0yjrwd,ACTIVE,مجیديه,147,False,https://cdn.snapp.express/media/cache/vendor_logo/uploads/images/vendors/logos/default.png,True,False,45,,8.6,VendorListItem
33527,سوپرمارکت رودسر (مجیدیه جنوبی),False,https://cdn.snapp.express/media/cache/vendor_item_cover/uploads/images/vendors/covers/60a4fcd511623.jpg,34026,70000,3d58mx,ACTIVE,مجیديه,1277,False,https://cdn.snapp.express/media/cache/vendor_logo/uploads/images/vendors/logos/default.png,True,False,45,,8.8,VendorListItem
110146,فروشگاه هفت جشنواره (همواره تخفیف),False,https://cdn.snapp.express/media/cache/vendor_item_cover/uploads/images/vendors/covers/63f22e4d28adb.png,878,80000,p5q45v,ACTIVE,تهران پارس شرقی,71,False,https://cdn.snapp.express/media/cache/vendor_logo/uploads/images/vendors/logos/64342a4c8225c.png,True,False,45,,8.8,VendorListItem
113758,فروشگاه آرینا نارمک(همواره تخفیف),False,,0,80000,pz9k5j,ACTIVE,مدائن,25,False,https://cdn.snapp.express/media/cache/vendor_logo/uploads/images/vendors/logos/6644a568edbce.png,True,False,45,,9.2,VendorListItem
110184,فروشگاه هفت حکیمیه(همواره تخفیف),False,https://cdn.snapp.express/media/cache/vendor_item_cover/uploads/images/vendors/covers/63f22d3bf3fad.png,32,80000,po6n6q,ACTIVE,حكيميه,13,False,https://cdn.snapp.express/media/cache/vendor_logo/uploads/images/vendors/logos/65d1b68bd7a7e.png,True,False,45,,9.0,VendorListItem
30890,سوپرمارکت آراز (فردوس غرب),False,https://cdn.snapp.express/media/cache/vendor_item_cover/uploads/images/vendors/covers/60a4fcc7100ef.jpg,43187,70000,37xw1x,ACTIVE,شهرک پرواز,1763,False,https://cdn.snapp.express/media/cache/vendor_logo/uploads/images/vendors/logos/default.png,True,False,45,,7.8,VendorListItem
113428,سوپرمارکت آذربایجان (فردوس),False,https://cdn.snapp.express/media/cache/vendor_item_cover/uploads/images/vendors/covers/65cca55701af7.jpg,0,70000,0ygr7r,ACTIVE,سازمان برنامه جنوبی,6,False,https://cdn.snapp.express/media/cache/vendor_logo/uploads/images/vendors/logos/65cca556dd1ac.png,True,False,45,,7.4,VendorListItem
112954,سوپرمارکت یاران دریان آنام (ایت الله کاشانی),False,https://cdn.snapp.express/media/cache/vendor_item_cover/uploads/images/vendors/covers/654b49a34fb0a.jpg,0,70000,p6z7o6,ACTIVE,مهران,3,False,https://cdn.snapp.express/media/cache/vendor_logo/uploads/images/vendors/logos/654b4d41c300f.png,True,False,45,,8.8,VendorListItem
44412,سوپرمارکت راد (اشرفی اصفهانی),False,https://cdn.snapp.express/media/cache/vendor_item_cover/uploads/images/vendors/covers/60a4e075e0d87.jpg,39185,70000,porgzk,ACTIVE,اباذر,1241,False,https://cdn.snapp.express/media/cache/vendor_logo/uploads/images/vendors/logos/default.png,True,False,45,,8.8,VendorListItem
109601,سوپرمارکت گلستان (پیامبر شرقی),False,https://cdn.snapp.express/media/cache/vendor_item_cover/uploads/images/vendors/covers/61dbd0050b198.jpg,2408,70000,0gzw9m,ACTIVE,اباذر,111,False,https://cdn.snapp.express/media/cache/vendor_logo/uploads/images/vendors/logos/default.png,True,False,45,,7.6,VendorListItem
42689,سوپرمارکت صدرا (یوسف آباد),False,https://cdn.snapp.express/media/cache/vendor_item_cover/uploads/images/vendors/covers/60a4d6b8a0ff4.jpg,83654,70000,3e966v,ACTIVE,یوسف آباد,2240,False,https://cdn.snapp.express/media/cache/vendor_logo/uploads/images/vendors/logos/default.png,True,False,45,,9.2,VendorListItem
94995,سوپرمارکت ماه بابا (مرزداران),False,https://cdn.snapp.express/media/cache/vendor_item_cover/uploads/images/vendors/covers/615ad6f96923c.jpg,1768,70000,321y82,ACTIVE,مرزداران شرقی,81,False,https://cdn.snapp.express/media/cache/vendor_logo/uploads/images/vendors/logos/default.png,True,False,45,,8.4,VendorListItem
84126,سوپرمارکت یاران دریان لوکس (گیشا),False,https://cdn.snapp.express/media/cache/vendor_item_cover/uploads/images/vendors/covers/6110c88ed2433.jpg,6456,90000,09y64y,ACTIVE,كوی نصر,264,False,https://cdn.snapp.express/media/cache/vendor_logo/uploads/images/vendors/logos/64342e475771d.png,True,False,45,,8.2,VendorListItem
62361,سوپرمارکت یاران دریان خاورمیانه (یوسف آباد),False,https://cdn.snapp.express/media/cache/vendor_item_cover/uploads/images/vendors/covers/5fa634fbc92f3.jpg,22046,75000,p878dm,ACTIVE,یوسف آباد,596,False,https://cdn.snapp.express/media/cache/vendor_logo/uploads/images/vendors/logos/64342e475771d.png,True,False,45,,8.8,VendorListItem
110282,سوپرمارکت فدک دریان (جهان آرا),False,https://cdn.snapp.express/media/cache/vendor_item_cover/uploads/images/vendors/covers/62274816f0bfc.jpg,387,70000,pzd45e,ACTIVE,یوسف آباد,78,False,https://cdn.snapp.express/media/cache/vendor_logo/uploads/images/vendors/logos/default.png,True,False,45,,8.4,VendorListItem
110693,سوپرمارکت بزرگ آ اس پ - برج تهران,False,https://cdn.snapp.express/media/cache/vendor_item_cover/uploads/images/vendors/covers/62a46175d2087.jpg,184,70000,31zvx4,ACTIVE,والفجر,7,False,https://cdn.snapp.express/media/cache/vendor_logo/uploads/images/vendors/logos/default.png,True,False,45,,9.2,VendorListItem
111670,سوپرمارکت هایپر اندیشه(سهروردی),False,https://cdn.snapp.express/media/cache/vendor_item_cover/uploads/images/vendors/covers/6357b01395a52.jpg,3323,70000,p5zomx,ACTIVE,عباس آباد-انديشه,303,False,https://cdn.snapp.express/media/cache/vendor_logo/uploads/images/vendors/logos/default.png,True,False,45,,8.8,VendorListItem
113600,مینو مارت گلبرگ غربی (همواره تخفیف),False,https://cdn.snapp.express/media/cache/vendor_item_cover/uploads/images/vendors/covers/65ec5248945ae.jpg,0,80000,0wq11q,ACTIVE,كرمان,1,False,https://cdn.snapp.express/media/cache/vendor_logo/uploads/images/vendors/logos/65ec52486bb96.jpg,True,False,45,,8.0,VendorListItem
113712,سوپرمارکت آوه (فلکه اول تهرانپارس),False,,0,70000,pojg1q,ACTIVE,تهران پارس,1,False,https://cdn.snapp.express/media/cache/vendor_logo/uploads/images/vendors/logos/661a423641e52.png,True,False,45,,6.8,VendorListItem
114078,جانبوتهران پارس گلبرگ(همواره تخفیف),False,https://cdn.snapp.express/media/cache/vendor_item_cover/uploads/images/vendors/covers/66aa133d412f6.png,0,80000,p6zgdg,ACTIVE,تهران پارس,0,False,https://cdn.snapp.express/media/cache/vendor_logo/uploads/images/vendors/logos/66aa133d3e249.jpg,True,False,45,,0.0,VendorListItem
75994,سوپرمارکت سورنا 382 پارسه (تهرانپارس),False,https://cdn.snapp.express/media/cache/vendor_item_cover/uploads/images/vendors/covers/60c751a0efe35.jpg,7035,70000,p557xv,ACTIVE,تهران پارس,284,False,https://cdn.snapp.express/media/cache/vendor_logo/uploads/images/vendors/logos/default.png,True,False,45,,8.2,VendorListItem
97134,سوپرمارکت یاران دریان سبز (بلوار فردوس),False,https://cdn.snapp.express/media/cache/vendor_item_cover/uploads/images/vendors/covers/616a90687b515.jpg,4311,70000,pzd6z1,ACTIVE,سازمان برنامه جنوبی,212,False,https://cdn.snapp.express/media/cache/vendor_logo/uploads/images/vendors/logos/64342e475771d.png,True,False,45,,8.4,VendorListItem
114055,جانبو شهرآرا کوشک(همواره تخفیف),False,https://cdn.snapp.express/media/cache/vendor_item_cover/uploads/images/vendors/covers/669f61c8a02fa.png,0,80000,0mj9ly,ACTIVE,تهران ويلا,0,False,https://cdn.snapp.express/media/cache/vendor_logo/uploads/images/vendors/logos/669f61c89c38c.jpg,True,False,45,,0.0,VendorListItem
113659,فروشگاه هفت شهرآرا(همواره تخفیف),False,https://cdn.snapp.express/media/cache/vendor_item_cover/uploads/images/vendors/covers/65f6a012cf8ae.jpeg,0,85000,0rqyoz,ACTIVE,شهرآرا,6,False,https://cdn.snapp.express/media/cache/vendor_logo/uploads/images/vendors/logos/65f6a012b8757.jfif,True,False,45,,9.0,VendorListItem
110812,سوپرمارکت میلاد (مرزداران),False,https://cdn.snapp.express/media/cache/vendor_item_cover/uploads/images/vendors/covers/62c2a5f36b36d.jpg,558,70000,pojq5o,ACTIVE,مرزداران شرقی,48,False,https://cdn.snapp.express/media/cache/vendor_logo/uploads/images/vendors/logos/default.png,True,False,45,,9.0,VendorListItem
113831,سوپرمارکت یاران دریان سورنا (سلماس),False,,0,70000,0mjm7r,ACTIVE,جهاد,2,False,https://cdn.snapp.express/media/cache/vendor_logo/uploads/images/vendors/logos/default.png,True,False,45,,0.0,VendorListItem
56113,سوپرمارکت مادر (یوسف آباد),False,https://cdn.snapp.express/media/cache/vendor_item_cover/uploads/images/vendors/covers/60a61ee97bbff.jpg,13142,70000,p875l5,ACTIVE,یوسف آباد,447,False,https://cdn.snapp.express/media/cache/vendor_logo/uploads/images/vendors/logos/default.png,True,False,45,,8.8,VendorListItem
114069,جانبو یوسف آباد اسدآبادی (همواره تخفیف),False,https://cdn.snapp.express/media/cache/vendor_item_cover/uploads/images/vendors/covers/66aa05f3c9f03.png,0,80000,31zjv7,ACTIVE,FIXME,0,False,https://cdn.snapp.express/media/cache/vendor_logo/uploads/images/vendors/logos/66aa05f3c67c3.jpg,True,False,45,,0.0,VendorListItem
110167,فروشگاه هفت سهروردی (همواره تخفیف),False,https://cdn.snapp.express/media/cache/vendor_item_cover/uploads/images/vendors/covers/63f22dc1c2e53.png,1417,80000,0jgv2g,ACTIVE,عباس آباد-انديشه,72,False,https://cdn.snapp.express/media/cache/vendor_logo/uploads/images/vendors/logos/64342a4c8225c.png,True,False,45,,9.4,VendorListItem
113592,فروشگاه فاریابی (شوینده بهداشتی),False,,0,180000,3kj77n,ACTIVE,خواجه نظام الملک,1,False,https://cdn.snapp.express/media/cache/vendor_logo/uploads/images/vendors/logos/65ec32dc16fe4.jpg,True,False,45,,9.2,VendorListItem
110148,فروشگاه هفت معلم(همواره تخفیف),False,https://cdn.snapp.express/media/cache/vendor_item_cover/uploads/images/vendors/covers/63f22e42179c2.png,634,80000,0wwl1g,ACTIVE,حشمتيه-قصر,60,False,https://cdn.snapp.express/media/cache/vendor_logo/uploads/images/vendors/logos/64342a4c8225c.png,True,False,45,,7.6,VendorListItem
110920,دیلی مارکت محله دردشت(همواره تخفیف),False,https://cdn.snapp.express/media/cache/vendor_item_cover/uploads/images/vendors/covers/62ce5d5ab1316.jpg,242,100000,3kjnxq,ACTIVE,دردشت,21,False,https://cdn.snapp.express/media/cache/vendor_logo/uploads/images/vendors/logos/65b75ec83b3f4.jpg,True,False,45,,8.79,VendorListItem
109755,جانبو سازمان برنامه (همواره تخفیف),False,https://cdn.snapp.express/media/cache/vendor_item_cover/uploads/images/vendors/covers/61f67c9c4b4c0.png,611,100000,0my6xz,ACTIVE,سازمان برنامه جنوبی,27,False,https://cdn.snapp.express/media/cache/vendor_logo/uploads/images/vendors/logos/66ae1334a689f.jpg,True,False,45,,8.3,VendorListItem
112044,سوپرمارکت یاران دریان آذربایجان 2 (بلوار فردوس),False,https://cdn.snapp.express/media/cache/vendor_item_cover/uploads/images/vendors/covers/63ec9b371f8d8.jpg,0,70000,3kj6kk,ACTIVE,سازمان برنامه جنوبی,30,False,https://cdn.snapp.express/media/cache/vendor_logo/uploads/images/vendors/logos/64342e475771d.png,True,False,45,,7.6,VendorListItem
55302,سوپرمارکت هریسی (کاشانی),False,https://cdn.snapp.express/media/cache/vendor_item_cover/uploads/images/vendors/covers/60a50225c89c4.jpg,9750,70000,097xxy,ACTIVE,اباذر,443,False,https://cdn.snapp.express/media/cache/vendor_logo/uploads/images/vendors/logos/default.png,True,False,45,,8.8,VendorListItem
30810,سوپرمارکت ایرانیان (فردوس شرق),False,https://cdn.snapp.express/media/cache/vendor_item_cover/uploads/images/vendors/covers/60a4fb2edcc24.jpg,51694,75000,pzek52,ACTIVE,فردوس شرق,1803,False,https://cdn.snapp.express/media/cache/vendor_logo/uploads/images/vendors/logos/default.png,True,False,45,,8.6,VendorListItem
92001,سوپرمارکت یاران دریان گلستان جلیلیان (ستارخان),False,https://cdn.snapp.express/media/cache/vendor_item_cover/uploads/images/vendors/covers/614733a122808.jpg,6687,75000,0g96m2,ACTIVE,برق آلستوم- ستارخان,250,False,https://cdn.snapp.express/media/cache/vendor_logo/uploads/images/vendors/logos/64342e475771d.png,True,False,45,,8.4,VendorListItem
112786,سوپرمارکت بهارمارکت (شهر ارا),False,https://cdn.snapp.express/media/cache/vendor_item_cover/uploads/images/vendors/covers/652a591ade592.jpg,0,70000,p4zgvy,ACTIVE,تهران ويلا,26,False,https://cdn.snapp.express/media/cache/vendor_logo/uploads/images/vendors/logos/652a591ad82ca.png,True,False,45,,9.0,VendorListItem
110341,سوپرمارکت هایپر سورنا بیستون (یوسف اباد),False,https://cdn.snapp.express/media/cache/vendor_item_cover/uploads/images/vendors/covers/631c17a51a8c6.jpg,660,70000,3ez7jj,ACTIVE,جهاد,170,False,https://cdn.snapp.express/media/cache/vendor_logo/uploads/images/vendors/logos/default.png,True,False,45,,8.6,VendorListItem
111339,سوپرقهوه دنج (یوسف آباد),False,https://cdn.snapp.express/media/cache/vendor_item_cover/uploads/images/vendors/covers/6334048aed044.jpg,67,70000,0njnvr,ACTIVE,جهاد,39,False,https://cdn.snapp.express/media/cache/vendor_logo/uploads/images/vendors/logos/64345c8734d77.png,True,False,45,,9.36,VendorListItem
76576,اسمارت یوسف آباد (سوپرمارکت زنجیره ای اسنپ),False,https://cdn.snapp.express/media/cache/vendor_item_cover/uploads/images/vendors/covers/65231519c1ed8.png,111125,100000,0yjd7m,ACTIVE,بهجت آباد,7252,True,https://cdn.snapp.express/media/cache/vendor_logo/uploads/images/vendors/logos/65231519bd37b.png,True,False,45,,8.6,VendorListItem
72609,سوپرمارکت مهردریانی (یوسف آباد),False,https://cdn.snapp.express/media/cache/vendor_item_cover/uploads/images/vendors/covers/60ab43892c5f4.jpg,2139,70000,0qdeyx,ACTIVE,یوسف آباد,145,False,https://cdn.snapp.express/media/cache/vendor_logo/uploads/images/vendors/logos/default.png,True,False,45,,8.6,VendorListItem
112210,سوپرمارکت آذربایجان مدنی (سهروردی جنوبی),False,https://cdn.snapp.express/media/cache/vendor_item_cover/uploads/images/vendors/covers/646b1b16261a1.jpg,0,70000,pz9e7o,ACTIVE,باغ صبا-سهروردی,24,False,https://cdn.snapp.express/media/cache/vendor_logo/uploads/images/vendors/logos/646b202c92f42.png,True,False,45,,8.8,VendorListItem
55519,سوپرمارکت سن سون (سهروردی جنوبی),False,https://cdn.snapp.express/media/cache/vendor_item_cover/uploads/images/vendors/covers/60a5078d456a8.jpg,30468,70000,0j4e5g,ACTIVE,باغ صبا-سهروردی,1012,False,https://cdn.snapp.express/media/cache/vendor_logo/uploads/images/vendors/logos/default.png,True,False,45,,8.4,VendorListItem
110565,دیلی مارکت خیابان آیت(همواره تخفیف),False,https://cdn.snapp.express/media/cache/vendor_item_cover/uploads/images/vendors/covers/627bef6345aca.jpg,1236,100000,3ez7km,ACTIVE,مدائن,78,False,https://cdn.snapp.express/media/cache/vendor_logo/uploads/images/vendors/logos/65b61e3dcb444.jpg,True,False,45,,7.8,VendorListItem
111122,فروشگاه هفت قاِیم مقام (همواره تخفیف),False,https://cdn.snapp.express/media/cache/vendor_item_cover/uploads/images/vendors/covers/63f22a800d2b5.png,690,80000,p5z2xj,ACTIVE,سنائی,29,False,https://cdn.snapp.express/media/cache/vendor_logo/uploads/images/vendors/logos/66608d871cdab.png,True,False,45,,7.6,VendorListItem
103283,فروشگاه هفت فدک (همواره تخفیف),False,https://cdn.snapp.express/media/cache/vendor_item_cover/uploads/images/vendors/covers/63f22f32d30ad.png,1446,80000,0ro8o8,ACTIVE,فدک,71,False,https://cdn.snapp.express/media/cache/vendor_logo/uploads/images/vendors/logos/6617a7c9e2ab8.png,True,False,45,,8.6,VendorListItem
109602,سوپرمارکت هایپر فردوس (فردوس),False,https://cdn.snapp.express/media/cache/vendor_item_cover/uploads/images/vendors/covers/61daf5e98e258.jpg,5622,70000,09jkyd,ACTIVE,فردوس شرق,339,False,https://cdn.snapp.express/media/cache/vendor_logo/uploads/images/vendors/logos/default.png,True,False,45,,8.6,VendorListItem
111514,سوپرمارکت بقالی سر کوچه (فردوس),False,https://cdn.snapp.express/media/cache/vendor_item_cover/uploads/images/vendors/covers/631c6d32e8a6e.jpg,714,70000,p4z45y,ACTIVE,فردوس شرق,70,False,https://cdn.snapp.express/media/cache/vendor_logo/uploads/images/vendors/logos/default.png,True,False,45,,8.8,VendorListItem
113890,فروشگاه هفت صادقیه (همواره تخفیف),False,https://cdn.snapp.express/media/cache/vendor_item_cover/uploads/images/vendors/covers/667d3a94193a5.jpeg,0,80000,37rwzm,ACTIVE,فردوس شرق,1,False,https://cdn.snapp.express/media/cache/vendor_logo/uploads/images/vendors/logos/667d3a94155aa.jfif,True,False,45,,0.0,VendorListItem
96816,سوپرمارکت یاران دریان امیرآباد (کارگر شمالی),False,https://cdn.snapp.express/media/cache/vendor_item_cover/uploads/images/vendors/covers/61670e8647d24.jpg,7158,80000,3xgyjy,ACTIVE,فاطمی,320,False,https://cdn.snapp.express/media/cache/vendor_logo/uploads/images/vendors/logos/64342e475771d.png,True,False,45,,8.6,VendorListItem
110351,سوپرمارکت شبانه روزی پرایم مارکت (یوسف آباد),False,https://cdn.snapp.express/media/cache/vendor_item_cover/uploads/images/vendors/covers/624976ce6943b.jpg,2823,70000,3d7x2x,ACTIVE,جهاد,169,False,https://cdn.snapp.express/media/cache/vendor_logo/uploads/images/vendors/logos/default.png,True,False,45,,7.4,VendorListItem
57326,سوپرمارکت صدیقی (پلیس),False,https://cdn.snapp.express/media/cache/vendor_item_cover/uploads/images/vendors/covers/60a640eda426e.jpg,41984,70000,097w8n,ACTIVE,حشمتيه-قصر,1385,False,https://cdn.snapp.express/media/cache/vendor_logo/uploads/images/vendors/logos/default.png,True,False,45,,8.8,VendorListItem
60358,سوپرمارکت دریانی (قایم مقام فراهانی),False,https://cdn.snapp.express/media/cache/vendor_item_cover/uploads/images/vendors/covers/60a7637685790.jpg,15383,70000,pz892j,ACTIVE,سنائی,490,False,https://cdn.snapp.express/media/cache/vendor_logo/uploads/images/vendors/logos/default.png,True,False,45,,9.0,VendorListItem
59426,سوپرمارکت شعاع (کریمخان زند),False,https://cdn.snapp.express/media/cache/vendor_item_cover/uploads/images/vendors/covers/60a6547030496.jpg,11597,70000,097j76,ACTIVE,سنائی,532,False,https://cdn.snapp.express/media/cache/vendor_logo/uploads/images/vendors/logos/default.png,True,False,45,,8.2,VendorListItem
109505,گندم کاج (همواره تخفیف),False,https://cdn.snapp.express/media/cache/vendor_item_cover/uploads/images/vendors/covers/61e66715bffd0.jpg,1962,80000,pvlnrv,ACTIVE,كاج,111,False,https://cdn.snapp.express/media/cache/vendor_logo/uploads/images/vendors/logos/64342b3a8d27d.png,True,False,45,,7.8,VendorListItem
113750,مینو مارت نارمک (همواره تخفیف),False,https://cdn.snapp.express/media/cache/vendor_item_cover/uploads/images/vendors/covers/66260ea6da567.jpg,0,90000,09e9gn,ACTIVE,مدائن,0,False,https://cdn.snapp.express/media/cache/vendor_logo/uploads/images/vendors/logos/66260ea6d73f6.jpg,True,False,45,,8.0,VendorListItem
113307,سوپرمارکت هایپر داریوش (خیابان دماوند),False,https://cdn.snapp.express/media/cache/vendor_item_cover/uploads/images/vendors/covers/65abbcd0b98a4.jpg,0,70000,0mj18z,ACTIVE,آشتيانی,6,False,https://cdn.snapp.express/media/cache/vendor_logo/uploads/images/vendors/logos/65abbcd06a2bf.png,True,False,45,,8.4,VendorListItem
113577,فروشگاه هرمون(شوینده بهداشتی),False,,0,180000,pvq1j5,ACTIVE,برق آلستوم- ستارخان,2,False,https://cdn.snapp.express/media/cache/vendor_logo/uploads/images/vendors/logos/65e714f5c7b51.jpg,True,False,45,,0.0,VendorListItem
112604,سوپرمارکت بنیسی (بلوار فردوس),False,https://cdn.snapp.express/media/cache/vendor_item_cover/uploads/images/vendors/covers/64f2e8f8186e1.jpg,0,70000,0ygv4n,ACTIVE,فردوس شرق,8,False,https://cdn.snapp.express/media/cache/vendor_logo/uploads/images/vendors/logos/64f2e8f813641.png,True,False,45,,9.0,VendorListItem
109787,جانبو مترو صادقیه (همواره تخفیف),False,https://cdn.snapp.express/media/cache/vendor_item_cover/uploads/images/vendors/covers/6603de1f731d2.png,1088,110000,0nvm7z,ACTIVE,فردوس شرق,58,False,https://cdn.snapp.express/media/cache/vendor_logo/uploads/images/vendors/logos/6603de1f49631.jpg,True,False,45,,8.8,VendorListItem
40788,سوپرمارکت طاهر (امیر آباد),False,https://cdn.snapp.express/media/cache/vendor_item_cover/uploads/images/vendors/covers/60a4d2576a153.jpg,38456,70000,3xjex9,ACTIVE,فاطمی,1285,False,https://cdn.snapp.express/media/cache/vendor_logo/uploads/images/vendors/logos/default.png,True,False,45,,8.4,VendorListItem
45768,سوپرمارکت تک دریانی (یوسف آباد),False,https://cdn.snapp.express/media/cache/vendor_item_cover/uploads/images/vendors/covers/618b9b980fe9d.jpg,12159,70000,3kv92n,ACTIVE,یوسف آباد,407,False,https://cdn.snapp.express/media/cache/vendor_logo/uploads/images/vendors/logos/default.png,True,False,45,,8.4,VendorListItem
114073,جانبوفاطمی(همواره تخفیف),False,https://cdn.snapp.express/media/cache/vendor_item_cover/uploads/images/vendors/covers/669f9d15815c2.png,0,80000,0gk9nn,ACTIVE,کشاورز,0,False,https://cdn.snapp.express/media/cache/vendor_logo/uploads/images/vendors/logos/669f9d157df45.jpg,True,False,45,,0.0,VendorListItem
112968,سوپرمارکت هایپر تاکسیرانی (شریعتی),False,https://cdn.snapp.express/media/cache/vendor_item_cover/uploads/images/vendors/covers/654f5d5a474f0.jpg,0,70000,3kjovn,ACTIVE,باغ صبا-سهروردی,19,False,https://cdn.snapp.express/media/cache/vendor_logo/uploads/images/vendors/logos/654f5d5a416f0.png,True,False,45,,8.4,VendorListItem
64883,هایپراستار تیراژه(همواره تخفیف),False,https://cdn.snapp.express/media/cache/vendor_item_cover/uploads/images/vendors/covers/60ab76c704842.jpg,76550,125000,0rxw98,ACTIVE,نظام آباد,3335,False,https://cdn.snapp.express/media/cache/vendor_logo/uploads/images/vendors/logos/64342c5ac47df.png,True,False,45,,8.4,VendorListItem
113067,سوپرمارکت شبانه روزی آبان (کریم خان),False,https://cdn.snapp.express/media/cache/vendor_item_cover/uploads/images/vendors/covers/6575b7a0a6207.jpg,0,70000,0jj4gr,ACTIVE,بهجت آباد,8,False,https://cdn.snapp.express/media/cache/vendor_logo/uploads/images/vendors/logos/6575b7a09c6d9.png,True,False,45,,7.8,VendorListItem
102331,گندم سبلان (همواره تخفیف),False,https://cdn.snapp.express/media/cache/vendor_item_cover/uploads/images/vendors/covers/6182395ba8dc2.jpg,4002,80000,0my5ov,ACTIVE,لشكر غربی,196,False,https://cdn.snapp.express/media/cache/vendor_logo/uploads/images/vendors/logos/64342b3a8d27d.png,True,False,45,,7.6,VendorListItem
62627,سوپرمارکت یاران دریان تسلیحات (شهید ثانی),False,https://cdn.snapp.express/media/cache/vendor_item_cover/uploads/images/vendors/covers/60a78ffc125d7.jpg,24798,70000,3dmkyw,ACTIVE,تسليحات,1107,False,https://cdn.snapp.express/media/cache/vendor_logo/uploads/images/vendors/logos/64342e475771d.png,True,False,45,,9.0,VendorListItem
51004,سوپرمارکت حیدر بابا (شهید ثانی),False,https://cdn.snapp.express/media/cache/vendor_item_cover/uploads/images/vendors/covers/60a4f6f43710b.jpg,56941,70000,0yvmzr,ACTIVE,دردشت,1720,False,https://cdn.snapp.express/media/cache/vendor_logo/uploads/images/vendors/logos/default.png,True,False,45,,9.6,VendorListItem
113109,فروشگاه طاها(شوینده بهداشتی),False,,0,180000,0q1512,ACTIVE,نارمک,1,False,https://cdn.snapp.express/media/cache/vendor_logo/uploads/images/vendors/logos/65e6fc1feaf1e.jpg,True,False,45,,9.6,VendorListItem
111550,سوپرمارکت هایپر دریانی 2 (تهرانپارس),False,https://cdn.snapp.express/media/cache/vendor_item_cover/uploads/images/vendors/covers/631ed2b39a07f.jpg,1160,70000,09e41k,ACTIVE,آشتيانی,176,False,https://cdn.snapp.express/media/cache/vendor_logo/uploads/images/vendors/logos/default.png,True,False,45,,8.4,VendorListItem
112491,دیلی مارکت میدان آزادی شهر قدس (همواره تخفیف),False,https://cdn.snapp.express/media/cache/vendor_item_cover/uploads/images/vendors/covers/64c10e1995f89.jpg,0,120000,0jjrgr,ACTIVE,آزادی,1,False,https://cdn.snapp.express/media/cache/vendor_logo/uploads/images/vendors/logos/65b4f648aca5d.jpg,True,False,45,,5.6,VendorListItem
56467,سوپرمارکت شقایق (فردوس غرب),False,https://cdn.snapp.express/media/cache/vendor_item_cover/uploads/images/vendors/covers/60a627750c303.jpg,30845,70000,0j4ne9,ACTIVE,شهرک پرواز,975,False,https://cdn.snapp.express/media/cache/vendor_logo/uploads/images/vendors/logos/default.png,True,False,45,,8.4,VendorListItem
87363,سوپرمارکت استار نظرلو (فردوس شرق),False,https://cdn.snapp.express/media/cache/vendor_item_cover/uploads/images/vendors/covers/612b981ab26f5.jpg,1523,70000,0ndvor,ACTIVE,فردوس شرق,104,False,https://cdn.snapp.express/media/cache/vendor_logo/uploads/images/vendors/logos/default.png,True,False,45,,9.0,VendorListItem
110248,سوپرمارکت توت فرنگی(بلوار فردوس),False,https://cdn.snapp.express/media/cache/vendor_item_cover/uploads/images/vendors/covers/62245e4261999.jpg,1426,70000,0wwljv,ACTIVE,فردوس شرق,102,False,https://cdn.snapp.express/media/cache/vendor_logo/uploads/images/vendors/logos/default.png,True,False,45,,8.8,VendorListItem
113296,سوپرمارکت امیر سالار (فردوس),False,https://cdn.snapp.express/media/cache/vendor_item_cover/uploads/images/vendors/covers/65ab83532c440.jpg,0,70000,0wqzvv,ACTIVE,فردوس شرق,4,False,https://cdn.snapp.express/media/cache/vendor_logo/uploads/images/vendors/logos/65ab8353222ba.png,True,False,45,,8.6,VendorListItem
71485,سوپرمارکت علمدار 67 (صادقیه),False,https://cdn.snapp.express/media/cache/vendor_item_cover/uploads/images/vendors/covers/60ab48205b5f2.jpg,1884,70000,p8g7v2,ACTIVE,فردوس شرق,113,False,https://cdn.snapp.express/media/cache/vendor_logo/uploads/images/vendors/logos/default.png,True,False,45,,8.2,VendorListItem
96446,سوپرمارکت یاران دریان من و سن (ستارخان),False,https://cdn.snapp.express/media/cache/vendor_item_cover/uploads/images/vendors/covers/616568a094b6d.jpg,3999,70000,p5w4vn,ACTIVE,شهرآرا,183,False,https://cdn.snapp.express/media/cache/vendor_logo/uploads/images/vendors/logos/64342e475771d.png,True,False,45,,8.4,VendorListItem
113933,فروشگاه هفت نیایش (همواره تخفیف),False,https://cdn.snapp.express/media/cache/vendor_item_cover/uploads/images/vendors/covers/666ed7c22fc4f.jpeg,0,80000,0q1dqd,ACTIVE,شهرآرا,4,False,https://cdn.snapp.express/media/cache/vendor_logo/uploads/images/vendors/logos/666ed7c22bcdd.jfif,True,False,45,,0.0,VendorListItem
112678,سوپرمارکت وان (ستارخان),False,https://cdn.snapp.express/media/cache/vendor_item_cover/uploads/images/vendors/covers/65140b2b47ebd.jpg,0,70000,p6zjne,ACTIVE,شهرآرا,21,False,https://cdn.snapp.express/media/cache/vendor_logo/uploads/images/vendors/logos/65140b2b400c4.png,True,False,45,,8.8,VendorListItem
109452,جانبو ستارخان امام منتظر (همواره تخفیف),False,https://cdn.snapp.express/media/cache/vendor_item_cover/uploads/images/vendors/covers/6603e07052cf3.png,1341,100000,0y97yd,ACTIVE,تهران ويلا,38,False,https://cdn.snapp.express/media/cache/vendor_logo/uploads/images/vendors/logos/6603e07033326.jpg,True,False,45,,8.01,VendorListItem
113365,مینو مارت امیرآباد(همواره تخفیف),False,https://cdn.snapp.express/media/cache/vendor_item_cover/uploads/images/vendors/covers/65cc994ad05d0.jpg,0,80000,3eeqxj,ACTIVE,فاطمی,4,False,https://cdn.snapp.express/media/cache/vendor_logo/uploads/images/vendors/logos/65cc994acd04b.jpg,True,False,45,,8.2,VendorListItem
109732,جانبو نامجو (همواره تخفیف),False,https://cdn.snapp.express/media/cache/vendor_item_cover/uploads/images/vendors/covers/61f2839bc5fd3.png,0,80000,0ldvke,ACTIVE,خواجه نظام الملک,0,False,https://cdn.snapp.express/media/cache/vendor_logo/uploads/images/vendors/logos/66a0fb03cbf12.jpg,True,False,45,,0.0,VendorListItem
109498,جانبو شهرک آزادی (همواره تخفیف),False,https://cdn.snapp.express/media/cache/vendor_item_cover/uploads/images/vendors/covers/667968cb408c0.png,370,100000,09jk6q,ACTIVE,شهرک فرهنگيان- آزادی,10,False,https://cdn.snapp.express/media/cache/vendor_logo/uploads/images/vendors/logos/667968cb3ba72.jpg,True,False,45,,6.71,VendorListItem
113611,سوپرمارکت شهرک آزادی (آزادی),False,,0,70000,0rqyyz,ACTIVE,شهرک فرهنگيان- آزادی,3,False,https://cdn.snapp.express/media/cache/vendor_logo/uploads/images/vendors/logos/65ed8f8bf193b.png,True,False,45,,6.8,VendorListItem
113170,سوپرمارکت تک حیاط (کارگر),False,https://cdn.snapp.express/media/cache/vendor_item_cover/uploads/images/vendors/covers/658bdc0e06830.jpg,0,70000,p5zr7v,ACTIVE,فاطمی,20,False,https://cdn.snapp.express/media/cache/vendor_logo/uploads/images/vendors/logos/658bdc0df37ff.png,True,False,45,,8.4,VendorListItem
111969,سوپرمارکت باران هریس (ستارخان),False,https://cdn.snapp.express/media/cache/vendor_item_cover/uploads/images/vendors/covers/63baa4616cce4.jpg,0,70000,31zmww,ACTIVE,صادقیه,23,False,https://cdn.snapp.express/media/cache/vendor_logo/uploads/images/vendors/logos/64342e475771d.png,True,False,45,,8.0,VendorListItem
113542,فروشگاه بهار (شوینده بهداشتی),False,,0,180000,37rwx2,ACTIVE,صادقیه,2,False,https://cdn.snapp.express/media/cache/vendor_logo/uploads/images/vendors/logos/65e6fa26efeba.jpg,True,False,45,,8.6,VendorListItem
113136,فروشگاه نارین (شوینده بهداشتی),False,,0,180000,pojo1q,ACTIVE,ایرانشهر,2,False,https://cdn.snapp.express/media/cache/vendor_logo/uploads/images/vendors/logos/65e6fc032438d.jpg,True,False,45,,9.2,VendorListItem
111140,فروشگاه هفت فاطمی(همواره تخفیف),False,https://cdn.snapp.express/media/cache/vendor_item_cover/uploads/images/vendors/covers/63f229b47d677.png,1163,80000,3xwye4,ACTIVE,کشاورز,102,False,https://cdn.snapp.express/media/cache/vendor_logo/uploads/images/vendors/logos/662dfafb1d823.png,True,False,45,,8.8,VendorListItem
111734,سوپرمارکت هایپر نمونه دریانی (تهران نو),False,https://cdn.snapp.express/media/cache/vendor_item_cover/uploads/images/vendors/covers/636bab64061ca.jpg,1723,70000,pz9n4w,ACTIVE,تسليحات,311,False,https://cdn.snapp.express/media/cache/vendor_logo/uploads/images/vendors/logos/default.png,True,False,45,,7.8,VendorListItem
111474,فروشگاه هفت تهران -سبلان 2(همواره تخفیف),False,https://cdn.snapp.express/media/cache/vendor_item_cover/uploads/images/vendors/covers/63f22a0035c5f.png,1271,80000,09e48d,ACTIVE,شارق,111,False,https://cdn.snapp.express/media/cache/vendor_logo/uploads/images/vendors/logos/65d75dee317ef.png,True,False,45,,8.6,VendorListItem
65181,سوپرمارکت میران (نارمک),False,https://cdn.snapp.express/media/cache/vendor_item_cover/uploads/images/vendors/covers/60a7a12ed11dd.jpg,14575,70000,0q5wr2,ACTIVE,زركش,739,False,https://cdn.snapp.express/media/cache/vendor_logo/uploads/images/vendors/logos/default.png,True,False,45,,9.2,VendorListItem
110925,دیلی مارکت سی متری نارمک (همواره تخفیف),False,https://cdn.snapp.express/media/cache/vendor_item_cover/uploads/images/vendors/covers/631706b13de9e.jpg,444,75000,0gklxq,ACTIVE,نارمک,20,False,https://cdn.snapp.express/media/cache/vendor_logo/uploads/images/vendors/logos/65b64d9033d35.jpg,True,False,45,,5.8,VendorListItem
112292,دیلی مارکت بلوار قربانی شهر قدس (همواره تخفیف),False,https://cdn.snapp.express/media/cache/vendor_item_cover/uploads/images/vendors/covers/64a2793da89d1.jpg,0,90000,3kj6yg,ACTIVE,شورا,9,False,https://cdn.snapp.express/media/cache/vendor_logo/uploads/images/vendors/logos/65b617dfc5e33.jpg,True,False,30,,8.6,VendorListItem
113663,فروشگاه هفت شهرک آپادانا (همواره تخفیف ),False,https://cdn.snapp.express/media/cache/vendor_item_cover/uploads/images/vendors/covers/65f7f1242f44f.jpeg,0,85000,0njwv8,ACTIVE,آپادانا,0,False,https://cdn.snapp.express/media/cache/vendor_logo/uploads/images/vendors/logos/65f7f12423402.jfif,True,False,45,,7.8,VendorListItem
111572,سوپرمارکت علیز مارکت (فاطمی),False,https://cdn.snapp.express/media/cache/vendor_item_cover/uploads/images/vendors/covers/633197a6a8eb9.jpg,1217,70000,0wqdv8,ACTIVE,فاطمی,103,False,https://cdn.snapp.express/media/cache/vendor_logo/uploads/images/vendors/logos/default.png,True,False,45,,8.4,VendorListItem
114075,جانبوکشاورز(همواره تخفیف),False,https://cdn.snapp.express/media/cache/vendor_item_cover/uploads/images/vendors/covers/66aa11d267742.png,0,80000,3devqg,ACTIVE,کشاورز,0,False,https://cdn.snapp.express/media/cache/vendor_logo/uploads/images/vendors/logos/66aa11d262551.jpg,True,False,45,,0.0,VendorListItem
111747,سوپرمارکت برادران حافظی (شریعتی),False,https://cdn.snapp.express/media/cache/vendor_item_cover/uploads/images/vendors/covers/637338f06dbd9.jpg,334,70000,32zm62,ACTIVE,باغ صبا-سهروردی,122,False,https://cdn.snapp.express/media/cache/vendor_logo/uploads/images/vendors/logos/637338f068629.jpg,True,False,45,,9.2,VendorListItem
111555,اسمارت امام حسین (سوپرمارکت زنجیره ای اسنپ),False,https://cdn.snapp.express/media/cache/vendor_item_cover/uploads/images/vendors/covers/6525084e10d10.png,31198,100000,0mje2z,ACTIVE,اسدی,2911,True,https://cdn.snapp.express/media/cache/vendor_logo/uploads/images/vendors/logos/65230ff0c3dde.png,True,False,45,,9.4,VendorListItem
109734,جانبو سبلان (همواره تخفیف),False,https://cdn.snapp.express/media/cache/vendor_item_cover/uploads/images/vendors/covers/61f29e5d7af64.png,40,80000,pzdjy1,ACTIVE,شارق,0,False,https://cdn.snapp.express/media/cache/vendor_logo/uploads/images/vendors/logos/6679681fb15e4.jpg,True,False,45,,8.97,VendorListItem
110223,فروشگاه هفت سبلان (همواره تخفیف),False,https://cdn.snapp.express/media/cache/vendor_item_cover/uploads/images/vendors/covers/63f22c489241d.png,882,80000,32qlz5,ACTIVE,شارق,69,False,https://cdn.snapp.express/media/cache/vendor_logo/uploads/images/vendors/logos/64342a4c8225c.png,True,False,45,,9.2,VendorListItem
110429,سوپرمارکت یاران دریان نارمک جنوبی,False,https://cdn.snapp.express/media/cache/vendor_item_cover/uploads/images/vendors/covers/6264e2d058da0.jpg,1570,70000,pvl6v1,ACTIVE,نارمک,120,False,https://cdn.snapp.express/media/cache/vendor_logo/uploads/images/vendors/logos/64342e475771d.png,True,False,45,,8.0,VendorListItem
111462,سوپرمارکت بهار(شریعتی),False,https://cdn.snapp.express/media/cache/vendor_item_cover/uploads/images/vendors/covers/6304b865807ae.jpg,663,70000,p4z48j,ACTIVE,بهار,73,False,https://cdn.snapp.express/media/cache/vendor_logo/uploads/images/vendors/logos/default.png,True,False,45,,8.6,VendorListItem
113825,سوپرمارکت یاران دریان دوهزار (شهرک دانشگاه),False,,0,70000,0gkr1m,ACTIVE,شهرک دانشگاه تهران,0,False,https://cdn.snapp.express/media/cache/vendor_logo/uploads/images/vendors/logos/664086f9b644b.png,True,False,45,,0.0,VendorListItem
97403,سوپرمارکت تاپ آپادانا (شهرک آپادانا),False,https://cdn.snapp.express/media/cache/vendor_item_cover/uploads/images/vendors/covers/616bcba49b9a6.jpg,2063,70000,3d7q5w,ACTIVE,آپادانا,83,False,https://cdn.snapp.express/media/cache/vendor_logo/uploads/images/vendors/logos/default.png,True,False,45,,8.8,VendorListItem
95933,سوپرمارکت یاران دریان تک هریس (دریان نو),False,https://cdn.snapp.express/media/cache/vendor_item_cover/uploads/images/vendors/covers/6162a48eeda18.jpg,7134,70000,0qez9d,ACTIVE,دریان نو,274,False,https://cdn.snapp.express/media/cache/vendor_logo/uploads/images/vendors/logos/64342e475771d.png,True,False,45,,8.2,VendorListItem
110338,سوپرمارکت یاران دریان گلبو هریسی (ستارخان),False,https://cdn.snapp.express/media/cache/vendor_item_cover/uploads/images/vendors/covers/6231db8c295b6.jpg,2411,70000,p4qoky,ACTIVE,دریان نو,117,False,https://cdn.snapp.express/media/cache/vendor_logo/uploads/images/vendors/logos/64342e475771d.png,True,False,45,,8.8,VendorListItem
44157,سوپرمارکت شبانه روزی جام جم (بلوار کشاورز),False,https://cdn.snapp.express/media/cache/vendor_item_cover/uploads/images/vendors/covers/60a4da8c6dd46.jpg,52008,70000,0qr5g2,ACTIVE,کشاورز,1836,False,https://cdn.snapp.express/media/cache/vendor_logo/uploads/images/vendors/logos/default.png,True,False,45,,7.6,VendorListItem
55539,سوپرمارکت دهکده (بلوار کشاورز),False,https://cdn.snapp.express/media/cache/vendor_item_cover/uploads/images/vendors/covers/60a50b2625f97.jpg,20516,70000,0nqler,ACTIVE,کشاورز,895,False,https://cdn.snapp.express/media/cache/vendor_logo/uploads/images/vendors/logos/default.png,True,False,45,,8.4,VendorListItem
109624,اسمارت نصرت (سوپرمارکت زنجیره ای اسنپ),False,https://cdn.snapp.express/media/cache/vendor_item_cover/uploads/images/vendors/covers/6523111243982.png,60117,100000,0wwxwv,ACTIVE,جمالزاده,3949,True,https://cdn.snapp.express/media/cache/vendor_logo/uploads/images/vendors/logos/652311123cf15.png,True,False,45,,8.8,VendorListItem
113593,مینو مارت ولیعصر (همواره تخفیف),False,https://cdn.snapp.express/media/cache/vendor_item_cover/uploads/images/vendors/covers/65ec33b28f71c.jpg,0,80000,31z442,ACTIVE,ولیعصر,1,False,https://cdn.snapp.express/media/cache/vendor_logo/uploads/images/vendors/logos/65ec33b25ced7.jpg,True,False,45,,8.4,VendorListItem
109662,فروشگاه هفت شریعتی (همواره تخفیف),False,https://cdn.snapp.express/media/cache/vendor_item_cover/uploads/images/vendors/covers/63f22eec395f7.png,1577,80000,p4qndj,ACTIVE,بهار,90,False,https://cdn.snapp.express/media/cache/vendor_logo/uploads/images/vendors/logos/64342a4c8225c.png,True,False,45,,8.6,VendorListItem
113327,سوپرمارکت یاران دریان ارغوان کهن (خیابان دماوند),False,https://cdn.snapp.express/media/cache/vendor_item_cover/uploads/images/vendors/covers/65b5f96c14229.jpg,0,70000,3demyx,ACTIVE,شارق,2,False,https://cdn.snapp.express/media/cache/vendor_logo/uploads/images/vendors/logos/65b5f96c059b2.png,True,False,45,,0.0,VendorListItem
111916,سوپر مارکت خانواده (مدنی),False,https://cdn.snapp.express/media/cache/vendor_item_cover/uploads/images/vendors/covers/63a049625bf69.jpg,107,70000,3xwjg2,ACTIVE,وحيديه,51,False,https://cdn.snapp.express/media/cache/vendor_logo/uploads/images/vendors/logos/default.png,True,False,45,,7.8,VendorListItem
113665,فروشگاه هفت محور ماشین (همواره تخفیف ),False,https://cdn.snapp.express/media/cache/vendor_item_cover/uploads/images/vendors/covers/65f7f826c9486.jpeg,0,85000,3ee2e5,ACTIVE,شهرک استقلال,1,False,https://cdn.snapp.express/media/cache/vendor_logo/uploads/images/vendors/logos/65f7f8269b57a.jfif,True,False,45,,8.4,VendorListItem
109854,سوپرمارکت آفرین دریانی(اکباتان),False,https://cdn.snapp.express/media/cache/vendor_item_cover/uploads/images/vendors/covers/62038b7ea479d.jpg,3256,70000,p6reqg,ACTIVE,اكباتان,202,False,https://cdn.snapp.express/media/cache/vendor_logo/uploads/images/vendors/logos/default.png,True,False,45,,9.0,VendorListItem
111966,سوپرمارکت صدرا (اکباتان),False,https://cdn.snapp.express/media/cache/vendor_item_cover/uploads/images/vendors/covers/63b279d38d2f9.jpg,0,70000,37rx69,ACTIVE,بيمه,75,False,https://cdn.snapp.express/media/cache/vendor_logo/uploads/images/vendors/logos/default.png,True,False,45,,8.0,VendorListItem
110207,فروشگاه هفت باقرخان (همواره تخفیف),False,https://cdn.snapp.express/media/cache/vendor_item_cover/uploads/images/vendors/covers/63f22c91bee5d.png,1020,80000,0myryr,ACTIVE,شهرآرا,54,False,https://cdn.snapp.express/media/cache/vendor_logo/uploads/images/vendors/logos/65f008af1bb43.png,True,False,45,,8.6,VendorListItem
110170,فروشگاه هفت ستارخان (همواره تخفیف),False,https://cdn.snapp.express/media/cache/vendor_item_cover/uploads/images/vendors/covers/63f22db4cbc5a.png,2188,80000,p5q4wv,ACTIVE,توحيد,147,False,https://cdn.snapp.express/media/cache/vendor_logo/uploads/images/vendors/logos/64342a4c8225c.png,True,False,45,,8.8,VendorListItem
56145,سوپرمارکت یاس دریانی (بلوار کشاورز),False,https://cdn.snapp.express/media/cache/vendor_item_cover/uploads/images/vendors/covers/60a62ca5d273f.jpg,44137,70000,31x2ew,ACTIVE,کشاورز,1366,False,https://cdn.snapp.express/media/cache/vendor_logo/uploads/images/vendors/logos/default.png,True,False,45,,9.2,VendorListItem
110802,سوپرمارکت برادران خوانساری (فلسطین),False,https://cdn.snapp.express/media/cache/vendor_item_cover/uploads/images/vendors/covers/62babae33f213.jpg,1816,70000,09exed,ACTIVE,فلسطین,171,False,https://cdn.snapp.express/media/cache/vendor_logo/uploads/images/vendors/logos/default.png,True,False,45,,8.6,VendorListItem
113256,سوپرمارکت امیران (پیچ شمرون),False,https://cdn.snapp.express/media/cache/vendor_item_cover/uploads/images/vendors/covers/659bbb4fc932e.jpg,0,70000,0ljern,ACTIVE,خواجه نصير-حقوقی,1,False,https://cdn.snapp.express/media/cache/vendor_logo/uploads/images/vendors/logos/659bbb4fa42ff.png,True,False,45,,0.0,VendorListItem
111188,سوپرمارکت غفاری (اجاره دار),False,https://cdn.snapp.express/media/cache/vendor_item_cover/uploads/images/vendors/covers/62e52fefcd238.jpg,1954,70000,3xwdy4,ACTIVE,خواجه نظام الملک,183,False,https://cdn.snapp.express/media/cache/vendor_logo/uploads/images/vendors/logos/default.png,True,False,45,,9.0,VendorListItem
114063,جانبو معینیه گرگان(همواره تخفیف),False,https://cdn.snapp.express/media/cache/vendor_item_cover/uploads/images/vendors/covers/669f72a76b1b8.png,0,80000,0njdl2,ACTIVE,گرگان- دهقان,2,False,https://cdn.snapp.express/media/cache/vendor_logo/uploads/images/vendors/logos/669f72a766f61.jpg,True,False,45,,0.0,VendorListItem
55552,سوپرمارکت پارسیان (مدنی),False,https://cdn.snapp.express/media/cache/vendor_item_cover/uploads/images/vendors/covers/60a504a7043f5.jpg,28056,70000,0yry2m,ACTIVE,نظام آباد,1123,False,https://cdn.snapp.express/media/cache/vendor_logo/uploads/images/vendors/logos/default.png,True,False,45,,8.4,VendorListItem
114175,فروشگاه هفت دماوند (همواره تخفیف),False,https://cdn.snapp.express/media/cache/vendor_item_cover/uploads/images/vendors/covers/66b0d2154f1d9.jpeg,0,80000,3devr7,ACTIVE,شارق,0,False,https://cdn.snapp.express/media/cache/vendor_logo/uploads/images/vendors/logos/66b0d2154c297.jfif,True,False,30,,0.0,VendorListItem
110179,فروشگاه هفت نیرو هوایی (همواره تخفیف),False,https://cdn.snapp.express/media/cache/vendor_item_cover/uploads/images/vendors/covers/63f22d4eba912.png,939,80000,0myr9v,ACTIVE,حافظيه,78,False,https://cdn.snapp.express/media/cache/vendor_logo/uploads/images/vendors/logos/64342a4c8225c.png,True,False,45,,8.8,VendorListItem
113437,دیلی مارکت خیابان نیروی هوایی (همواره تخفیف),False,https://cdn.snapp.express/media/cache/vendor_item_cover/uploads/images/vendors/covers/65d0741416bd8.jpg,0,100000,p8e7j2,ACTIVE,حافظيه,7,False,https://cdn.snapp.express/media/cache/vendor_logo/uploads/images/vendors/logos/65d07413e436c.jpg,True,False,45,,7.4,VendorListItem
109789,جانبو کمال الملک(همواره تخفیف),False,https://cdn.snapp.express/media/cache/vendor_item_cover/uploads/images/vendors/covers/61fa5432be042.png,0,80000,3ezk1j,ACTIVE,باشگاه نفت,2,False,https://cdn.snapp.express/media/cache/vendor_logo/uploads/images/vendors/logos/664323943ec75.jpg,True,False,45,,0.0,VendorListItem
113298,سوپرمارکت دریان مارکت (تهرانسر),False,https://cdn.snapp.express/media/cache/vendor_item_cover/uploads/images/vendors/covers/65ab8ee3e78e6.jpg,0,70000,09e7md,ACTIVE,باشگاه نفت,5,False,https://cdn.snapp.express/media/cache/vendor_logo/uploads/images/vendors/logos/65ab8ee3d8567.png,True,False,45,,8.4,VendorListItem
71656,سوپرمارکت نوژان (اکباتان),False,https://cdn.snapp.express/media/cache/vendor_item_cover/uploads/images/vendors/covers/60ab465a1238b.jpg,12874,70000,0lme5z,ACTIVE,بيمه,478,False,https://cdn.snapp.express/media/cache/vendor_logo/uploads/images/vendors/logos/default.png,True,False,45,,9.2,VendorListItem
109516,سوپرمارکت یاران دریان فکری (شادمهر),False,https://cdn.snapp.express/media/cache/vendor_item_cover/uploads/images/vendors/covers/61cb6c4fcd567.jpg,2161,70000,3xge12,ACTIVE,دریان نو,129,False,https://cdn.snapp.express/media/cache/vendor_logo/uploads/images/vendors/logos/64342e475771d.png,True,False,45,,8.4,VendorListItem
111064,سوپرمارکت اخوان (فلسطین),False,https://cdn.snapp.express/media/cache/vendor_item_cover/uploads/images/vendors/covers/62d66f012d464.jpg,2837,70000,3xwyx6,ACTIVE,فلسطین,315,False,https://cdn.snapp.express/media/cache/vendor_logo/uploads/images/vendors/logos/default.png,True,False,45,,8.4,VendorListItem
113106,فروشگاه یلدا (شوینده بهداشتی),False,,0,180000,p6z7zw,ACTIVE,نيروی هوايی,0,False,https://cdn.snapp.express/media/cache/vendor_logo/uploads/images/vendors/logos/65e6fc3986e6a.jpg,True,False,45,,8.2,VendorListItem
113352,سوپرمارکت سعید مارکت (تهرانسر),False,https://cdn.snapp.express/media/cache/vendor_item_cover/uploads/images/vendors/covers/65b8f3b5d39c3.jpg,0,70000,0ygrey,ACTIVE,شهرک استقلال,5,False,https://cdn.snapp.express/media/cache/vendor_logo/uploads/images/vendors/logos/65b8f3b5b4696.png,True,False,45,,7.4,VendorListItem
83808,جانبو اکباتان (همواره تخفیف),False,https://cdn.snapp.express/media/cache/vendor_item_cover/uploads/images/vendors/covers/6603ded04ade7.png,5903,100000,0lg2kn,ACTIVE,بيمه,225,False,https://cdn.snapp.express/media/cache/vendor_logo/uploads/images/vendors/logos/6603ded047642.jpg,True,False,45,,8.2,VendorListItem
77079,سوپرمارکت دوستان (اکباتان),False,https://cdn.snapp.express/media/cache/vendor_item_cover/uploads/images/vendors/covers/60d1aff4207a1.jpg,8502,70000,0mmxvo,ACTIVE,اكباتان,339,False,https://cdn.snapp.express/media/cache/vendor_logo/uploads/images/vendors/logos/default.png,True,False,45,,9.2,VendorListItem
111875,سوپرمارکت شکلات نیکا (اکباتان),False,,0,70000,3de5rw,ACTIVE,اكباتان,14,False,https://cdn.snapp.express/media/cache/vendor_logo/uploads/images/vendors/logos/default.png,True,False,45,,9.0,VendorListItem
109791,جانبو اکبری (همواره تخفیف),False,https://cdn.snapp.express/media/cache/vendor_item_cover/uploads/images/vendors/covers/6603dfef0d179.png,1511,100000,0jgd1q,ACTIVE,تیموری,54,False,https://cdn.snapp.express/media/cache/vendor_logo/uploads/images/vendors/logos/6603dfeedab3f.jpg,True,False,45,,8.5,VendorListItem
109607,سوپرمارکت گل(جمالزاده شمالی),False,https://cdn.snapp.express/media/cache/vendor_item_cover/uploads/images/vendors/covers/61dc0924c9ea6.jpg,3073,70000,0my69r,ACTIVE,جمالزاده,174,False,https://cdn.snapp.express/media/cache/vendor_logo/uploads/images/vendors/logos/default.png,True,False,45,,8.6,VendorListItem
38908,سوپرمارکت تبریزیان (فردوسی),False,https://cdn.snapp.express/media/cache/vendor_item_cover/uploads/images/vendors/covers/60a4fff2e78b4.jpg,26348,70000,0l6yxe,ACTIVE,ولیعصر,1109,False,https://cdn.snapp.express/media/cache/vendor_logo/uploads/images/vendors/logos/default.png,True,False,45,,8.0,VendorListItem
55366,سوپرمارکت نمونه (دروازه دولت),False,https://cdn.snapp.express/media/cache/vendor_item_cover/uploads/images/vendors/covers/60a4fb163f30d.jpg,51693,70000,3754x2,ACTIVE,ایرانشهر,1480,False,https://cdn.snapp.express/media/cache/vendor_logo/uploads/images/vendors/logos/default.png,True,False,45,,8.8,VendorListItem
110564,دیلی مارکت تهرانسر (همواره تخفیف),False,https://cdn.snapp.express/media/cache/vendor_item_cover/uploads/images/vendors/covers/627be46865629.jpg,1257,100000,3xgze4,ACTIVE,باشگاه نفت,83,False,https://cdn.snapp.express/media/cache/vendor_logo/uploads/images/vendors/logos/65b61dcc7798f.jpg,True,False,45,,8.2,VendorListItem
110201,فروشگاه هفت تهرانسر قباد (همواره تخفیف),False,https://cdn.snapp.express/media/cache/vendor_item_cover/uploads/images/vendors/covers/63f22d1042f69.png,0,80000,0gz5zm,ACTIVE,باشگاه نفت,33,False,https://cdn.snapp.express/media/cache/vendor_logo/uploads/images/vendors/logos/64342a4c8225c.png,True,False,45,,8.8,VendorListItem
110532,گندم تهرانسر (همواره تخفیف),False,https://cdn.snapp.express/media/cache/vendor_item_cover/uploads/images/vendors/covers/6276626343d7f.jpg,2089,80000,0ldq4k,ACTIVE,شهرک پاسدران,142,False,https://cdn.snapp.express/media/cache/vendor_logo/uploads/images/vendors/logos/64342b3a8d27d.png,True,False,45,,8.8,VendorListItem
34201,سوپرمارکت بعثت (شهرک اکباتان),False,https://cdn.snapp.express/media/cache/vendor_item_cover/uploads/images/vendors/covers/60a4fcdcb9c6a.jpg,40376,70000,0god2n,ACTIVE,آپادانا,1479,False,https://cdn.snapp.express/media/cache/vendor_logo/uploads/images/vendors/logos/default.png,True,False,45,,8.6,VendorListItem
63593,سوپرمارکت یاران دریان تمدن (آذربایجان),False,https://cdn.snapp.express/media/cache/vendor_item_cover/uploads/images/vendors/covers/60a8eab2cf5ce.jpg,19359,70000,31xrwy,ACTIVE,سلسبيل شمالی,767,False,https://cdn.snapp.express/media/cache/vendor_logo/uploads/images/vendors/logos/64342e475771d.png,True,False,45,,8.8,VendorListItem
112036,جانبو فردوسی انقلاب تهران(همواره تخفیف),False,https://cdn.snapp.express/media/cache/vendor_item_cover/uploads/images/vendors/covers/63eb522b90854.png,0,80000,pojzko,ACTIVE,ایرانشهر,3,False,https://cdn.snapp.express/media/cache/vendor_logo/uploads/images/vendors/logos/64342aba32ce7.png,True,False,45,,9.0,VendorListItem
112981,فروشگاه هفت خاقانی (همواره تخفیف),False,https://cdn.snapp.express/media/cache/vendor_item_cover/uploads/images/vendors/covers/6559d6e0efff7.png,0,80000,0q15r9,ACTIVE,FIXME,2,False,https://cdn.snapp.express/media/cache/vendor_logo/uploads/images/vendors/logos/6559d6e0e88d6.png,True,False,45,,7.8,VendorListItem
110528,گندم نیروی هوایی(همواره تخفیف),False,https://cdn.snapp.express/media/cache/vendor_item_cover/uploads/images/vendors/covers/627651e6f30ac.jpg,1048,80000,0y9o6g,ACTIVE,نيروی هوايی,76,False,https://cdn.snapp.express/media/cache/vendor_logo/uploads/images/vendors/logos/64342b3a8d27d.png,True,False,45,,8.6,VendorListItem
109808,جانبو سی متری نیروی هوایی(همواره تخفیف),False,https://cdn.snapp.express/media/cache/vendor_item_cover/uploads/images/vendors/covers/61fbaec5e8d61.png,785,80000,0ldvrj,ACTIVE,پیروزی,43,False,https://cdn.snapp.express/media/cache/vendor_logo/uploads/images/vendors/logos/65e70f20c53bc.jpg,True,False,45,,8.6,VendorListItem
109402,سوپرمارکت یاران دریان نمونه (تهرانسر),False,https://cdn.snapp.express/media/cache/vendor_item_cover/uploads/images/vendors/covers/61ac78ccee122.jpg,1495,70000,09jvkq,ACTIVE,باشگاه نفت,125,False,https://cdn.snapp.express/media/cache/vendor_logo/uploads/images/vendors/logos/64342e475771d.png,True,False,45,,8.4,VendorListItem
66616,هایپراستار جیحون (همواره تخفیف),False,https://cdn.snapp.express/media/cache/vendor_item_cover/uploads/images/vendors/covers/603221aae3422.jpg,50761,85000,3x2xl6,ACTIVE,هاشمی,2468,False,https://cdn.snapp.express/media/cache/vendor_logo/uploads/images/vendors/logos/64342c5ac47df.png,True,False,45,,8.8,VendorListItem
110924,دیلی مارکت خیابان آذربایجان(همواره تخفیف),False,https://cdn.snapp.express/media/cache/vendor_item_cover/uploads/images/vendors/covers/6317069a392b5.jpg,251,100000,0wq528,ACTIVE,سلسبيل شمالی,36,False,https://cdn.snapp.express/media/cache/vendor_logo/uploads/images/vendors/logos/65b61cda6039a.jpg,True,False,45,,9.0,VendorListItem
112974,سوپرمارکت شهبندی (جیحون),False,https://cdn.snapp.express/media/cache/vendor_item_cover/uploads/images/vendors/covers/6551f4289b23a.jpg,0,70000,09e7wy,ACTIVE,زنجان جنوبی,4,False,https://cdn.snapp.express/media/cache/vendor_logo/uploads/images/vendors/logos/6551f42896601.png,True,False,45,,8.4,VendorListItem
113573,سوپرمارکت سام (فخررازی),False,,0,70000,0gkrgr,ACTIVE,انقلاب-فلسطین,5,False,https://cdn.snapp.express/media/cache/vendor_logo/uploads/images/vendors/logos/65e70a8dceb3f.png,True,False,45,,8.8,VendorListItem
44942,سوپرمارکت یاران دریان خورشید (دروازه شمیران),False,https://cdn.snapp.express/media/cache/vendor_item_cover/uploads/images/vendors/covers/60a4e1c0735c5.jpg,77974,70000,37y94n,ACTIVE,دروازه شميران,2787,False,https://cdn.snapp.express/media/cache/vendor_logo/uploads/images/vendors/logos/default.png,True,False,45,,9.0,VendorListItem
110658,فروشگاه هفت پیروزی -دهقان(همواره تخفیف),False,https://cdn.snapp.express/media/cache/vendor_item_cover/uploads/images/vendors/covers/63f22bc7de320.png,661,80000,pz96e2,ACTIVE,دهقان,51,False,https://cdn.snapp.express/media/cache/vendor_logo/uploads/images/vendors/logos/64342a4c8225c.png,True,False,45,,9.4,VendorListItem
109761,وال مارکت نبرد(همواره تخفیف),False,https://cdn.snapp.express/media/cache/vendor_item_cover/uploads/images/vendors/covers/6321c63e4bf08.jpg,7874,100000,p8oj2m,ACTIVE,صددستگاه,565,False,https://cdn.snapp.express/media/cache/vendor_logo/uploads/images/vendors/logos/64342de96b47f.png,True,False,45,,7.0,VendorListItem
81390,جانبو تهرانسر (همواره تخفیف),False,https://cdn.snapp.express/media/cache/vendor_item_cover/uploads/images/vendors/covers/60f6e6bc3292e.png,5157,80000,37wdo9,ACTIVE,باشگاه نفت,222,False,https://cdn.snapp.express/media/cache/vendor_logo/uploads/images/vendors/logos/64342aba32ce7.png,True,False,45,,8.0,VendorListItem
113008,فروشگاه هفت خسروپرویز (همواره تخفیف),False,https://cdn.snapp.express/media/cache/vendor_item_cover/uploads/images/vendors/covers/655ca7645c26c.png,0,80000,0ljeez,ACTIVE,باشگاه نفت,6,False,https://cdn.snapp.express/media/cache/vendor_logo/uploads/images/vendors/logos/655ca76455255.png,True,False,45,,8.0,VendorListItem
55852,سوپرمارکت ابراهیمی (تهرانسر),False,https://cdn.snapp.express/media/cache/vendor_item_cover/uploads/images/vendors/covers/60a607ba66c80.jpg,26965,70000,0yryor,ACTIVE,تهرانسر غربی,1573,False,https://cdn.snapp.express/media/cache/vendor_logo/uploads/images/vendors/logos/default.png,True,False,45,,8.4,VendorListItem
113625,فروشگاه لیان(شوینده بهداشتی),False,,0,180000,0gkr92,ACTIVE,تهرانسر غربی,0,False,https://cdn.snapp.express/media/cache/vendor_logo/uploads/images/vendors/logos/65f14c3842d25.jpg,True,False,45,,8.2,VendorListItem
110040,اسمارت دستغیب (سوپرمارکت زنجیره ای اسنپ),False,https://cdn.snapp.express/media/cache/vendor_item_cover/uploads/images/vendors/covers/6523106d69c4a.png,73343,120000,3xgzdy,ACTIVE,هاشمی,5345,True,https://cdn.snapp.express/media/cache/vendor_logo/uploads/images/vendors/logos/6523106d64fce.png,True,False,45,,9.0,VendorListItem
109845,وال مارکت استاد معین (همواره تخفیف),False,https://cdn.snapp.express/media/cache/vendor_item_cover/uploads/images/vendors/covers/6321c68cb0596.jpg,5889,100000,31qon7,ACTIVE,استاد معين,407,False,https://cdn.snapp.express/media/cache/vendor_logo/uploads/images/vendors/logos/64342de96b47f.png,True,False,45,,8.4,VendorListItem
113976,دیلی مارکت بیست و یک متری جی(همواره تخفیف),False,https://cdn.snapp.express/media/cache/vendor_item_cover/uploads/images/vendors/covers/667fbb44803d3.jpg,0,100000,0ygj6y,ACTIVE,دکترهوشيار,0,False,https://cdn.snapp.express/media/cache/vendor_logo/uploads/images/vendors/logos/667fbb447c7cd.jpg,True,False,45,,0.0,VendorListItem
62784,سوپرمارکت یاران دریان مارال (میدان جمهوری),False,https://cdn.snapp.express/media/cache/vendor_item_cover/uploads/images/vendors/covers/60a79174190b5.jpg,15766,70000,poowqq,ACTIVE,جمهوری,603,False,https://cdn.snapp.express/media/cache/vendor_logo/uploads/images/vendors/logos/65f6ea29e5697.png,True,False,45,,8.0,VendorListItem
114083,جانبو خیابان خوش(همواره تخفیف),False,https://cdn.snapp.express/media/cache/vendor_item_cover/uploads/images/vendors/covers/66a0a3991a6a9.png,0,80000,0rqe58,ACTIVE,سلسبيل شمالی,0,False,https://cdn.snapp.express/media/cache/vendor_logo/uploads/images/vendors/logos/66a0a39915c0b.jpg,True,False,45,,0.0,VendorListItem
111669,سوپرمارکت تبریزی (جمهوری اسلامی),False,https://cdn.snapp.express/media/cache/vendor_item_cover/uploads/images/vendors/covers/6357a4734cf78.jpg,442,70000,31z2d7,ACTIVE,انقلاب-فلسطین,68,False,https://cdn.snapp.express/media/cache/vendor_logo/uploads/images/vendors/logos/default.png,True,False,45,,8.0,VendorListItem
110206,فروشگاه هفت صفا (همواره تخفیف),False,https://cdn.snapp.express/media/cache/vendor_item_cover/uploads/images/vendors/covers/63f22c982dc84.png,1170,80000,p6rxre,ACTIVE,صفا,73,False,https://cdn.snapp.express/media/cache/vendor_logo/uploads/images/vendors/logos/662df9bfc5071.png,True,False,45,,8.4,VendorListItem
93393,اسمارت پیروزی (سوپرمارکت زنجیره ای اسنپ),False,https://cdn.snapp.express/media/cache/vendor_item_cover/uploads/images/vendors/covers/6523144bec07e.png,99794,120000,31j8lw,ACTIVE,شيوا,6559,True,https://cdn.snapp.express/media/cache/vendor_logo/uploads/images/vendors/logos/6523144be5095.png,True,False,45,,9.2,VendorListItem
104270,سوپرمارکت آیهان (کارون),False,https://cdn.snapp.express/media/cache/vendor_item_cover/uploads/images/vendors/covers/618aae3450c54.jpg,1654,70000,p5qk2n,ACTIVE,كارون شمالی,111,False,https://cdn.snapp.express/media/cache/vendor_logo/uploads/images/vendors/logos/default.png,True,False,45,,7.6,VendorListItem
113557,فروشگاه هفت قصرالدشت (همواره تخفیف),False,https://cdn.snapp.express/media/cache/vendor_item_cover/uploads/images/vendors/covers/65e42f1b91232.png,0,80000,0q1dr9,ACTIVE,سلسبيل شمالی,3,False,https://cdn.snapp.express/media/cache/vendor_logo/uploads/images/vendors/logos/65e42f1b8419c.png,True,False,45,,8.0,VendorListItem
109850,سوپرمارکت لیموی آبی(استاد معین),False,https://cdn.snapp.express/media/cache/vendor_item_cover/uploads/images/vendors/covers/620257a247939.jpg,1430,70000,09jko6,ACTIVE,استاد معين,152,False,https://cdn.snapp.express/media/cache/vendor_logo/uploads/images/vendors/logos/default.png,True,False,45,,8.2,VendorListItem
112944,سوپرمارکت سنین مارکت (استاد معین),False,https://cdn.snapp.express/media/cache/vendor_item_cover/uploads/images/vendors/covers/6548eb62ec402.jpg,0,70000,3kjo6n,ACTIVE,استاد معين,9,False,https://cdn.snapp.express/media/cache/vendor_logo/uploads/images/vendors/logos/6548eb62e5638.png,True,False,45,,8.8,VendorListItem
42692,سوپرمارکت اشکان (نواب),False,https://cdn.snapp.express/media/cache/vendor_item_cover/uploads/images/vendors/covers/60a4d77b988b8.jpg,43543,70000,3kv66g,ACTIVE,سلسبيل شمالی,1469,False,https://cdn.snapp.express/media/cache/vendor_logo/uploads/images/vendors/logos/default.png,True,False,45,,9.0,VendorListItem
110236,سوپرمارکت محله(رودکی),False,https://cdn.snapp.express/media/cache/vendor_item_cover/uploads/images/vendors/covers/6223388163405.jpg,895,70000,po6n5o,ACTIVE,سلسبيل شمالی,142,False,https://cdn.snapp.express/media/cache/vendor_logo/uploads/images/vendors/logos/default.png,True,False,45,,8.6,VendorListItem
109851,سوپرمارکت فرهنگیان(بهارستان),False,https://cdn.snapp.express/media/cache/vendor_item_cover/uploads/images/vendors/covers/62025febc4f5d.jpg,4392,70000,3d7jyg,ACTIVE,ایران,559,False,https://cdn.snapp.express/media/cache/vendor_logo/uploads/images/vendors/logos/default.png,True,False,45,,8.8,VendorListItem
111634,سوپرمارکت زرین (میدان شهدا),False,https://cdn.snapp.express/media/cache/vendor_item_cover/uploads/images/vendors/covers/6343f6af76ac8.jpg,1159,70000,pz9n7o,ACTIVE,دروازه شميران,82,False,https://cdn.snapp.express/media/cache/vendor_logo/uploads/images/vendors/logos/default.png,True,False,45,,8.6,VendorListItem
113927,فروشگاه هفت چهار راه کوکاکولا (همواره تخفیف ),False,https://cdn.snapp.express/media/cache/vendor_item_cover/uploads/images/vendors/covers/66698b2d579ad.jpeg,0,80000,3derzx,ACTIVE,دهقان,3,False,https://cdn.snapp.express/media/cache/vendor_logo/uploads/images/vendors/logos/66698b2d53c71.jfif,True,False,45,,0.0,VendorListItem
56561,سوپرمارکت دلفین (تهرانسر),False,https://cdn.snapp.express/media/cache/vendor_item_cover/uploads/images/vendors/covers/60a768db03d96.jpg,12468,70000,p87v7r,ACTIVE,تهرانسر غربی,739,False,https://cdn.snapp.express/media/cache/vendor_logo/uploads/images/vendors/logos/default.png,True,False,45,,9.0,VendorListItem
112965,سوپرمارکت خانواده (تهرانسر),False,https://cdn.snapp.express/media/cache/vendor_item_cover/uploads/images/vendors/covers/654f50a2d91c0.jpg,0,70000,3eeq6m,ACTIVE,تهرانسر غربی,14,False,https://cdn.snapp.express/media/cache/vendor_logo/uploads/images/vendors/logos/654f50a2d0df4.png,True,False,45,,8.6,VendorListItem
113598,مینو مارت هاشمی (همواره تخفیف),False,https://cdn.snapp.express/media/cache/vendor_item_cover/uploads/images/vendors/covers/65ec4dbfea4c6.jpg,0,80000,09e99y,ACTIVE,استاد معين,2,False,https://cdn.snapp.express/media/cache/vendor_logo/uploads/images/vendors/logos/65ec4dbfa25c9.jpg,True,False,45,,8.4,VendorListItem
34371,سوپرمارکت علیشاهی (کارون),False,https://cdn.snapp.express/media/cache/vendor_item_cover/uploads/images/vendors/covers/60a4fe8bb45c3.jpg,55280,70000,32mew2,ACTIVE,كارون شمالی,2054,False,https://cdn.snapp.express/media/cache/vendor_logo/uploads/images/vendors/logos/default.png,True,False,45,,8.4,VendorListItem
111144,فروشگاه هفت کارون سپه(همواره تخفیف),False,https://cdn.snapp.express/media/cache/vendor_item_cover/uploads/images/vendors/covers/63f229da79351.png,657,80000,3kjnmn,ACTIVE,كارون شمالی,46,False,https://cdn.snapp.express/media/cache/vendor_logo/uploads/images/vendors/logos/64342a4c8225c.png,True,False,45,,8.4,VendorListItem
109688,دیلی مارکت کارون(همواره تخفیف),False,https://cdn.snapp.express/media/cache/vendor_item_cover/uploads/images/vendors/covers/620cde8078661.jpg,1896,100000,3xgekw,ACTIVE,كارون شمالی,133,False,https://cdn.snapp.express/media/cache/vendor_logo/uploads/images/vendors/logos/65b61ccd07924.jpg,True,False,45,,8.4,VendorListItem
110653,فروشگاه هفت اسکندری(همواره تخفیف),False,https://cdn.snapp.express/media/cache/vendor_item_cover/uploads/images/vendors/covers/63f22c0b7760a.png,754,80000,pvq9rm,ACTIVE,اسكندری,50,False,https://cdn.snapp.express/media/cache/vendor_logo/uploads/images/vendors/logos/64342a4c8225c.png,True,False,45,,8.4,VendorListItem
111471,سوپرمارکت گلچین (اسکندری),False,https://cdn.snapp.express/media/cache/vendor_item_cover/uploads/images/vendors/covers/6309a906a2c26.jpg,1022,70000,32z7n5,ACTIVE,اسكندری,132,False,https://cdn.snapp.express/media/cache/vendor_logo/uploads/images/vendors/logos/default.png,True,False,45,,9.0,VendorListItem
113007,فروشگاه هفت شیخ هادی (همواره تخفیف),False,https://cdn.snapp.express/media/cache/vendor_item_cover/uploads/images/vendors/covers/655ca2edb3e7f.png,0,80000,0mj11o,ACTIVE,شیخ هادی,7,False,https://cdn.snapp.express/media/cache/vendor_logo/uploads/images/vendors/logos/655ca2eda6cf3.png,True,False,45,,7.6,VendorListItem
109604,سوپرمارکت موسی الرضا(نبرد شمالی),False,https://cdn.snapp.express/media/cache/vendor_item_cover/uploads/images/vendors/covers/6533f03d74c1d.jpg,4271,70000,0y97xn,ACTIVE,صددستگاه,282,False,https://cdn.snapp.express/media/cache/vendor_logo/uploads/images/vendors/logos/6533f03d6d34a.png,True,False,45,,8.8,VendorListItem
110155,فروشگاه هفت پرستار(همواره تخفیف),False,https://cdn.snapp.express/media/cache/vendor_item_cover/uploads/images/vendors/covers/63f22e10ebefe.png,780,80000,0myrmv,ACTIVE,پرستار,62,False,https://cdn.snapp.express/media/cache/vendor_logo/uploads/images/vendors/logos/64342a4c8225c.png,True,False,45,,8.8,VendorListItem
110571,سوپرمارکت زیتون (تهرانسر),False,https://cdn.snapp.express/media/cache/vendor_item_cover/uploads/images/vendors/covers/6280ae253dafd.jpg,0,70000,32qll2,ACTIVE,شهرک پاسدران,1,False,https://cdn.snapp.express/media/cache/vendor_logo/uploads/images/vendors/logos/64342e475771d.png,True,False,45,,0.0,VendorListItem
83885,جانبو دستغیب (همواره تخفیف),False,https://cdn.snapp.express/media/cache/vendor_item_cover/uploads/images/vendors/covers/6603db26153eb.png,2342,110000,p8d51g,ACTIVE,شهيد دستغيب,86,False,https://cdn.snapp.express/media/cache/vendor_logo/uploads/images/vendors/logos/6603db25e1918.jpg,True,False,45,,8.4,VendorListItem
110569,دیلی مارکت هاشمی(همواره تخفیف),False,https://cdn.snapp.express/media/cache/vendor_item_cover/uploads/images/vendors/covers/627c002e1a554.jpg,970,85000,31q662,ACTIVE,دکترهوشيار,45,False,https://cdn.snapp.express/media/cache/vendor_logo/uploads/images/vendors/logos/65b622b341726.jpg,True,False,45,,7.81,VendorListItem
47578,سوپرمارکت جامی (میدان حسن آباد),False,https://cdn.snapp.express/media/cache/vendor_item_cover/uploads/images/vendors/covers/60a4e2ddb5db6.jpg,66127,70000,p6j6n6,ACTIVE,شیخ هادی,2319,False,https://cdn.snapp.express/media/cache/vendor_logo/uploads/images/vendors/logos/default.png,True,False,45,,8.6,VendorListItem
110683,سوپرمارکت کوهستان (امام خمینی),False,https://cdn.snapp.express/media/cache/vendor_item_cover/uploads/images/vendors/covers/629eea230f2f5.jpg,745,70000,0rqmvz,ACTIVE,شیخ هادی,40,False,https://cdn.snapp.express/media/cache/vendor_logo/uploads/images/vendors/logos/default.png,True,False,45,,8.4,VendorListItem
113224,فروشگاه دیجیتال پاکلند (شوینده بهداشتی),False,,0,150000,0wqz2v,ACTIVE,سلسبيل جنوبی,0,False,https://cdn.snapp.express/media/cache/vendor_logo/uploads/images/vendors/logos/65e6fbc8ca170.jpg,True,False,45,,6.8,VendorListItem
85795,جانبو مجاهدین (همواره تخفیف),False,https://cdn.snapp.express/media/cache/vendor_item_cover/uploads/images/vendors/covers/66ae11c1077f9.png,4184,100000,321r8d,ACTIVE,دروازه شميران,203,False,https://cdn.snapp.express/media/cache/vendor_logo/uploads/images/vendors/logos/66ae11c104def.jpg,True,False,45,,8.92,VendorListItem
110655,فروشگاه هفت شهدا (همواره تخفیف),False,https://cdn.snapp.express/media/cache/vendor_item_cover/uploads/images/vendors/covers/63f22be41affc.png,1928,80000,0mjlwo,ACTIVE,ایران,129,False,https://cdn.snapp.express/media/cache/vendor_logo/uploads/images/vendors/logos/64342a4c8225c.png,True,False,45,,9.0,VendorListItem
113983,گندم پیروزی(همواره تخفیف),False,https://cdn.snapp.express/media/cache/vendor_item_cover/uploads/images/vendors/covers/6680080726341.png,0,85000,0rqyko,ACTIVE,چهارصددستگاه,0,False,https://cdn.snapp.express/media/cache/vendor_logo/uploads/images/vendors/logos/6680080720fd8.png,True,False,45,,0.0,VendorListItem
55349,سوپرمارکت آی اولدوز (نبرد),False,,39411,70000,0gglor,ACTIVE,صددستگاه,1613,False,https://cdn.snapp.express/media/cache/vendor_logo/uploads/images/vendors/logos/default.png,True,False,45,,8.4,VendorListItem
114060,جانبو پیروزی 4(همواره تخفیف),False,https://cdn.snapp.express/media/cache/vendor_item_cover/uploads/images/vendors/covers/669f6bb161adb.png,0,80000,pojyqk,ACTIVE,صددستگاه,0,False,https://cdn.snapp.express/media/cache/vendor_logo/uploads/images/vendors/logos/669f6bb15e2a4.jpg,True,False,45,,0.0,VendorListItem
113108,فروشگاه ذاکری (شوینده بهداشتی),False,,0,180000,0ljej9,ACTIVE,نبی اکرم,9,False,https://cdn.snapp.express/media/cache/vendor_logo/uploads/images/vendors/logos/65e6fc2b41fff.jpg,True,False,45,,9.4,VendorListItem
55730,سوپرمارکت نیک (پیروزی),False,https://cdn.snapp.express/media/cache/vendor_item_cover/uploads/images/vendors/covers/60a50ebe82937.jpg,24660,70000,p674wo,ACTIVE,پرستار,944,False,https://cdn.snapp.express/media/cache/vendor_logo/uploads/images/vendors/logos/default.png,True,False,45,,9.4,VendorListItem
113620,سوپرمارکت یاران دریان همایون 110,False,,0,70000,3kj7wo,ACTIVE,پرستار,8,False,https://cdn.snapp.express/media/cache/vendor_logo/uploads/images/vendors/logos/65effeabbabaf.png,True,False,45,,8.6,VendorListItem
111476,تست رفاه,False,https://cdn.snapp.express/media/cache/vendor_item_cover/uploads/images/vendors/covers/6329a807c7a78.jpg,0,1000,0yg1dn,ACTIVE,استاد معين,0,False,https://cdn.snapp.express/media/cache/vendor_logo/uploads/images/vendors/logos/63ece49c02dd5.png,True,False,30,,0.0,VendorListItem
110219,فروشگاه هفت جیحون (همواره تخفیف),False,https://cdn.snapp.express/media/cache/vendor_item_cover/uploads/images/vendors/covers/63f22c4ec3285.png,1063,80000,0jgvj6,ACTIVE,كارون جنوبی,86,False,https://cdn.snapp.express/media/cache/vendor_logo/uploads/images/vendors/logos/64342a4c8225c.png,True,False,45,,8.6,VendorListItem
113407,فروشگاه هفت جیحون مالک (همواره تخفیف),False,https://cdn.snapp.express/media/cache/vendor_item_cover/uploads/images/vendors/covers/65c75fb4d4475.png,0,80000,0mj1ny,ACTIVE,هاشمی,0,False,https://cdn.snapp.express/media/cache/vendor_logo/uploads/images/vendors/logos/65c75fb4c3f4f.png,True,False,45,,8.4,VendorListItem
111139,فروشگاه هفت امام خمینی نواب(همواره تخفیف),False,https://cdn.snapp.express/media/cache/vendor_item_cover/uploads/images/vendors/covers/63f229a54d772.png,582,80000,0njlm6,ACTIVE,سلسبيل جنوبی,43,False,https://cdn.snapp.express/media/cache/vendor_logo/uploads/images/vendors/logos/64342a4c8225c.png,True,False,45,,8.8,VendorListItem
112104,فروشگاه هفت ایران (همواره تخفیف),False,https://cdn.snapp.express/media/cache/vendor_item_cover/uploads/images/vendors/covers/643aabf11ebee.png,0,80000,0ygkqy,ACTIVE,ایران,21,False,https://cdn.snapp.express/media/cache/vendor_logo/uploads/images/vendors/logos/64342a4c8225c.png,True,False,45,,8.8,VendorListItem
113755,مینو مارت پیروزی (همواره تخفیف),False,https://cdn.snapp.express/media/cache/vendor_item_cover/uploads/images/vendors/covers/6626145027546.jpg,0,80000,0mjmqv,ACTIVE,چهارصددستگاه,0,False,https://cdn.snapp.express/media/cache/vendor_logo/uploads/images/vendors/logos/662614501f45e.jpg,True,False,45,,9.0,VendorListItem
112470,دیلی مارکت جیحون (همواره تخفیف),False,https://cdn.snapp.express/media/cache/vendor_item_cover/uploads/images/vendors/covers/64bb9f401cb8a.jpg,0,100000,p5z9ww,ACTIVE,كارون جنوبی,6,False,https://cdn.snapp.express/media/cache/vendor_logo/uploads/images/vendors/logos/64bb9f4016faa.png,True,False,45,,8.2,VendorListItem
112552,دیلی مارکت میدان سرآسیاب دولاب تهران (همواره تخفیف),False,https://cdn.snapp.express/media/cache/vendor_item_cover/uploads/images/vendors/covers/64e1cb8c961cf.jpg,0,75000,0ygvwm,ACTIVE,سرآسیاب دولاب,4,False,https://cdn.snapp.express/media/cache/vendor_logo/uploads/images/vendors/logos/65b75e474fb21.jpg,True,False,45,,0.0,VendorListItem
113994,گندم پیروزی شیوا(همواره تخفیف),False,https://cdn.snapp.express/media/cache/vendor_item_cover/uploads/images/vendors/covers/6683c415a1cbe.png,0,80000,p5z5ge,ACTIVE,شيوا,0,False,https://cdn.snapp.express/media/cache/vendor_logo/uploads/images/vendors/logos/6683c4159ddb4.png,True,False,45,,0.0,VendorListItem
113113,فروشگاه هفت پرستار شیرین آبادی (همواره تخفیف),False,https://cdn.snapp.express/media/cache/vendor_item_cover/uploads/images/vendors/covers/65819052d6925.png,0,80000,p8e7m5,ACTIVE,ابوذر,4,False,https://cdn.snapp.express/media/cache/vendor_logo/uploads/images/vendors/logos/65819052d0e03.png,True,False,45,,9.6,VendorListItem
85852,جانبو کریمشاهیان (همواره تخفیف),False,https://cdn.snapp.express/media/cache/vendor_item_cover/uploads/images/vendors/covers/65e70ea013061.png,2679,80000,0yxj1r,ACTIVE,ابوذر,126,False,https://cdn.snapp.express/media/cache/vendor_logo/uploads/images/vendors/logos/65e70e9fde8ff.jpg,True,False,45,,9.2,VendorListItem
111124,فروشگاه هفت نبرد شمالی (همواره تخفیف),False,https://cdn.snapp.express/media/cache/vendor_item_cover/uploads/images/vendors/covers/63f22a79ecafe.png,560,80000,0wq5xz,ACTIVE,نبی اکرم,52,False,https://cdn.snapp.express/media/cache/vendor_logo/uploads/images/vendors/logos/64342a4c8225c.png,True,False,45,,9.2,VendorListItem
111145,فروشگاه هفت مالک اشتر سپه (همواره تخفیف),False,https://cdn.snapp.express/media/cache/vendor_item_cover/uploads/images/vendors/covers/63f229e64f35b.png,604,80000,31zv62,ACTIVE,هاشمی,42,False,https://cdn.snapp.express/media/cache/vendor_logo/uploads/images/vendors/logos/64342a4c8225c.png,True,False,45,,8.4,VendorListItem
80699,سوپرمارکت سورنا 1015 (قصرالدشت),False,https://cdn.snapp.express/media/cache/vendor_item_cover/uploads/images/vendors/covers/60f2786750021.jpg,9945,70000,3dr45w,ACTIVE,سلسبيل جنوبی,514,False,https://cdn.snapp.express/media/cache/vendor_logo/uploads/images/vendors/logos/default.png,True,False,45,,8.4,VendorListItem
112551,دیلی مارکت خیابان قصرالدشت تهران(همواره تخفیف),False,https://cdn.snapp.express/media/cache/vendor_item_cover/uploads/images/vendors/covers/64e1c8e89e79f.jpg,0,100000,3degod,ACTIVE,سلسبيل جنوبی,9,False,https://cdn.snapp.express/media/cache/vendor_logo/uploads/images/vendors/logos/65b61d105af3f.jpg,True,False,45,,8.2,VendorListItem
111328,سوپرمارکت آریانا (کارگر),False,https://cdn.snapp.express/media/cache/vendor_item_cover/uploads/images/vendors/covers/62f74795264fe.jpg,492,70000,0yg1xm,ACTIVE,حر,99,False,https://cdn.snapp.express/media/cache/vendor_logo/uploads/images/vendors/logos/default.png,True,False,45,,8.8,VendorListItem
113223,فروشگاه بنیامین (شوینده بهداشتی),False,,0,180000,32zrk5,ACTIVE,مخصوص,2,False,https://cdn.snapp.express/media/cache/vendor_logo/uploads/images/vendors/logos/65e6fbd458e77.jpg,True,False,45,,9.4,VendorListItem
109663,فروشگاه هفت منیریه (همواره تخفیف),False,https://cdn.snapp.express/media/cache/vendor_item_cover/uploads/images/vendors/covers/63f22ee6545ed.png,2775,80000,0nvm5v,ACTIVE,منيريه,164,False,https://cdn.snapp.express/media/cache/vendor_logo/uploads/images/vendors/logos/64342a4c8225c.png,True,False,45,,8.2,VendorListItem
113583,فروشگاه پرنسا (شوینده بهداشتی),False,,0,180000,0rqyx9,ACTIVE,دلگشا,1,False,https://cdn.snapp.express/media/cache/vendor_logo/uploads/images/vendors/logos/65ec1139c883f.jpg,True,False,45,,0.0,VendorListItem
110568,دیلی مارکت درودیان (همواره تخفیف),False,https://cdn.snapp.express/media/cache/vendor_item_cover/uploads/images/vendors/covers/627bfe01504fe.jpg,1624,100000,3k9mmn,ACTIVE,دلگشا,93,False,https://cdn.snapp.express/media/cache/vendor_logo/uploads/images/vendors/logos/65b61d599f65e.jpg,True,False,45,,8.51,VendorListItem
113009,فروشگاه هفت شکوفه میدان کلانتری(همواره تخفیف),False,https://cdn.snapp.express/media/cache/vendor_item_cover/uploads/images/vendors/covers/655da8a8ad1ee.png,0,80000,0q155w,ACTIVE,دلگشا,4,False,https://cdn.snapp.express/media/cache/vendor_logo/uploads/images/vendors/logos/655da8a8a4ae0.png,True,False,45,,8.6,VendorListItem
113465,مینو مارت نبرد (همواره تخفیف),False,https://cdn.snapp.express/media/cache/vendor_item_cover/uploads/images/vendors/covers/65d20043beda8.jpg,0,80000,3eeq7v,ACTIVE,نبی اکرم,1,False,https://cdn.snapp.express/media/cache/vendor_logo/uploads/images/vendors/logos/65d20043b9a81.jpg,True,False,45,,8.6,VendorListItem
110657,فروشگاه هفت نبرد ابوذر (همواره تخفیف),False,https://cdn.snapp.express/media/cache/vendor_item_cover/uploads/images/vendors/covers/63f22bceddca1.png,923,80000,0q1o6w,ACTIVE,ابوذر,71,False,https://cdn.snapp.express/media/cache/vendor_logo/uploads/images/vendors/logos/64342a4c8225c.png,True,False,45,,8.8,VendorListItem
109565,فروشگاه هفت کمیل(همواره تخفیف),False,https://cdn.snapp.express/media/cache/vendor_item_cover/uploads/images/vendors/covers/63f22f2151395.png,1606,85000,3ezk22,ACTIVE,هاشمی,77,False,https://cdn.snapp.express/media/cache/vendor_logo/uploads/images/vendors/logos/64342a4c8225c.png,True,False,45,,8.8,VendorListItem
113545,فروشگاه پاکان (شوینده بهداشتی),False,,0,180000,31z4l2,ACTIVE,امامزاده عبدالله,0,False,https://cdn.snapp.express/media/cache/vendor_logo/uploads/images/vendors/logos/65e6fa0a78215.jpg,True,False,45,,9.2,VendorListItem
111143,فروشگاه هفت کارگر جنوبی (همواره تخفیف),False,https://cdn.snapp.express/media/cache/vendor_item_cover/uploads/images/vendors/covers/63f229cce6c66.png,824,80000,0jjedv,ACTIVE,مخصوص,75,False,https://cdn.snapp.express/media/cache/vendor_logo/uploads/images/vendors/logos/64342a4c8225c.png,True,False,45,,9.2,VendorListItem
111129,فروشگاه هفت منیریه ابوسعید (همواره تخفیف),False,https://cdn.snapp.express/media/cache/vendor_item_cover/uploads/images/vendors/covers/63f22a6179a2c.png,749,80000,pvq9n5,ACTIVE,منيريه,73,False,https://cdn.snapp.express/media/cache/vendor_logo/uploads/images/vendors/logos/64342a4c8225c.png,True,False,45,,8.0,VendorListItem
110927,دیلی مارکت خیابان پرستار (همواره تخفیف),False,https://cdn.snapp.express/media/cache/vendor_item_cover/uploads/images/vendors/covers/63170716d2b0e.jpg,357,80000,3del2x,ACTIVE,ابوذر,13,False,https://cdn.snapp.express/media/cache/vendor_logo/uploads/images/vendors/logos/65b75e2b55bea.jpg,True,False,45,,8.93,VendorListItem
109773,جانبو محبوب مجاز (همواره تخفیف),False,https://cdn.snapp.express/media/cache/vendor_item_cover/uploads/images/vendors/covers/61f8e5b4a2889.png,839,100000,0gzwxq,ACTIVE,بريانک,49,False,https://cdn.snapp.express/media/cache/vendor_logo/uploads/images/vendors/logos/66a0fa868b4bd.jpg,True,False,45,,7.49,VendorListItem
113463,مینو مارت شمشیری (همواره تخفیف),False,https://cdn.snapp.express/media/cache/vendor_item_cover/uploads/images/vendors/covers/65d1feba75993.jpg,0,80000,0njq82,ACTIVE,شمشيری,0,False,https://cdn.snapp.express/media/cache/vendor_logo/uploads/images/vendors/logos/65d1feba5aa1b.jpg,True,False,45,,8.4,VendorListItem
110190,فروشگاه هفت سی متری جی (همواره تخفیف),False,https://cdn.snapp.express/media/cache/vendor_item_cover/uploads/images/vendors/covers/63f22d27c8df0.png,0,80000,37o7o9,ACTIVE,امامزاده عبدالله,25,False,https://cdn.snapp.express/media/cache/vendor_logo/uploads/images/vendors/logos/64342a4c8225c.png,True,False,45,,8.6,VendorListItem
110650,فروشگاه هفت امیری(همواره تخفیف),False,https://cdn.snapp.express/media/cache/vendor_item_cover/uploads/images/vendors/covers/63f22c1dc4e52.png,1180,80000,09ex6q,ACTIVE,FIXME,77,False,https://cdn.snapp.express/media/cache/vendor_logo/uploads/images/vendors/logos/64342a4c8225c.png,True,False,45,,9.0,VendorListItem
113397,دیلی مارکت بریانک (همواره تخفیف),False,https://cdn.snapp.express/media/cache/vendor_item_cover/uploads/images/vendors/covers/65c35da953167.jpg,0,100000,0gkgeq,ACTIVE,هفت چنار,7,False,https://cdn.snapp.express/media/cache/vendor_logo/uploads/images/vendors/logos/65d5a837eb520.jpg,True,False,45,,7.4,VendorListItem
56296,سوپرمارکت غفاری (محلاتی),False,https://cdn.snapp.express/media/cache/vendor_item_cover/uploads/images/vendors/covers/60a61879d854d.jpg,21813,70000,0wzd6v,ACTIVE,شاهين,1110,False,https://cdn.snapp.express/media/cache/vendor_logo/uploads/images/vendors/logos/default.png,True,False,45,,9.2,VendorListItem
109510,گندم آبشار (همواره تخفیف),False,https://cdn.snapp.express/media/cache/vendor_item_cover/uploads/images/vendors/covers/61cb0931cf69c.jpg,3004,80000,pzdjej,ACTIVE,آبشار-دردار,158,False,https://cdn.snapp.express/media/cache/vendor_logo/uploads/images/vendors/logos/64342b3a8d27d.png,True,False,45,,7.4,VendorListItem
113943,دیلی مارکت خیابان سبحانی(همواره تخفیف),False,https://cdn.snapp.express/media/cache/vendor_item_cover/uploads/images/vendors/covers/6672df5470705.jpg,0,100000,0jjm9q,ACTIVE,FIXME,3,False,https://cdn.snapp.express/media/cache/vendor_logo/uploads/images/vendors/logos/6672df546ba7c.jpg,True,False,45,,0.0,VendorListItem
113356,فروشگاه هفت سبحانی (همواره تخفیف),False,https://cdn.snapp.express/media/cache/vendor_item_cover/uploads/images/vendors/covers/65bd001fc7eab.png,0,80000,0ljeye,ACTIVE,سليمانی-تيموری,1,False,https://cdn.snapp.express/media/cache/vendor_logo/uploads/images/vendors/logos/65bd001fa6c7b.png,True,False,45,,9.0,VendorListItem
112772,سوپرمارکت کاشفی (نواب),False,https://cdn.snapp.express/media/cache/vendor_item_cover/uploads/images/vendors/covers/652541bf0e150.jpg,0,70000,0wq9r8,ACTIVE,هفت چنار,10,False,https://cdn.snapp.express/media/cache/vendor_logo/uploads/images/vendors/logos/652541bf0113d.png,True,False,45,,9.0,VendorListItem
110174,فروشگاه هفت بریانک(همواره تخفیف),False,https://cdn.snapp.express/media/cache/vendor_item_cover/uploads/images/vendors/covers/63f22cecb20c4.png,2585,80000,09j5yn,ACTIVE,هفت چنار,128,False,https://cdn.snapp.express/media/cache/vendor_logo/uploads/images/vendors/logos/64342a4c8225c.png,True,False,45,,8.8,VendorListItem
110651,فروشگاه هفت چهل وپنج متری زرند(همواره تخفیف),False,https://cdn.snapp.express/media/cache/vendor_item_cover/uploads/images/vendors/covers/63f22c1567c24.png,912,85000,3del5w,ACTIVE,سرآسیاب مهرآباد,69,False,https://cdn.snapp.express/media/cache/vendor_logo/uploads/images/vendors/logos/64342a4c8225c.png,True,False,45,,8.8,VendorListItem
55487,سوپرمارکت المهدی (منیریه),False,https://cdn.snapp.express/media/cache/vendor_item_cover/uploads/images/vendors/covers/60a5034d0675a.jpg,39685,70000,0nqlv8,ACTIVE,قلمستان,1600,False,https://cdn.snapp.express/media/cache/vendor_logo/uploads/images/vendors/logos/default.png,True,False,45,,8.8,VendorListItem
85796,جانبو شاپور (همواره تخفیف),False,https://cdn.snapp.express/media/cache/vendor_item_cover/uploads/images/vendors/covers/6603daa4d8e29.png,2207,80000,0w4zx8,ACTIVE,سنگلج,129,False,https://cdn.snapp.express/media/cache/vendor_logo/uploads/images/vendors/logos/6603daa4d42db.jpg,True,False,45,,8.6,VendorListItem
109668,فروشگاه هفت محلاتی (همواره تخفیف),False,https://cdn.snapp.express/media/cache/vendor_item_cover/uploads/images/vendors/covers/63f22e9981bf5.png,1755,80000,3k9y5k,ACTIVE,اصفهانک,72,False,https://cdn.snapp.express/media/cache/vendor_logo/uploads/images/vendors/logos/64342a4c8225c.png,True,False,45,,8.8,VendorListItem
113773,دیلی مارکت عارف شمالی (همواره تخفیف),False,https://cdn.snapp.express/media/cache/vendor_item_cover/uploads/images/vendors/covers/662ce4ba06e3f.jpg,0,90000,0gkr4x,ACTIVE,مينا,4,False,https://cdn.snapp.express/media/cache/vendor_logo/uploads/images/vendors/logos/662ce4ba03639.jpg,True,False,45,,7.2,VendorListItem
114057,جانبومهرآباد دانشگاه هوایی(همواره تخفیف),False,,0,80000,0q1eox,ACTIVE,شمشيری,0,False,https://cdn.snapp.express/media/cache/vendor_logo/uploads/images/vendors/logos/default.png,True,False,45,,0.0,VendorListItem
111663,سوپرمارکت خانواده (خیابان قزوین),False,https://cdn.snapp.express/media/cache/vendor_item_cover/uploads/images/vendors/covers/634e86f2437bd.jpg,319,70000,0njny2,ACTIVE,سليمانی-تيموری,105,False,https://cdn.snapp.express/media/cache/vendor_logo/uploads/images/vendors/logos/default.png,True,False,45,,9.0,VendorListItem
96436,سوپرمارکت گلها (سه راه آذری),False,https://cdn.snapp.express/media/cache/vendor_item_cover/uploads/images/vendors/covers/61655e8312ce6.jpg,2022,70000,poyn1o,ACTIVE,آذری,161,False,https://cdn.snapp.express/media/cache/vendor_logo/uploads/images/vendors/logos/default.png,True,False,45,,9.0,VendorListItem
113290,فروشگاه هفت مترو بریانک (همواره تخفیف),False,https://cdn.snapp.express/media/cache/vendor_item_cover/uploads/images/vendors/covers/65a7d9bc06b5d.png,0,80000,37r5vm,ACTIVE,بريانک,4,False,https://cdn.snapp.express/media/cache/vendor_logo/uploads/images/vendors/logos/65a7d9bbcc7c2.png,True,False,45,,8.4,VendorListItem
113619,فروشگاه پاکلند (شوینده بهداشتی),False,,0,180000,0jjm2r,ACTIVE,ابوذر شرقی,1,False,https://cdn.snapp.express/media/cache/vendor_logo/uploads/images/vendors/logos/65effad0d5e31.jpg,True,False,45,,9.6,VendorListItem
113736,سوپرمارکت دوستان (شاپور),False,,0,70000,pojgxq,ACTIVE,سنگلج,4,False,https://cdn.snapp.express/media/cache/vendor_logo/uploads/images/vendors/logos/661e2b2d09ce7.png,True,False,45,,0.0,VendorListItem
113979,دیلی مارکت میدان قیام(همواره تخفیف),False,https://cdn.snapp.express/media/cache/vendor_item_cover/uploads/images/vendors/covers/667fc3e0b57f4.jpg,0,90000,0mjmnz,ACTIVE,قيام,0,False,https://cdn.snapp.express/media/cache/vendor_logo/uploads/images/vendors/logos/667fc3e0b18a1.jpg,True,False,45,,0.0,VendorListItem
110531,گندم ورزشگاه سعیدی (همواره تخفیف),False,https://cdn.snapp.express/media/cache/vendor_item_cover/uploads/images/vendors/covers/627660e89e488.jpg,348,80000,0myrnq,ACTIVE,عارف,17,False,https://cdn.snapp.express/media/cache/vendor_logo/uploads/images/vendors/logos/64342b3a8d27d.png,True,False,45,,7.74,VendorListItem
109783,جانبو شادآباد (همواره تخفیف),False,https://cdn.snapp.express/media/cache/vendor_item_cover/uploads/images/vendors/covers/61fa3399e6212.png,0,80000,0ror7o,ACTIVE,هفده شهريور,0,False,https://cdn.snapp.express/media/cache/vendor_logo/uploads/images/vendors/logos/66a0fcb659993.jpg,True,False,45,,0.0,VendorListItem
112554,دیلی مارکت خیابان لقمان حکیم تهران (همواره تخفیف),False,https://cdn.snapp.express/media/cache/vendor_item_cover/uploads/images/vendors/covers/64e1ccbfb86d4.jpg,0,100000,p6zjvw,ACTIVE,امام زاده حسن,2,False,https://cdn.snapp.express/media/cache/vendor_logo/uploads/images/vendors/logos/65b61eeae429e.jpg,True,False,45,,8.8,VendorListItem
113105,سوپرمارکت هایپر رویال (محلاتی),False,https://cdn.snapp.express/media/cache/vendor_item_cover/uploads/images/vendors/covers/65802429bc613.jpg,0,70000,pvqjqv,ACTIVE,عارف,9,False,https://cdn.snapp.express/media/cache/vendor_logo/uploads/images/vendors/logos/65802429acdd4.png,True,False,45,,8.4,VendorListItem
111141,فروشگاه هفت عارف(همواره تخفیف),False,https://cdn.snapp.express/media/cache/vendor_item_cover/uploads/images/vendors/covers/63f229bdcf340.png,0,80000,3eelkm,ACTIVE,عارف,28,False,https://cdn.snapp.express/media/cache/vendor_logo/uploads/images/vendors/logos/66517841d109a.png,True,False,45,,9.0,VendorListItem
114081,جانبوعجب گل(همواره تخفیف),False,https://cdn.snapp.express/media/cache/vendor_item_cover/uploads/images/vendors/covers/66aa1678c1b38.png,0,80000,0q1eyx,ACTIVE,خاوران (گذر پایین دولاب),0,False,https://cdn.snapp.express/media/cache/vendor_logo/uploads/images/vendors/logos/66aa1678beae3.jpg,True,False,45,,0.0,VendorListItem
113481,سوپرمارکت یاران دریان آراز (محلاتی),False,https://cdn.snapp.express/media/cache/vendor_item_cover/uploads/images/vendors/covers/65d304e754666.jpg,0,70000,0q1dox,ACTIVE,حسین اباد دولاب,2,False,https://cdn.snapp.express/media/cache/vendor_logo/uploads/images/vendors/logos/65d3074c72a60.png,True,False,45,,8.2,VendorListItem
112548,دیلی مارکت شادآباد تهران (همواره تخفیف),False,https://cdn.snapp.express/media/cache/vendor_item_cover/uploads/images/vendors/covers/64e1c56f8eea0.jpg,0,100000,0wq9jg,ACTIVE,هفده شهريور,8,False,https://cdn.snapp.express/media/cache/vendor_logo/uploads/images/vendors/logos/65b61dea7773b.jpg,True,False,45,,9.2,VendorListItem
110929,دیلی مارکت امین الملک (همواره تخفیف),False,https://cdn.snapp.express/media/cache/vendor_item_cover/uploads/images/vendors/covers/63170848ba341.jpg,227,100000,pvq97x,ACTIVE,امام زاده حسن,26,False,https://cdn.snapp.express/media/cache/vendor_logo/uploads/images/vendors/logos/65b61ea7b7a37.jpg,True,False,45,,8.6,VendorListItem
112549,دیلی مارکت خیابان تهمتن تهران(همواره تخفیف),False,https://cdn.snapp.express/media/cache/vendor_item_cover/uploads/images/vendors/covers/64e1c6255a94f.jpg,0,100000,0gky2x,ACTIVE,باغ خزانه,5,False,https://cdn.snapp.express/media/cache/vendor_logo/uploads/images/vendors/logos/65b75f18a738e.jpg,True,False,45,,8.6,VendorListItem
110154,فروشگاه هفت هلال احمر (همواره تخفیف),False,https://cdn.snapp.express/media/cache/vendor_item_cover/uploads/images/vendors/covers/63f22e1f276dc.png,574,80000,p6rx2w,ACTIVE,هلال احمر,30,False,https://cdn.snapp.express/media/cache/vendor_logo/uploads/images/vendors/logos/64342a4c8225c.png,True,False,45,,8.2,VendorListItem
113140,فروشگاه هفت مولوی (همواره تخفیف),False,https://cdn.snapp.express/media/cache/vendor_item_cover/uploads/images/vendors/covers/6589783b42d96.jfif,0,85000,3xw2k2,ACTIVE,هرندی,0,False,https://cdn.snapp.express/media/cache/vendor_logo/uploads/images/vendors/logos/658a6f85dc7e4.png,True,False,45,,7.6,VendorListItem
110933,دیلی مارکت میدان خراسان 2 (همواره تخفیف),False,https://cdn.snapp.express/media/cache/vendor_item_cover/uploads/images/vendors/covers/631708ad2e06c.jpg,521,90000,0q1o7d,ACTIVE,خاوران (گذر پایین دولاب),45,False,https://cdn.snapp.express/media/cache/vendor_logo/uploads/images/vendors/logos/65b61d73f3bf6.jpg,True,False,45,,8.97,VendorListItem
110209,فروشگاه هفت میدان خراسان(همواره تخفیف),False,https://cdn.snapp.express/media/cache/vendor_item_cover/uploads/images/vendors/covers/63f22c8bacb6f.png,922,85000,0qlj1y,ACTIVE,خاوران (گذر پایین دولاب),87,False,https://cdn.snapp.express/media/cache/vendor_logo/uploads/images/vendors/logos/64342a4c8225c.png,True,False,45,,8.8,VendorListItem
110707,سوپرمارکت بهاران (شهرک خلیج فارس),False,https://cdn.snapp.express/media/cache/vendor_item_cover/uploads/images/vendors/covers/62a81dc201f70.jpg,608,75000,0mjl1v,ACTIVE,خلیج فارس جنوبی,52,False,https://cdn.snapp.express/media/cache/vendor_logo/uploads/images/vendors/logos/default.png,True,False,45,,8.2,VendorListItem
113129,فروشگاه خانم پاک (شوینده بهداشتی),False,,0,100000,pvqj5v,ACTIVE,فردوس,0,False,https://cdn.snapp.express/media/cache/vendor_logo/uploads/images/vendors/logos/65e6fc0e9c9ae.jpg,True,False,45,,7.0,VendorListItem
113419,فروشگاه هفت یافت آباد تختی (همواره تخفیف),False,https://cdn.snapp.express/media/cache/vendor_item_cover/uploads/images/vendors/covers/65cdfeef3d4e5.jpeg,0,80000,0jj4o9,ACTIVE,فردوس,7,False,https://cdn.snapp.express/media/cache/vendor_logo/uploads/images/vendors/logos/65cdfeef32a39.jfif,True,False,45,,8.2,VendorListItem
110656,فروشگاه هفت یافت آباد(همواره تخفیف),False,https://cdn.snapp.express/media/cache/vendor_item_cover/uploads/images/vendors/covers/63f22bdc43f10.png,824,85000,0ljn6z,ACTIVE,ابوذر غربی,53,False,https://cdn.snapp.express/media/cache/vendor_logo/uploads/images/vendors/logos/64342a4c8225c.png,True,False,45,,9.0,VendorListItem
110143,فروشگاه هفت تختی (همواره تخفیف),False,https://cdn.snapp.express/media/cache/vendor_item_cover/uploads/images/vendors/covers/63f22e60ef7b2.png,1321,80000,0jgvmg,ACTIVE,مختاری-تختی,81,False,https://cdn.snapp.express/media/cache/vendor_logo/uploads/images/vendors/logos/64342a4c8225c.png,True,False,45,,7.8,VendorListItem
113332,فروشگاه امیری (شوینده بهداشتی),False,,0,180000,0ljewe,ACTIVE,آگاهی,0,False,https://cdn.snapp.express/media/cache/vendor_logo/uploads/images/vendors/logos/65e6fb576269d.jpg,True,False,45,,0.0,VendorListItem
110149,فروشگاه هفت راه آهن (همواره تخفیف),False,https://cdn.snapp.express/media/cache/vendor_item_cover/uploads/images/vendors/covers/63f22e3bd9ef9.png,1138,80000,0gz5rx,ACTIVE,آگاهی,94,False,https://cdn.snapp.express/media/cache/vendor_logo/uploads/images/vendors/logos/64342a4c8225c.png,True,False,45,,8.6,VendorListItem
112547,دیلی مارکت میدان خراسان تهران (همواره تخفیف),False,https://cdn.snapp.express/media/cache/vendor_item_cover/uploads/images/vendors/covers/64e1c3b9b236b.jpg,0,100000,32z2ge,ACTIVE,قيام,4,False,https://cdn.snapp.express/media/cache/vendor_logo/uploads/images/vendors/logos/65b61d8f52654.jpg,True,False,45,,9.0,VendorListItem
113980,دیلی مارکت میدان خراسان(همواره تخفیف),False,https://cdn.snapp.express/media/cache/vendor_item_cover/uploads/images/vendors/covers/667fc6fbc73f7.jpg,0,100000,0ljm4e,ACTIVE,طيب,0,False,https://cdn.snapp.express/media/cache/vendor_logo/uploads/images/vendors/logos/667fc6fbc39b1.jpg,True,False,45,,0.0,VendorListItem
114079,جانبو پیروزی زمزم(همواره تخفیف),False,https://cdn.snapp.express/media/cache/vendor_item_cover/uploads/images/vendors/covers/66aa14dfa9a53.png,0,80000,0mj9ey,ACTIVE,شهدای گمنام,0,False,https://cdn.snapp.express/media/cache/vendor_logo/uploads/images/vendors/logos/66aa14dfa5ddb.jpg,True,False,45,,0.0,VendorListItem
110671,فروشگاه هفت یافت آباد معلم(همواره تخفیف),False,https://cdn.snapp.express/media/cache/vendor_item_cover/uploads/images/vendors/covers/63f22b13a64f1.png,1128,80000,32z62q,ACTIVE,توليد دارو,126,False,https://cdn.snapp.express/media/cache/vendor_logo/uploads/images/vendors/logos/64342a4c8225c.png,True,False,45,,8.4,VendorListItem
111115,فروشگاه هفت قلعه مرغی (همواره تخفیف),False,https://cdn.snapp.express/media/cache/vendor_item_cover/uploads/images/vendors/covers/63f22aa70dc7c.png,311,80000,0njlx6,ACTIVE,بلورسازی,26,False,https://cdn.snapp.express/media/cache/vendor_logo/uploads/images/vendors/logos/64342a4c8225c.png,True,False,45,,9.4,VendorListItem
110175,فروشگاه هفت ابوذر(همواره تخفیف),False,https://cdn.snapp.express/media/cache/vendor_item_cover/uploads/images/vendors/covers/63f22cf2b2362.png,1693,80000,3d7xvd,ACTIVE,ابوذر غربی,119,False,https://cdn.snapp.express/media/cache/vendor_logo/uploads/images/vendors/logos/64342a4c8225c.png,True,False,45,,9.0,VendorListItem
109726,جانبو ابوذر (همواره تخفیف),False,https://cdn.snapp.express/media/cache/vendor_item_cover/uploads/images/vendors/covers/61f2671b13396.png,338,80000,09jkgk,ACTIVE,ابوذر غربی,16,False,https://cdn.snapp.express/media/cache/vendor_logo/uploads/images/vendors/logos/66ae148ed4151.jpg,True,False,45,,8.58,VendorListItem
113901,دیلی مارکت ابوذر غربی (همواره تخفیف),False,https://cdn.snapp.express/media/cache/vendor_item_cover/uploads/images/vendors/covers/66641f13ef885.jpg,0,100000,0gkrmq,ACTIVE,ابوذر غربی,2,False,https://cdn.snapp.express/media/cache/vendor_logo/uploads/images/vendors/logos/66641f13ebecb.jpg,True,False,45,,0.0,VendorListItem
110669,فروشگاه هفت مختاری(همواره تخفیف),False,https://cdn.snapp.express/media/cache/vendor_item_cover/uploads/images/vendors/covers/63f22b37eaedc.png,822,80000,31zvl4,ACTIVE,آگاهی,62,False,https://cdn.snapp.express/media/cache/vendor_logo/uploads/images/vendors/logos/64342a4c8225c.png,True,False,45,,8.0,VendorListItem
110792,سوپرمارکت حاجی ارزونی (مختاری),False,https://cdn.snapp.express/media/cache/vendor_item_cover/uploads/images/vendors/covers/62b6d1c96f2a4.jpg,701,70000,3kjnjj,ACTIVE,آگاهی,81,False,https://cdn.snapp.express/media/cache/vendor_logo/uploads/images/vendors/logos/default.png,True,False,45,,8.8,VendorListItem
112964,فروشگاه هفت مختاری شرقی (همواره تخفیف),False,https://cdn.snapp.express/media/cache/vendor_item_cover/uploads/images/vendors/covers/6649ad97c273a.png,0,80000,3xw2j4,ACTIVE,مختاری-تختی,4,False,https://cdn.snapp.express/media/cache/vendor_logo/uploads/images/vendors/logos/6649ad97be498.png,True,False,45,,8.4,VendorListItem
110673,فروشگاه هفت خاوران(همواره تخفیف),False,https://cdn.snapp.express/media/cache/vendor_item_cover/uploads/images/vendors/covers/63f22afecaf8c.png,1124,80000,0gkly2,ACTIVE,خاوران (گذر پایین دولاب),69,False,https://cdn.snapp.express/media/cache/vendor_logo/uploads/images/vendors/logos/64342a4c8225c.png,True,False,45,,8.2,VendorListItem
109701,سوپرمارکت نگین (الله اکبر جنوبی),False,https://cdn.snapp.express/media/cache/vendor_item_cover/uploads/images/vendors/covers/61ed2012e61b7.jpg,1289,70000,0gzwjq,ACTIVE,حسین اباد دولاب,122,False,https://cdn.snapp.express/media/cache/vendor_logo/uploads/images/vendors/logos/default.png,True,False,45,,8.8,VendorListItem
109778,سوپرمارکت خانواده (شاد آباد),False,https://cdn.snapp.express/media/cache/vendor_item_cover/uploads/images/vendors/covers/61f9267a4735e.jpg,1818,70000,p6reno,ACTIVE,شمس آباد,208,False,https://cdn.snapp.express/media/cache/vendor_logo/uploads/images/vendors/logos/default.png,True,False,45,,8.0,VendorListItem
110665,فروشگاه هفت شهرک ولیعصر(همواره تخفیف),False,https://cdn.snapp.express/media/cache/vendor_item_cover/uploads/images/vendors/covers/63f22b465c0a5.png,601,80000,3eel95,ACTIVE,بهداشت,68,False,https://cdn.snapp.express/media/cache/vendor_logo/uploads/images/vendors/logos/64342a4c8225c.png,True,False,45,,8.6,VendorListItem
113232,فروشگاه پارس (شوینده بهداشتی),False,,0,180000,0lje7n,ACTIVE,افسريه شمالی,6,False,https://cdn.snapp.express/media/cache/vendor_logo/uploads/images/vendors/logos/65e6fb9fd4cbf.jpg,True,False,45,,8.8,VendorListItem
114058,جانبوشمالی الغدیر(همواره تخفیف),False,,0,80000,pz916o,ACTIVE,امام خمینی,1,False,https://cdn.snapp.express/media/cache/vendor_logo/uploads/images/vendors/logos/default.png,True,False,45,,0.0,VendorListItem
72015,هایپراستار نازی آباد (همواره تخفیف),False,https://cdn.snapp.express/media/cache/vendor_item_cover/uploads/images/vendors/covers/608feab874d72.jpg,12942,85000,0nwwl2,ACTIVE,نازی آباد,683,False,https://cdn.snapp.express/media/cache/vendor_logo/uploads/images/vendors/logos/64342c5ac47df.png,True,False,45,,8.8,VendorListItem
110934,دیلی مارکت خیابان نبرد(همواره تخفیف),False,https://cdn.snapp.express/media/cache/vendor_item_cover/uploads/images/vendors/covers/631708c4e5b02.jpg,451,100000,pz96w1,ACTIVE,شهدای گمنام,30,False,https://cdn.snapp.express/media/cache/vendor_logo/uploads/images/vendors/logos/65b622c2a87e8.jpg,True,False,45,,7.99,VendorListItem
109927,سوپرمارکت سورنا افسریه,False,https://cdn.snapp.express/media/cache/vendor_item_cover/uploads/images/vendors/covers/631edd328620e.jpg,1519,70000,3d7j47,ACTIVE,افسريه شمالی,116,False,https://cdn.snapp.express/media/cache/vendor_logo/uploads/images/vendors/logos/default.png,True,False,45,,9.2,VendorListItem
110937,دیلی مارکت خیابان رجایی(همواره تخفیف),False,https://cdn.snapp.express/media/cache/vendor_item_cover/uploads/images/vendors/covers/631710222d8c3.jpg,306,100000,p8exnm,ACTIVE,وليعصر شمالی,44,False,https://cdn.snapp.express/media/cache/vendor_logo/uploads/images/vendors/logos/65b61eb9b8a50.jpg,True,False,45,,7.6,VendorListItem
113493,سوپرمارکت مجید (محلاتی),False,https://cdn.snapp.express/media/cache/vendor_item_cover/uploads/images/vendors/covers/65d454f905467.jpg,0,70000,31z4v7,ACTIVE,نبرد,17,False,https://cdn.snapp.express/media/cache/vendor_logo/uploads/images/vendors/logos/65d454f8d40f9.png,True,False,45,,8.8,VendorListItem
110652,فروشگاه هفت بلوار ابوذر(همواره تخفیف),False,https://cdn.snapp.express/media/cache/vendor_item_cover/uploads/images/vendors/covers/63f22a3be47d0.png,895,85000,0ygykd,ACTIVE,نبرد,65,False,https://cdn.snapp.express/media/cache/vendor_logo/uploads/images/vendors/logos/64342a4c8225c.png,True,False,45,,9.0,VendorListItem
113594,مینو مارت فلاح (همواره تخفیف),False,https://cdn.snapp.express/media/cache/vendor_item_cover/uploads/images/vendors/covers/65ec35ef27a03.jpg,0,80000,p5z55j,ACTIVE,وصفنارد,1,False,https://cdn.snapp.express/media/cache/vendor_logo/uploads/images/vendors/logos/65ec35ef05fa3.jpg,True,False,45,,8.4,VendorListItem
109775,جانبو زمزم (همواره تخفیف),False,https://cdn.snapp.express/media/cache/vendor_item_cover/uploads/images/vendors/covers/61f8e8ea76a35.png,711,100000,3d7j2x,ACTIVE,زمزم,28,False,https://cdn.snapp.express/media/cache/vendor_logo/uploads/images/vendors/logos/66a0fbf90d3c7.jpg,True,False,45,,8.5,VendorListItem
113418,فروشگاه هفت بهرامی (همواره تخفیف),False,https://cdn.snapp.express/media/cache/vendor_item_cover/uploads/images/vendors/covers/65cb55f8c6945.png,0,80000,37r5dg,ACTIVE,وليعصر جنوبی,3,False,https://cdn.snapp.express/media/cache/vendor_logo/uploads/images/vendors/logos/65cb55f8a5302.png,True,False,45,,8.6,VendorListItem
110205,فروشگاه هفت نبرد (همواره تخفیف),False,https://cdn.snapp.express/media/cache/vendor_item_cover/uploads/images/vendors/covers/63f22ca01175d.png,1668,80000,pvl6ld,ACTIVE,نبرد,156,False,https://cdn.snapp.express/media/cache/vendor_logo/uploads/images/vendors/logos/64342a4c8225c.png,True,False,45,,8.8,VendorListItem
113482,سوپرمارکت ارزان سرای فضلی (یافت اباد),False,https://cdn.snapp.express/media/cache/vendor_item_cover/uploads/images/vendors/covers/65d307670d035.jpg,0,70000,pz9k6o,ACTIVE,یافت اباد شمالی,0,False,https://cdn.snapp.express/media/cache/vendor_logo/uploads/images/vendors/logos/65d30766f12b3.png,True,False,45,,6.8,VendorListItem
113756,مینو مارت شهرک ولیعصر (همواره تخفیف),False,https://cdn.snapp.express/media/cache/vendor_item_cover/uploads/images/vendors/covers/6626154a0fbd1.jpg,0,80000,0ljml9,ACTIVE,وليعصر شمالی,2,False,https://cdn.snapp.express/media/cache/vendor_logo/uploads/images/vendors/logos/6626154a0d0df.jpg,True,False,45,,9.2,VendorListItem
109666,فروشگاه هفت جوادیه دارابی (همواره تخفیف),False,https://cdn.snapp.express/media/cache/vendor_item_cover/uploads/images/vendors/covers/63f22e9f3a06a.png,1098,80000,37o26m,ACTIVE,جواديه,52,False,https://cdn.snapp.express/media/cache/vendor_logo/uploads/images/vendors/logos/64342a4c8225c.png,True,False,45,,8.0,VendorListItem
113466,مینو مارت افسریه(همواره تخفیف),False,https://cdn.snapp.express/media/cache/vendor_item_cover/uploads/images/vendors/covers/65d20069bc06b.jpg,0,80000,37r57g,ACTIVE,افسريه جنوبی,5,False,https://cdn.snapp.express/media/cache/vendor_logo/uploads/images/vendors/logos/65d200699cb97.jpg,True,False,45,,8.6,VendorListItem
113503,سوپرمارکت اهورا (شهرک ولیعصر),False,https://cdn.snapp.express/media/cache/vendor_item_cover/uploads/images/vendors/covers/65d5988bae3bc.jpg,0,70000,3derq7,ACTIVE,وليعصر جنوبی,3,False,https://cdn.snapp.express/media/cache/vendor_logo/uploads/images/vendors/logos/65d5988b898de.png,True,False,45,,7.6,VendorListItem
113330,سوپرمارکت سورنا 194 (کیانشهر),False,https://cdn.snapp.express/media/cache/vendor_item_cover/uploads/images/vendors/covers/65b6016a5fb54.jpg,0,70000,p6z7wo,ACTIVE,كيان شهر شمالی,8,False,https://cdn.snapp.express/media/cache/vendor_logo/uploads/images/vendors/logos/65b6016a44a74.png,True,False,45,,8.2,VendorListItem
109809,جانبو مسلم (همواره تخفیف),False,https://cdn.snapp.express/media/cache/vendor_item_cover/uploads/images/vendors/covers/61fbb1a5a795a.png,0,80000,0qlzgx,ACTIVE,نبرد,2,False,https://cdn.snapp.express/media/cache/vendor_logo/uploads/images/vendors/logos/66796885a66dd.jpg,True,False,45,,0.0,VendorListItem
105578,گندم افسریه جنوبی (همواره تخفیف),False,https://cdn.snapp.express/media/cache/vendor_item_cover/uploads/images/vendors/covers/6190a61546914.jpg,5324,80000,p6r1ro,ACTIVE,افسريه جنوبی,313,False,https://cdn.snapp.express/media/cache/vendor_logo/uploads/images/vendors/logos/64342b3a8d27d.png,True,False,45,,9.2,VendorListItem
114080,جانبو افسریه3(همواره تخفیف),False,https://cdn.snapp.express/media/cache/vendor_item_cover/uploads/images/vendors/covers/669fac9ecd819.png,0,80000,0ljg2j,ACTIVE,افسريه جنوبی,0,False,https://cdn.snapp.express/media/cache/vendor_logo/uploads/images/vendors/logos/669fac9ec8e2e.jpg,True,False,45,,0.0,VendorListItem
112485,گندم یافت آباد2 تهران (همواره تخفیف),False,https://cdn.snapp.express/media/cache/vendor_item_cover/uploads/images/vendors/covers/64bfd68f4b10a.jpg,0,80000,p8e4dy,ACTIVE,يافت آباد جنوبی,8,False,https://cdn.snapp.express/media/cache/vendor_logo/uploads/images/vendors/logos/64bfd68f43bff.png,True,False,45,,6.8,VendorListItem
110147,فروشگاه هفت سیدالشهدا(همواره تخفیف),False,https://cdn.snapp.express/media/cache/vendor_item_cover/uploads/images/vendors/covers/63f22e47dbd79.png,1212,100000,32qlxe,ACTIVE,شهيد رجایی,77,False,https://cdn.snapp.express/media/cache/vendor_logo/uploads/images/vendors/logos/6649af93ccf40.png,True,False,45,,8.8,VendorListItem
111038,وال مارکت نازی آباد (همواره تخفیف),False,https://cdn.snapp.express/media/cache/vendor_item_cover/uploads/images/vendors/covers/6321c838b177d.jpg,5823,100000,p4zlx5,ACTIVE,نازی آباد,375,False,https://cdn.snapp.express/media/cache/vendor_logo/uploads/images/vendors/logos/64342de96b47f.png,True,False,45,,8.0,VendorListItem
111127,فروشگاه هفت فلکه اول خزانه (همواره تخفیف),False,https://cdn.snapp.express/media/cache/vendor_item_cover/uploads/images/vendors/covers/63f22a6ccf54c.png,407,80000,3delj7,ACTIVE,خزانه,27,False,https://cdn.snapp.express/media/cache/vendor_logo/uploads/images/vendors/logos/6649ac09435d5.png,True,False,45,,8.6,VendorListItem
111146,فروشگاه هفت ولیعصر نامداری (همواره تخفیف),False,https://cdn.snapp.express/media/cache/vendor_item_cover/uploads/images/vendors/covers/63f229ed5d819.png,408,90000,p5z24j,ACTIVE,وليعصر جنوبی,37,False,https://cdn.snapp.express/media/cache/vendor_logo/uploads/images/vendors/logos/64342a4c8225c.png,True,False,45,,8.0,VendorListItem
109692,دیلی مارکت نازی آباد اکبری مشهدی (همواره تخفیف),False,https://cdn.snapp.express/media/cache/vendor_item_cover/uploads/images/vendors/covers/620cdef46b5e2.jpg,1138,100000,3k9y4k,ACTIVE,نازی آباد,45,False,https://cdn.snapp.express/media/cache/vendor_logo/uploads/images/vendors/logos/65b61e5c40588.jpg,True,False,45,,6.8,VendorListItem
112680,سوپرمارکت صدرا (خزانه),False,https://cdn.snapp.express/media/cache/vendor_item_cover/uploads/images/vendors/covers/65142717ae948.jpg,0,70000,0lj8rn,ACTIVE,خزانه,4,False,https://cdn.snapp.express/media/cache/vendor_logo/uploads/images/vendors/logos/65142717a7a50.png,True,False,45,,9.0,VendorListItem
111990,سوپرمارکت کلاسیک,False,https://cdn.snapp.express/media/cache/vendor_item_cover/uploads/images/vendors/covers/63c51743404be.jpg,0,70000,37rxm9,ACTIVE,نازی آباد,37,False,https://cdn.snapp.express/media/cache/vendor_logo/uploads/images/vendors/logos/default.png,True,False,45,,9.0,VendorListItem
113618,فروشگاه مهدی (شوینده بهداشتی),False,,0,100000,37rw9x,ACTIVE,كيان شهر شمالی,0,False,https://cdn.snapp.express/media/cache/vendor_logo/uploads/images/vendors/logos/65eff85cf295e.jpg,True,False,45,,0.0,VendorListItem
109684,دیلی مارکت عبدل آباد (همواره تخفیف),False,https://cdn.snapp.express/media/cache/vendor_item_cover/uploads/images/vendors/covers/61e9564c6cfc9.jpg,1412,100000,po6l1o,ACTIVE,شريعتی شمالی,114,False,https://cdn.snapp.express/media/cache/vendor_logo/uploads/images/vendors/logos/65b61e8368d72.jpg,True,False,45,,8.8,VendorListItem
81377,جانبو عبدل آباد (همواره تخفیف),False,https://cdn.snapp.express/media/cache/vendor_item_cover/uploads/images/vendors/covers/66ae13b22201f.png,1724,80000,pv1dev,ACTIVE,شريعتی شمالی,105,False,https://cdn.snapp.express/media/cache/vendor_logo/uploads/images/vendors/logos/66ae13b21f1ec.jpg,True,False,45,,7.96,VendorListItem
109815,سوپرمارکت یاران دریان مداین نازی آباد,False,https://cdn.snapp.express/media/cache/vendor_item_cover/uploads/images/vendors/covers/61fe2f26cdd3b.jpg,1177,70000,0nvm22,ACTIVE,نازی آباد,106,False,https://cdn.snapp.express/media/cache/vendor_logo/uploads/images/vendors/logos/64342e475771d.png,True,False,45,,8.4,VendorListItem
113614,فروشگاه آسمان(شوینده بهداشتی),False,,0,180000,p4z77n,ACTIVE,خزانه,1,False,https://cdn.snapp.express/media/cache/vendor_logo/uploads/images/vendors/logos/65edc80aabb8d.jpg,True,False,45,,8.0,VendorListItem
110936,دیلی مارکت کیانشهر (همواره تخفیف),False,https://cdn.snapp.express/media/cache/vendor_item_cover/uploads/images/vendors/covers/63170904edf59.jpg,349,100000,pojq7j,ACTIVE,كيان شهر جنوبی,18,False,https://cdn.snapp.express/media/cache/vendor_logo/uploads/images/vendors/logos/65b60ed603126.jpg,True,False,45,,6.2,VendorListItem
112353,گندم مسعودیه(همواره تخفیف),False,https://cdn.snapp.express/media/cache/vendor_item_cover/uploads/images/vendors/covers/649949b133f9d.png,0,80000,pvqgx5,ACTIVE,مسعوديه,5,False,https://cdn.snapp.express/media/cache/vendor_logo/uploads/images/vendors/logos/649949b12b8cf.png,True,False,45,,7.6,VendorListItem
56248,سوپرمارکت علیزاده (سهیل شمالی),False,https://cdn.snapp.express/media/cache/vendor_item_cover/uploads/images/vendors/covers/60a63e3e70101.jpg,14285,70000,0wzdmv,ACTIVE,نعمت آباد,1019,False,https://cdn.snapp.express/media/cache/vendor_logo/uploads/images/vendors/logos/default.png,True,False,45,,7.6,VendorListItem
113472,مینو مارت خانی آباد (همواره تخفیف),False,https://cdn.snapp.express/media/cache/vendor_item_cover/uploads/images/vendors/covers/65d2215e907e4.jpg,0,80000,0wq155,ACTIVE,شریعتی جنوبی,1,False,https://cdn.snapp.express/media/cache/vendor_logo/uploads/images/vendors/logos/65d2215e522c2.jpg,True,False,45,,8.8,VendorListItem
111133,فروشگاه هفت شهرک بعثت خزانه (همواره تخفیف),False,https://cdn.snapp.express/media/cache/vendor_item_cover/uploads/images/vendors/covers/63f22a5b761a4.png,211,80000,0q1oz9,ACTIVE,شهرک بعثت,20,False,https://cdn.snapp.express/media/cache/vendor_logo/uploads/images/vendors/logos/64342a4c8225c.png,True,False,45,,8.4,VendorListItem
113664,فروشگاه هفت فلاح خانی آباد (همواره تخفیف),False,https://cdn.snapp.express/media/cache/vendor_item_cover/uploads/images/vendors/covers/65f7f7afa16da.jpeg,0,85000,3xwrwy,ACTIVE,خانی آباد شمالی,3,False,https://cdn.snapp.express/media/cache/vendor_logo/uploads/images/vendors/logos/65f7f7af79e68.jfif,True,False,45,,8.2,VendorListItem
69386,هایپراستار مشیریه (همواره تخفیف),False,https://cdn.snapp.express/media/cache/vendor_item_cover/uploads/images/vendors/covers/604dddfd2fdc2.jpg,9550,85000,p47ler,ACTIVE,مشيريه,603,False,https://cdn.snapp.express/media/cache/vendor_logo/uploads/images/vendors/logos/64342c5ac47df.png,True,False,45,,8.2,VendorListItem
110797,سوپرمارکت داریوش (علی آباد),False,https://cdn.snapp.express/media/cache/vendor_item_cover/uploads/images/vendors/covers/62b97c74e3129.jpg,842,70000,0gklkx,ACTIVE,تختی,106,False,https://cdn.snapp.express/media/cache/vendor_logo/uploads/images/vendors/logos/default.png,True,False,45,,8.4,VendorListItem
113026,فروشگاه هفت مسعودیه (همواره تخفیف),False,https://cdn.snapp.express/media/cache/vendor_item_cover/uploads/images/vendors/covers/656436c745495.png,0,80000,09e79q,ACTIVE,مسعوديه,8,False,https://cdn.snapp.express/media/cache/vendor_logo/uploads/images/vendors/logos/656436c73a65e.png,True,False,45,,8.6,VendorListItem
112405,سوپرمارکت برزگر (یاخچی آباد),False,https://cdn.snapp.express/media/cache/vendor_item_cover/uploads/images/vendors/covers/64a40d668486c.jpg,0,70000,pvqggm,ACTIVE,ياخچی آباد,12,False,https://cdn.snapp.express/media/cache/vendor_logo/uploads/images/vendors/logos/None,True,False,45,,9.0,VendorListItem
109735,جانبو مهرگان (همواره تخفیف),False,https://cdn.snapp.express/media/cache/vendor_item_cover/uploads/images/vendors/covers/61f2a1404d142.png,0,80000,0ror2o,ACTIVE,دولت آباد,1,False,https://cdn.snapp.express/media/cache/vendor_logo/uploads/images/vendors/logos/66a0fbadd6951.jpg,True,False,45,,0.0,VendorListItem
111770,سوپرمارکت لبخند مارکت (دولت آباد),False,https://cdn.snapp.express/media/cache/vendor_item_cover/uploads/images/vendors/covers/6378920daed07.jpg,450,70000,p5zjoj,ACTIVE,دولت آباد,83,False,https://cdn.snapp.express/media/cache/vendor_logo/uploads/images/vendors/logos/6378920daa399.jpg,True,False,45,,9.0,VendorListItem
111121,فروشگاه هفت دولت اباد (همواره تخفیف),False,https://cdn.snapp.express/media/cache/vendor_item_cover/uploads/images/vendors/covers/63f22aafd4b91.png,424,80000,31zvo2,ACTIVE,دولت آباد,46,False,https://cdn.snapp.express/media/cache/vendor_logo/uploads/images/vendors/logos/64342a4c8225c.png,True,False,45,,9.0,VendorListItem
113459,سوپرمارکت کاکتوس (شهر ری),False,https://cdn.snapp.express/media/cache/vendor_item_cover/uploads/images/vendors/covers/65d1df14c4e4f.jpg,0,70000,0rqx18,ACTIVE,دولت آباد,2,False,https://cdn.snapp.express/media/cache/vendor_logo/uploads/images/vendors/logos/65d1df1496999.png,True,False,45,,7.8,VendorListItem
110931,دیلی مارکت خیابان میعاد (همواره تخفیف),False,https://cdn.snapp.express/media/cache/vendor_item_cover/uploads/images/vendors/covers/63170886a4312.jpg,325,90000,0mjl7z,ACTIVE,خانی آباد جنوبی,32,False,https://cdn.snapp.express/media/cache/vendor_logo/uploads/images/vendors/logos/65b62336e402c.jpg,True,False,45,,8.01,VendorListItem
113423,فروشگاه هفت صالحی مشیریه( همواره تخفیف),False,https://cdn.snapp.express/media/cache/vendor_item_cover/uploads/images/vendors/covers/65cc8c79bbf3e.jpeg,0,80000,32zrjl,ACTIVE,مشيريه,6,False,https://cdn.snapp.express/media/cache/vendor_logo/uploads/images/vendors/logos/65cc8c79b89a4.jfif,True,False,45,,9.0,VendorListItem
112818,دیلی مارکت چهاردانگه گلشهر (همواره تخفیف),False,https://cdn.snapp.express/media/cache/vendor_item_cover/uploads/images/vendors/covers/653515fee0049.jpg,0,100000,37ryqg,ACTIVE,قاسم آباد خشک,0,False,https://cdn.snapp.express/media/cache/vendor_logo/uploads/images/vendors/logos/653515feda7ec.jpg,True,False,45,,7.2,VendorListItem
112599,گندم دولت اباد تهران (همواره تخفیف),False,https://cdn.snapp.express/media/cache/vendor_item_cover/uploads/images/vendors/covers/64ef2777c69a4.jpg,0,80000,3degwd,ACTIVE,شهادت,4,False,https://cdn.snapp.express/media/cache/vendor_logo/uploads/images/vendors/logos/64ef2777bc641.png,True,False,45,,8.2,VendorListItem
113027,فروشگاه هفت غیوری شهرری (همواره تخفیف),False,https://cdn.snapp.express/media/cache/vendor_item_cover/uploads/images/vendors/covers/65643f34e0a8e.png,0,80000,3demrw,ACTIVE,صفاییه,8,False,https://cdn.snapp.express/media/cache/vendor_logo/uploads/images/vendors/logos/65643f34da4a2.png,True,False,45,,9.0,VendorListItem
109792,جانبو غیوری (همواره تخفیف),False,https://cdn.snapp.express/media/cache/vendor_item_cover/uploads/images/vendors/covers/64342aba3b5f9.png,2095,80000,3k9y1q,ACTIVE,منصوریه منگل,143,False,https://cdn.snapp.express/media/cache/vendor_logo/uploads/images/vendors/logos/64342aba32ce7.png,True,False,45,,8.6,VendorListItem
112817,دیلی مارکت بلوار فارسیان چهاردانگه (همواره تخفیف),False,https://cdn.snapp.express/media/cache/vendor_item_cover/uploads/images/vendors/covers/653511bda9534.jpg,0,100000,3ee9nv,ACTIVE,چهاردانگه,0,False,https://cdn.snapp.express/media/cache/vendor_logo/uploads/images/vendors/logos/653511bda2a66.jpg,True,False,45,,9.0,VendorListItem
113635,فروشگاه قارونی (شوینده بهداشتی),False,,0,180000,0rqyez,ACTIVE,ديلمان,0,False,https://cdn.snapp.express/media/cache/vendor_logo/uploads/images/vendors/logos/65f1936ebee83.jpg,True,False,30,,9.4,VendorListItem
73135,سوپرمارکت ام بی (شهرری),False,https://cdn.snapp.express/media/cache/vendor_item_cover/uploads/images/vendors/covers/60a608168d122.jpg,5949,70000,0rye1o,ACTIVE,فيروز آبادی,445,False,https://cdn.snapp.express/media/cache/vendor_logo/uploads/images/vendors/logos/default.png,True,False,45,,9.2,VendorListItem
55712,سوپرمارکت سورنا 408 (شهرری),False,https://cdn.snapp.express/media/cache/vendor_item_cover/uploads/images/vendors/covers/6226066648486.jpg,23260,70000,pooq2j,ACTIVE,اقدسيه,1216,False,https://cdn.snapp.express/media/cache/vendor_logo/uploads/images/vendors/logos/default.png,True,False,45,,8.8,VendorListItem
109714,سوپرمارکت مهدی (میدان شاه عبدالعظیم),False,https://cdn.snapp.express/media/cache/vendor_item_cover/uploads/images/vendors/covers/61efd7d28dda2.jpg,5889,70000,p4qney,ACTIVE,اقدسيه,315,False,https://cdn.snapp.express/media/cache/vendor_logo/uploads/images/vendors/logos/default.png,True,False,45,,9.4,VendorListItem
112311,سوپرمارکت مهران مارکت (شهر ری),False,https://cdn.snapp.express/media/cache/vendor_item_cover/uploads/images/vendors/covers/648d9c1c9906d.jpg,0,70000,0rqj19,ACTIVE,فيروز آبادی,103,False,https://cdn.snapp.express/media/cache/vendor_logo/uploads/images/vendors/logos/648d9c1c91790.png,True,False,30,,9.0,VendorListItem
113637,فروشگاه هفت رازی شهر ری (همواره تخفیف),False,https://cdn.snapp.express/media/cache/vendor_item_cover/uploads/images/vendors/covers/65f54c81bf752.png,0,80000,p8egdy,ACTIVE,اقدسيه,4,False,https://cdn.snapp.express/media/cache/vendor_logo/uploads/images/vendors/logos/65f54c81928cd.png,True,False,45,,8.6,VendorListItem
109941,فروشگاه هفت شهرری 2 (همواره تخفیف),False,https://cdn.snapp.express/media/cache/vendor_item_cover/uploads/images/vendors/covers/63f22e67495b8.png,1460,80000,3ezknm,ACTIVE,اقدسيه,102,False,https://cdn.snapp.express/media/cache/vendor_logo/uploads/images/vendors/logos/64342a4c8225c.png,True,False,45,,8.8,VendorListItem
113792,سوپرمارکت سورنا 61,False,,0,70000,3kj7xj,ACTIVE,نفر آباد-هاشم آباد,3,False,https://cdn.snapp.express/media/cache/vendor_logo/uploads/images/vendors/logos/662fad1934f19.png,True,False,45,,7.6,VendorListItem
72329,هایپراستار ارومیه(همواره تخفیف),False,https://cdn.snapp.express/media/cache/vendor_item_cover/uploads/images/vendors/covers/6097fd0910fc6.jpg,7215,90000,pv11mv,ACTIVE,جانویسلو,540,False,https://cdn.snapp.express/media/cache/vendor_logo/uploads/images/vendors/logos/64342c5ac47df.png,True,False,30,,8.8,VendorListItem
112212,سوپرمارکت آذربایجان,False,https://cdn.snapp.express/media/cache/vendor_item_cover/uploads/images/vendors/covers/646b38d58f9b1.jpg,0,75000,pojzmk,ACTIVE,شهرک بیت المقدس,39,False,https://cdn.snapp.express/media/cache/vendor_logo/uploads/images/vendors/logos/646b38d58641c.png,True,False,30,,8.8,VendorListItem
66313,سوپرمارکت رفیعی,False,https://cdn.snapp.express/media/cache/vendor_item_cover/uploads/images/vendors/covers/60ab55988c85a.jpg,20771,75000,p87q45,ACTIVE,شهرک حصار داغ باقی,1914,False,https://cdn.snapp.express/media/cache/vendor_logo/uploads/images/vendors/logos/default.png,True,False,30,,8.4,VendorListItem
111821,دیلی مارکت رودکی ارومیه (همواره تخفیف),False,https://cdn.snapp.express/media/cache/vendor_item_cover/uploads/images/vendors/covers/6385da87959b3.jpg,150,100000,31zml4,ACTIVE,شهرک بیت المقدس,32,False,https://cdn.snapp.express/media/cache/vendor_logo/uploads/images/vendors/logos/65b61f76507eb.jpg,True,False,30,,9.4,VendorListItem
66429,سوپرمارکت کویین,False,https://cdn.snapp.express/media/cache/vendor_item_cover/uploads/images/vendors/covers/60ab52f31817f.jpg,5502,85000,pvj4ld,ACTIVE,دادگستری,391,False,https://cdn.snapp.express/media/cache/vendor_logo/uploads/images/vendors/logos/default.png,True,False,30,,8.6,VendorListItem
113858,سوپرمارکت اسپیناس,False,,0,70000,pz9kle,ACTIVE,مولوی,0,False,https://cdn.snapp.express/media/cache/vendor_logo/uploads/images/vendors/logos/664a058d9f035.png,False,True,30,,0.0,VendorListItem
110913,دیلی مارکت براعتی ارومیه(همواره تخفیف),False,https://cdn.snapp.express/media/cache/vendor_item_cover/uploads/images/vendors/covers/62cd64ea2b8d3.jpg,443,200000,p8ex2m,ACTIVE,صدا و سیما,71,False,https://cdn.snapp.express/media/cache/vendor_logo/uploads/images/vendors/logos/65b61f6a12839.jpg,True,False,30,,9.2,VendorListItem
109561,جانبو نبوت (همواره تخفیف),False,https://cdn.snapp.express/media/cache/vendor_item_cover/uploads/images/vendors/covers/61cf360a045f2.png,1072,200000,p8ojg5,ACTIVE,صدا و سیما,87,False,https://cdn.snapp.express/media/cache/vendor_logo/uploads/images/vendors/logos/64342aba32ce7.png,True,False,30,,9.8,VendorListItem
67193,سوپرمارکت باران,False,https://cdn.snapp.express/media/cache/vendor_item_cover/uploads/images/vendors/covers/60ab557d5342f.jpg,5461,85000,31xd5y,ACTIVE,FIXME,510,False,https://cdn.snapp.express/media/cache/vendor_logo/uploads/images/vendors/logos/668e6c187be09.jpg,True,False,30,,8.6,VendorListItem
107633,گندم براعتی (همواره تخفیف),False,https://cdn.snapp.express/media/cache/vendor_item_cover/uploads/images/vendors/covers/6198da58b6d09.jpg,1071,80000,0qlvmw,ACTIVE,صدا و سیما,76,False,https://cdn.snapp.express/media/cache/vendor_logo/uploads/images/vendors/logos/64342b3a8d27d.png,True,False,30,,8.6,VendorListItem
109974,جانبو آبیاری ارومیه (همواره تخفیف),False,https://cdn.snapp.express/media/cache/vendor_item_cover/uploads/images/vendors/covers/620cb387c5ebb.png,765,200000,09jkky,ACTIVE,فرهنگیان,30,False,https://cdn.snapp.express/media/cache/vendor_logo/uploads/images/vendors/logos/6603db6f33de4.jpg,True,False,30,,8.2,VendorListItem
66685,سوپرمارکت 711,False,https://cdn.snapp.express/media/cache/vendor_item_cover/uploads/images/vendors/covers/60ab51876836f.jpg,13482,85000,p87q92,ACTIVE,رسالت,1552,False,https://cdn.snapp.express/media/cache/vendor_logo/uploads/images/vendors/logos/default.png,True,False,30,,8.8,VendorListItem
91067,جانبو ارغوان ارومیه (همواره تخفیف),False,https://cdn.snapp.express/media/cache/vendor_item_cover/uploads/images/vendors/covers/6603dae54367f.png,1723,200000,0j21n6,ACTIVE,فرهنگ,132,False,https://cdn.snapp.express/media/cache/vendor_logo/uploads/images/vendors/logos/6603dae51ea75.jpg,True,False,30,,9.2,VendorListItem
112376,سوپرمارکت شوک مارکت,False,https://cdn.snapp.express/media/cache/vendor_item_cover/uploads/images/vendors/covers/6499932a55b48.jpg,0,85000,0ygvkg,ACTIVE,رسالت,1,False,https://cdn.snapp.express/media/cache/vendor_logo/uploads/images/vendors/logos/6499932a4f1e9.png,True,False,30,,9.2,VendorListItem
111733,وال مارکت ارومیه (همواره تخفیف),False,https://cdn.snapp.express/media/cache/vendor_item_cover/uploads/images/vendors/covers/6374f64b4d32b.jpg,621,90000,0q1yj9,ACTIVE,شهرک آزادی,90,False,https://cdn.snapp.express/media/cache/vendor_logo/uploads/images/vendors/logos/64342de96b47f.png,True,False,30,,8.4,VendorListItem
109975,جانبو ساحلی ارومیه (همواره تخفیف),False,https://cdn.snapp.express/media/cache/vendor_item_cover/uploads/images/vendors/covers/620cb5e9a8781.png,448,200000,3d7jj7,ACTIVE,رسالت,42,False,https://cdn.snapp.express/media/cache/vendor_logo/uploads/images/vendors/logos/66431d832055d.jpg,True,False,30,,7.8,VendorListItem
110722,دیلی مارکت خیابان پرواز(همواره تخفیف),False,https://cdn.snapp.express/media/cache/vendor_item_cover/uploads/images/vendors/covers/62b04b691a1d7.jpg,660,150000,p5z25v,ACTIVE,رسالت,54,False,https://cdn.snapp.express/media/cache/vendor_logo/uploads/images/vendors/logos/65b61f3f498ff.jpg,True,False,30,,9.4,VendorListItem
111797,دیلی مارکت شهرک فرهنگیان ارومیه (همواره تخفیف),False,https://cdn.snapp.express/media/cache/vendor_item_cover/uploads/images/vendors/covers/6384ab3316c4e.jpg,114,100000,0gkoor,ACTIVE,FIXME,15,False,https://cdn.snapp.express/media/cache/vendor_logo/uploads/images/vendors/logos/65b623915772e.jpg,True,False,30,,9.8,VendorListItem
112227,دیلی مارکت خیابان یاسر ارومیه (همواره تخفیف),False,https://cdn.snapp.express/media/cache/vendor_item_cover/uploads/images/vendors/covers/649c43434e634.jpg,0,200000,3de54g,ACTIVE,شهرک آزادی,5,False,https://cdn.snapp.express/media/cache/vendor_logo/uploads/images/vendors/logos/65b61f219abff.jpg,True,False,30,,9.0,VendorListItem
112229,دیلی مارکت خیابان ذاکر ارومیه(همواره تخفیف),False,https://cdn.snapp.express/media/cache/vendor_item_cover/uploads/images/vendors/covers/649c4243d0b60.jpg,0,150000,pvqro1,ACTIVE,فرهنگیان,4,False,https://cdn.snapp.express/media/cache/vendor_logo/uploads/images/vendors/logos/65b61f2ed85aa.jpg,True,False,30,,9.0,VendorListItem
91072,جانبو مدرس ارومیه(همواره تخفیف),False,https://cdn.snapp.express/media/cache/vendor_item_cover/uploads/images/vendors/covers/6141825a18373.png,4010,200000,0w47ev,ACTIVE,مدرس,261,False,https://cdn.snapp.express/media/cache/vendor_logo/uploads/images/vendors/logos/64342aba32ce7.png,True,False,30,,8.8,VendorListItem
113424,سوپرمارکت مین برکت برادران شیری,False,https://cdn.snapp.express/media/cache/vendor_item_cover/uploads/images/vendors/covers/65cc91388c4df.jpg,0,70000,0wqzx5,ACTIVE,صمدزاده,0,False,https://cdn.snapp.express/media/cache/vendor_logo/uploads/images/vendors/logos/65cc913877eaa.png,True,False,30,,0.0,VendorListItem
90968,جانبو همت پور ارومیه (همواره تخفیف),False,https://cdn.snapp.express/media/cache/vendor_item_cover/uploads/images/vendors/covers/6603db356c76e.png,3034,200000,3kwxyj,ACTIVE,جمهوری,153,False,https://cdn.snapp.express/media/cache/vendor_logo/uploads/images/vendors/logos/6603db35454cd.jpg,True,False,30,,9.2,VendorListItem
113552,سوپرمارکت وحدت,False,https://cdn.snapp.express/media/cache/vendor_item_cover/uploads/images/vendors/covers/65e32617baab9.jpg,0,70000,0ygjvg,ACTIVE,عمار,4,False,https://cdn.snapp.express/media/cache/vendor_logo/uploads/images/vendors/logos/65e3261793f1f.png,True,False,30,,9.2,VendorListItem
110720,دیلی مارکت خیابان سرداران(همواره تخفیف),False,https://cdn.snapp.express/media/cache/vendor_item_cover/uploads/images/vendors/covers/62b0395558e1e.jpg,970,150000,3kjn7j,ACTIVE,مدنی,54,False,https://cdn.snapp.express/media/cache/vendor_logo/uploads/images/vendors/logos/65b61f101d28d.jpg,True,False,30,,9.2,VendorListItem
110634,دیلی مارکت همافر ارومیه(همواره تخفیف),False,https://cdn.snapp.express/media/cache/vendor_item_cover/uploads/images/vendors/covers/629da795a3bd6.jpg,536,150000,pz96n2,ACTIVE,FIXME,48,False,https://cdn.snapp.express/media/cache/vendor_logo/uploads/images/vendors/logos/643518a8b05c5.png,True,False,30,,9.4,VendorListItem
111364,گندم خاقانی ارومیه (همواره تخفیف),False,https://cdn.snapp.express/media/cache/vendor_item_cover/uploads/images/vendors/covers/63037bf657515.jpg,480,80000,3xwdw2,ACTIVE,خاقانی,24,False,https://cdn.snapp.express/media/cache/vendor_logo/uploads/images/vendors/logos/64342b3a8d27d.png,True,False,30,,8.25,VendorListItem
109976,جانبو پرنیان ارومیه (همواره تخفیف),False,https://cdn.snapp.express/media/cache/vendor_item_cover/uploads/images/vendors/covers/620cb81fd916b.png,685,200000,0y977g,ACTIVE,شهید کوهنورد,25,False,https://cdn.snapp.express/media/cache/vendor_logo/uploads/images/vendors/logos/66714d4f60834.jpg,True,False,30,,8.2,VendorListItem
112231,دیلی مارکت اسلام آباد ارومیه (همواره تخفیف),False,https://cdn.snapp.express/media/cache/vendor_item_cover/uploads/images/vendors/covers/649c414a3b7bb.jpg,0,150000,0mjwdy,ACTIVE,محمد پور,4,False,https://cdn.snapp.express/media/cache/vendor_logo/uploads/images/vendors/logos/65b61f5b9c868.jpg,True,False,30,,9.2,VendorListItem
112228,دیلی مارکت خیابان کوهنورد ارومیه (همواره تخفیف),False,https://cdn.snapp.express/media/cache/vendor_item_cover/uploads/images/vendors/covers/649c42f7e9b1f.jpg,0,200000,0ygknr,ACTIVE,FIXME,2,False,https://cdn.snapp.express/media/cache/vendor_logo/uploads/images/vendors/logos/65b61f4ead3c7.jpg,True,False,30,,8.6,VendorListItem
113569,فروشگاه هفت مهرآوران یزد (همواره تخفیف),False,https://cdn.snapp.express/media/cache/vendor_item_cover/uploads/images/vendors/covers/65e6da3248dfc.jpeg,0,80000,31z4x2,ACTIVE,دفاع مقدس,3,False,https://cdn.snapp.express/media/cache/vendor_logo/uploads/images/vendors/logos/65e6da3230ac1.jfif,True,False,30,,9.4,VendorListItem
114207,سوپرمارکت لادن,False,,0,70000,0mj99o,ACTIVE,دفاع مقدس,0,False,https://cdn.snapp.express/media/cache/vendor_logo/uploads/images/vendors/logos/66b886f72d106.png,True,False,30,,0.0,VendorListItem
113164,سوپرمارکت ترنج,False,https://cdn.snapp.express/media/cache/vendor_item_cover/uploads/images/vendors/covers/658a9ec64a22b.jpg,0,70000,3xw282,ACTIVE,حمیدیا,0,False,https://cdn.snapp.express/media/cache/vendor_logo/uploads/images/vendors/logos/658a9ec644d86.png,True,False,30,,8.0,VendorListItem
113116,فروشگاه هفت پاسداران یزد (همواره تخفیف),False,https://cdn.snapp.express/media/cache/vendor_item_cover/uploads/images/vendors/covers/658199c4beef0.png,0,80000,3xw2n2,ACTIVE,پاسداران,0,False,https://cdn.snapp.express/media/cache/vendor_logo/uploads/images/vendors/logos/658199c4b8043.png,True,False,30,,7.8,VendorListItem
70567,سوپرمارکت مسجد,False,https://cdn.snapp.express/media/cache/vendor_item_cover/uploads/images/vendors/covers/60a511779bc8a.jpg,16520,70000,0jmnkg,ACTIVE,صفائیه,811,False,https://cdn.snapp.express/media/cache/vendor_logo/uploads/images/vendors/logos/default.png,True,False,30,,9.2,VendorListItem
109965,فروشگاه هفت صفاییه (همواره تخفیف),False,https://cdn.snapp.express/media/cache/vendor_item_cover/uploads/images/vendors/covers/620b9db18baf2.jfif,2777,80000,3ezkmm,ACTIVE,صفائیه,131,False,https://cdn.snapp.express/media/cache/vendor_logo/uploads/images/vendors/logos/6664086d24e2f.jfif,True,False,30,,8.6,VendorListItem
113372,سوپرمارکت آنلاین,False,https://cdn.snapp.express/media/cache/vendor_item_cover/uploads/images/vendors/covers/65bf5a56dee56.jpg,0,70000,0wqzn8,ACTIVE,صفائیه,2,False,https://cdn.snapp.express/media/cache/vendor_logo/uploads/images/vendors/logos/65bf5a56bfe27.png,True,False,30,,7.0,VendorListItem
113843,سوپرمارکت شالیز,False,,0,70000,0jjmq6,ACTIVE,صفائیه,1,False,https://cdn.snapp.express/media/cache/vendor_logo/uploads/images/vendors/logos/664467666566f.png,True,False,30,,0.0,VendorListItem
103334,سوپرمارکت ماهور,False,https://cdn.snapp.express/media/cache/vendor_item_cover/uploads/images/vendors/covers/61878cf9a3487.jpg,1782,85000,pzd5gw,ACTIVE,فضیلت,102,False,https://cdn.snapp.express/media/cache/vendor_logo/uploads/images/vendors/logos/default.png,True,False,30,,8.4,VendorListItem
112429,سوپرمارکت طلا,False,https://cdn.snapp.express/media/cache/vendor_item_cover/uploads/images/vendors/covers/64aaa6ddcadca.jpg,0,85000,pvqgjm,ACTIVE,فضیلت,4,False,https://cdn.snapp.express/media/cache/vendor_logo/uploads/images/vendors/logos/64aaa6ddc3335.png,True,False,30,,6.4,VendorListItem
113362,هایپراستار یزد (همواره تخفیف),False,https://cdn.snapp.express/media/cache/vendor_item_cover/uploads/images/vendors/covers/65be0b8d3f129.jpg,0,100000,p4z2vy,ACTIVE,آزادشهر,19,False,https://cdn.snapp.express/media/cache/vendor_logo/uploads/images/vendors/logos/65be0b8d27e7e.png,True,False,30,,8.6,VendorListItem
70980,سوپرمارکت ماه عسل,False,https://cdn.snapp.express/media/cache/vendor_item_cover/uploads/images/vendors/covers/60ab491146e9f.jpg,8919,85000,0lm8mk,ACTIVE,آبشاهی,538,False,https://cdn.snapp.express/media/cache/vendor_logo/uploads/images/vendors/logos/default.png,True,False,30,,8.8,VendorListItem
113058,فروشگاه هفت میدان امیرکبیر یزد (همواره تخفیف),False,https://cdn.snapp.express/media/cache/vendor_item_cover/uploads/images/vendors/covers/65756d82c0f6f.png,0,80000,pz9812,ACTIVE,آزادشهر,1,False,https://cdn.snapp.express/media/cache/vendor_logo/uploads/images/vendors/logos/65756d82bc6ac.png,True,False,30,,8.6,VendorListItem
110684,فروشگاه هفت سلمان فارسی (همواره تخفیف),False,https://cdn.snapp.express/media/cache/vendor_item_cover/uploads/images/vendors/covers/629f29598b773.jfif,1308,80000,pojqrv,ACTIVE,سلمان فارسی,70,False,https://cdn.snapp.express/media/cache/vendor_logo/uploads/images/vendors/logos/64342a4c8225c.png,True,False,30,,8.8,VendorListItem
110685,فروشگاه هفت بیگی (همواره تخفیف),False,https://cdn.snapp.express/media/cache/vendor_item_cover/uploads/images/vendors/covers/629f41228e185.jfif,1330,80000,p8ex4y,ACTIVE,اهرستان,80,False,https://cdn.snapp.express/media/cache/vendor_logo/uploads/images/vendors/logos/64342a4c8225c.png,True,False,30,,8.6,VendorListItem
110826,فروشگاه هفت میدان ازادی یزد (همواره تخفیف),False,https://cdn.snapp.express/media/cache/vendor_item_cover/uploads/images/vendors/covers/62c5561aa205d.jfif,830,80000,09exld,ACTIVE,پشت باغ,66,False,https://cdn.snapp.express/media/cache/vendor_logo/uploads/images/vendors/logos/64342a4c8225c.png,True,False,30,,8.6,VendorListItem
109893,سوپرمارکت پازل,False,https://cdn.snapp.express/media/cache/vendor_item_cover/uploads/images/vendors/covers/620763f4e600b.jpg,1630,85000,31qo87,ACTIVE,اکرم آباد,83,False,https://cdn.snapp.express/media/cache/vendor_logo/uploads/images/vendors/logos/default.png,True,False,30,,8.6,VendorListItem
112696,سوپرمارکت معین,False,https://cdn.snapp.express/media/cache/vendor_item_cover/uploads/images/vendors/covers/651a70e243dc6.jpg,0,70000,0wq9mv,ACTIVE,کوچه بیوک,3,False,https://cdn.snapp.express/media/cache/vendor_logo/uploads/images/vendors/logos/651a70e23a6d4.png,True,False,30,,8.4,VendorListItem
112463,فروشگاه هفت خرمشهر یزد(همواره تخفیف),False,https://cdn.snapp.express/media/cache/vendor_item_cover/uploads/images/vendors/covers/64b7adcae8b8c.png,0,80000,0njrw8,ACTIVE,FIXME,10,False,https://cdn.snapp.express/media/cache/vendor_logo/uploads/images/vendors/logos/64b7adcae191b.png,True,False,30,,8.0,VendorListItem
110827,فروشگاه هفت امام شهر یزد(همواره تخفیف),False,https://cdn.snapp.express/media/cache/vendor_item_cover/uploads/images/vendors/covers/62c553772e983.jfif,279,80000,3delon,ACTIVE,آرمان شهر,19,False,https://cdn.snapp.express/media/cache/vendor_logo/uploads/images/vendors/logos/6651cb7d877e9.png,True,False,30,,9.4,VendorListItem
109890,جانبو نواب یزد(همواره تخفیف),False,https://cdn.snapp.express/media/cache/vendor_item_cover/uploads/images/vendors/covers/6204fdaacaa02.png,671,110000,37o2gg,ACTIVE,سیدگلسرخ,29,False,https://cdn.snapp.express/media/cache/vendor_logo/uploads/images/vendors/logos/64342aba32ce7.png,True,False,30,,8.2,VendorListItem
111547,فروشگاه هفت شاهدیه یزد(همواره تخفیف),False,https://cdn.snapp.express/media/cache/vendor_item_cover/uploads/images/vendors/covers/631ebbee51c45.jpeg,16,110000,32z75d,ACTIVE,شاهدیه,0,False,https://cdn.snapp.express/media/cache/vendor_logo/uploads/images/vendors/logos/64342a4c8225c.png,True,False,30,,3.5,VendorListItem
112831,سوپرمارکت لبخند,False,https://cdn.snapp.express/media/cache/vendor_item_cover/uploads/images/vendors/covers/653d0f5f823eb.jpg,0,70000,0mjzny,ACTIVE,شهرک اندیشه,11,False,https://cdn.snapp.express/media/cache/vendor_logo/uploads/images/vendors/logos/653d0f5f7d875.png,True,False,30,,7.6,VendorListItem
114139,فروشگاه هفت انصاریه زنجان (همواره تخفیف),False,https://cdn.snapp.express/media/cache/vendor_item_cover/uploads/images/vendors/covers/66aa3da99ec02.jpeg,0,80000,0njdr6,ACTIVE,شهرک انصاریه,0,False,https://cdn.snapp.express/media/cache/vendor_logo/uploads/images/vendors/logos/66aa3da99b879.jfif,True,False,30,,0.0,VendorListItem
112284,فروشگاه هفت چهارراه سعدی زنجان (همواره تخفیف),False,https://cdn.snapp.express/media/cache/vendor_item_cover/uploads/images/vendors/covers/64e0b3d811149.png,0,80000,pojzlk,ACTIVE,شهرک شهید رجایی,4,False,https://cdn.snapp.express/media/cache/vendor_logo/uploads/images/vendors/logos/64e0b3d806864.png,True,False,30,,5.8,VendorListItem
